{
  "species": "cobblemon:charmander",
  "order": 2,
  "variations": [
    {
      "aspects": ["shiny", "radiant-radiant"],
      "texture": "cobblemon:textures/pokemon/0004_charmander/charmander_radiant.png",
      "layers": [
        {
          "name": "flame",
          "texture": {
            "frames": [
              "cobblemon:textures/pokemon/0004_charmander/charmander_flame1_radiant.png",
              "cobblemon:textures/pokemon/0004_charmander/charmander_flame2_radiant.png",
              "cobblemon:textures/pokemon/0004_charmander/charmander_flame3_radiant.png",
              "cobblemon:textures/pokemon/0004_charmander/charmander_flame4_radiant.png"
            ],
            "fps": 10,
            "loop": true
          },
          "emissive": true,
          "translucent": true
        }
      ]
    }
    ]
    }