{
    "replace": false,
    "values": [
        {
            "id": "cobblemonraiddens:abomasnow_stellar",
            "required": false
        },
        {
            "id": "cobblemonraiddens:abomasnow_terabug",
            "required": false
        },
        {
            "id": "cobblemonraiddens:abomasnow_teradark",
            "required": false
        },
        {
            "id": "cobblemonraiddens:abomasnow_teradragon",
            "required": false
        },
        {
            "id": "cobblemonraiddens:abomasnow_teraelectric",
            "required": false
        },
        {
            "id": "cobblemonraiddens:abomasnow_terafairy",
            "required": false
        },
        {
            "id": "cobblemonraiddens:abomasnow_terafighting",
            "required": false
        },
        {
            "id": "cobblemonraiddens:abomasnow_terafire",
            "required": false
        },
        {
            "id": "cobblemonraiddens:abomasnow_teraflying",
            "required": false
        },
        {
            "id": "cobblemonraiddens:abomasnow_teraghost",
            "required": false
        },
        {
            "id": "cobblemonraiddens:abomasnow_teragrass",
            "required": false
        },
        {
            "id": "cobblemonraiddens:abomasnow_teraground",
            "required": false
        },
        {
            "id": "cobblemonraiddens:abomasnow_teraice",
            "required": false
        },
        {
            "id": "cobblemonraiddens:abomasnow_teranormal",
            "required": false
        },
        {
            "id": "cobblemonraiddens:abomasnow_terapoison",
            "required": false
        },
        {
            "id": "cobblemonraiddens:abomasnow_terapsychic",
            "required": false
        },
        {
            "id": "cobblemonraiddens:abomasnow_terarock",
            "required": false
        },
        {
            "id": "cobblemonraiddens:abomasnow_terasteel",
            "required": false
        },
        {
            "id": "cobblemonraiddens:abomasnow_terawater",
            "required": false
        }
    ]
}