{
    "replace": false,
    "values": [
        {
            "id": "cobblemonraiddens:absol_stellar",
            "required": false
        },
        {
            "id": "cobblemonraiddens:absol_terabug",
            "required": false
        },
        {
            "id": "cobblemonraiddens:absol_teradark",
            "required": false
        },
        {
            "id": "cobblemonraiddens:absol_teradragon",
            "required": false
        },
        {
            "id": "cobblemonraiddens:absol_teraelectric",
            "required": false
        },
        {
            "id": "cobblemonraiddens:absol_terafairy",
            "required": false
        },
        {
            "id": "cobblemonraiddens:absol_terafighting",
            "required": false
        },
        {
            "id": "cobblemonraiddens:absol_terafire",
            "required": false
        },
        {
            "id": "cobblemonraiddens:absol_teraflying",
            "required": false
        },
        {
            "id": "cobblemonraiddens:absol_teraghost",
            "required": false
        },
        {
            "id": "cobblemonraiddens:absol_teragrass",
            "required": false
        },
        {
            "id": "cobblemonraiddens:absol_teraground",
            "required": false
        },
        {
            "id": "cobblemonraiddens:absol_teraice",
            "required": false
        },
        {
            "id": "cobblemonraiddens:absol_teranormal",
            "required": false
        },
        {
            "id": "cobblemonraiddens:absol_terapoison",
            "required": false
        },
        {
            "id": "cobblemonraiddens:absol_terapsychic",
            "required": false
        },
        {
            "id": "cobblemonraiddens:absol_terarock",
            "required": false
        },
        {
            "id": "cobblemonraiddens:absol_terasteel",
            "required": false
        },
        {
            "id": "cobblemonraiddens:absol_terawater",
            "required": false
        }
    ]
}