{
    "replace": false,
    "values": [
        {
            "id": "cobblemonraiddens:accelgor_stellar",
            "required": false
        },
        {
            "id": "cobblemonraiddens:accelgor_terabug",
            "required": false
        },
        {
            "id": "cobblemonraiddens:accelgor_teradark",
            "required": false
        },
        {
            "id": "cobblemonraiddens:accelgor_teradragon",
            "required": false
        },
        {
            "id": "cobblemonraiddens:accelgor_teraelectric",
            "required": false
        },
        {
            "id": "cobblemonraiddens:accelgor_terafairy",
            "required": false
        },
        {
            "id": "cobblemonraiddens:accelgor_terafighting",
            "required": false
        },
        {
            "id": "cobblemonraiddens:accelgor_terafire",
            "required": false
        },
        {
            "id": "cobblemonraiddens:accelgor_teraflying",
            "required": false
        },
        {
            "id": "cobblemonraiddens:accelgor_teraghost",
            "required": false
        },
        {
            "id": "cobblemonraiddens:accelgor_teragrass",
            "required": false
        },
        {
            "id": "cobblemonraiddens:accelgor_teraground",
            "required": false
        },
        {
            "id": "cobblemonraiddens:accelgor_teraice",
            "required": false
        },
        {
            "id": "cobblemonraiddens:accelgor_teranormal",
            "required": false
        },
        {
            "id": "cobblemonraiddens:accelgor_terapoison",
            "required": false
        },
        {
            "id": "cobblemonraiddens:accelgor_terapsychic",
            "required": false
        },
        {
            "id": "cobblemonraiddens:accelgor_terarock",
            "required": false
        },
        {
            "id": "cobblemonraiddens:accelgor_terasteel",
            "required": false
        },
        {
            "id": "cobblemonraiddens:accelgor_terawater",
            "required": false
        }
    ]
}