{
    "replace": false,
    "values": [
        {
            "id": "cobblemonraiddens:aegislash_stellar",
            "required": false
        },
        {
            "id": "cobblemonraiddens:aegislash_terabug",
            "required": false
        },
        {
            "id": "cobblemonraiddens:aegislash_teradark",
            "required": false
        },
        {
            "id": "cobblemonraiddens:aegislash_teradragon",
            "required": false
        },
        {
            "id": "cobblemonraiddens:aegislash_teraelectric",
            "required": false
        },
        {
            "id": "cobblemonraiddens:aegislash_terafairy",
            "required": false
        },
        {
            "id": "cobblemonraiddens:aegislash_terafighting",
            "required": false
        },
        {
            "id": "cobblemonraiddens:aegislash_terafire",
            "required": false
        },
        {
            "id": "cobblemonraiddens:aegislash_teraflying",
            "required": false
        },
        {
            "id": "cobblemonraiddens:aegislash_teraghost",
            "required": false
        },
        {
            "id": "cobblemonraiddens:aegislash_teragrass",
            "required": false
        },
        {
            "id": "cobblemonraiddens:aegislash_teraground",
            "required": false
        },
        {
            "id": "cobblemonraiddens:aegislash_teraice",
            "required": false
        },
        {
            "id": "cobblemonraiddens:aegislash_teranormal",
            "required": false
        },
        {
            "id": "cobblemonraiddens:aegislash_terapoison",
            "required": false
        },
        {
            "id": "cobblemonraiddens:aegislash_terapsychic",
            "required": false
        },
        {
            "id": "cobblemonraiddens:aegislash_terarock",
            "required": false
        },
        {
            "id": "cobblemonraiddens:aegislash_terasteel",
            "required": false
        },
        {
            "id": "cobblemonraiddens:aegislash_terawater",
            "required": false
        }
    ]
}