{
    "replace": false,
    "values": [
        {
            "id": "cobblemonraiddens:aerodactyl_stellar",
            "required": false
        },
        {
            "id": "cobblemonraiddens:aerodactyl_terabug",
            "required": false
        },
        {
            "id": "cobblemonraiddens:aerodactyl_teradark",
            "required": false
        },
        {
            "id": "cobblemonraiddens:aerodactyl_teradragon",
            "required": false
        },
        {
            "id": "cobblemonraiddens:aerodactyl_teraelectric",
            "required": false
        },
        {
            "id": "cobblemonraiddens:aerodactyl_terafairy",
            "required": false
        },
        {
            "id": "cobblemonraiddens:aerodactyl_terafighting",
            "required": false
        },
        {
            "id": "cobblemonraiddens:aerodactyl_terafire",
            "required": false
        },
        {
            "id": "cobblemonraiddens:aerodactyl_teraflying",
            "required": false
        },
        {
            "id": "cobblemonraiddens:aerodactyl_teraghost",
            "required": false
        },
        {
            "id": "cobblemonraiddens:aerodactyl_teragrass",
            "required": false
        },
        {
            "id": "cobblemonraiddens:aerodactyl_teraground",
            "required": false
        },
        {
            "id": "cobblemonraiddens:aerodactyl_teraice",
            "required": false
        },
        {
            "id": "cobblemonraiddens:aerodactyl_teranormal",
            "required": false
        },
        {
            "id": "cobblemonraiddens:aerodactyl_terapoison",
            "required": false
        },
        {
            "id": "cobblemonraiddens:aerodactyl_terapsychic",
            "required": false
        },
        {
            "id": "cobblemonraiddens:aerodactyl_terarock",
            "required": false
        },
        {
            "id": "cobblemonraiddens:aerodactyl_terasteel",
            "required": false
        },
        {
            "id": "cobblemonraiddens:aerodactyl_terawater",
            "required": false
        }
    ]
}