{
    "replace": false,
    "values": [
        {
            "id": "cobblemonraiddens:aggron_stellar",
            "required": false
        },
        {
            "id": "cobblemonraiddens:aggron_terabug",
            "required": false
        },
        {
            "id": "cobblemonraiddens:aggron_teradark",
            "required": false
        },
        {
            "id": "cobblemonraiddens:aggron_teradragon",
            "required": false
        },
        {
            "id": "cobblemonraiddens:aggron_teraelectric",
            "required": false
        },
        {
            "id": "cobblemonraiddens:aggron_terafairy",
            "required": false
        },
        {
            "id": "cobblemonraiddens:aggron_terafighting",
            "required": false
        },
        {
            "id": "cobblemonraiddens:aggron_terafire",
            "required": false
        },
        {
            "id": "cobblemonraiddens:aggron_teraflying",
            "required": false
        },
        {
            "id": "cobblemonraiddens:aggron_teraghost",
            "required": false
        },
        {
            "id": "cobblemonraiddens:aggron_teragrass",
            "required": false
        },
        {
            "id": "cobblemonraiddens:aggron_teraground",
            "required": false
        },
        {
            "id": "cobblemonraiddens:aggron_teraice",
            "required": false
        },
        {
            "id": "cobblemonraiddens:aggron_teranormal",
            "required": false
        },
        {
            "id": "cobblemonraiddens:aggron_terapoison",
            "required": false
        },
        {
            "id": "cobblemonraiddens:aggron_terapsychic",
            "required": false
        },
        {
            "id": "cobblemonraiddens:aggron_terarock",
            "required": false
        },
        {
            "id": "cobblemonraiddens:aggron_terasteel",
            "required": false
        },
        {
            "id": "cobblemonraiddens:aggron_terawater",
            "required": false
        }
    ]
}