{
    "replace": false,
    "values": [
        {
            "id": "cobblemonraiddens:aipom_stellar",
            "required": false
        },
        {
            "id": "cobblemonraiddens:aipom_terabug",
            "required": false
        },
        {
            "id": "cobblemonraiddens:aipom_teradark",
            "required": false
        },
        {
            "id": "cobblemonraiddens:aipom_teradragon",
            "required": false
        },
        {
            "id": "cobblemonraiddens:aipom_teraelectric",
            "required": false
        },
        {
            "id": "cobblemonraiddens:aipom_terafairy",
            "required": false
        },
        {
            "id": "cobblemonraiddens:aipom_terafighting",
            "required": false
        },
        {
            "id": "cobblemonraiddens:aipom_terafire",
            "required": false
        },
        {
            "id": "cobblemonraiddens:aipom_teraflying",
            "required": false
        },
        {
            "id": "cobblemonraiddens:aipom_teraghost",
            "required": false
        },
        {
            "id": "cobblemonraiddens:aipom_teragrass",
            "required": false
        },
        {
            "id": "cobblemonraiddens:aipom_teraground",
            "required": false
        },
        {
            "id": "cobblemonraiddens:aipom_teraice",
            "required": false
        },
        {
            "id": "cobblemonraiddens:aipom_teranormal",
            "required": false
        },
        {
            "id": "cobblemonraiddens:aipom_terapoison",
            "required": false
        },
        {
            "id": "cobblemonraiddens:aipom_terapsychic",
            "required": false
        },
        {
            "id": "cobblemonraiddens:aipom_terarock",
            "required": false
        },
        {
            "id": "cobblemonraiddens:aipom_terasteel",
            "required": false
        },
        {
            "id": "cobblemonraiddens:aipom_terawater",
            "required": false
        }
    ]
}