{
    "replace": false,
    "values": [
        {
            "id": "cobblemonraiddens:alakazam_stellar",
            "required": false
        },
        {
            "id": "cobblemonraiddens:alakazam_terabug",
            "required": false
        },
        {
            "id": "cobblemonraiddens:alakazam_teradark",
            "required": false
        },
        {
            "id": "cobblemonraiddens:alakazam_teradragon",
            "required": false
        },
        {
            "id": "cobblemonraiddens:alakazam_teraelectric",
            "required": false
        },
        {
            "id": "cobblemonraiddens:alakazam_terafairy",
            "required": false
        },
        {
            "id": "cobblemonraiddens:alakazam_terafighting",
            "required": false
        },
        {
            "id": "cobblemonraiddens:alakazam_terafire",
            "required": false
        },
        {
            "id": "cobblemonraiddens:alakazam_teraflying",
            "required": false
        },
        {
            "id": "cobblemonraiddens:alakazam_teraghost",
            "required": false
        },
        {
            "id": "cobblemonraiddens:alakazam_teragrass",
            "required": false
        },
        {
            "id": "cobblemonraiddens:alakazam_teraground",
            "required": false
        },
        {
            "id": "cobblemonraiddens:alakazam_teraice",
            "required": false
        },
        {
            "id": "cobblemonraiddens:alakazam_teranormal",
            "required": false
        },
        {
            "id": "cobblemonraiddens:alakazam_terapoison",
            "required": false
        },
        {
            "id": "cobblemonraiddens:alakazam_terapsychic",
            "required": false
        },
        {
            "id": "cobblemonraiddens:alakazam_terarock",
            "required": false
        },
        {
            "id": "cobblemonraiddens:alakazam_terasteel",
            "required": false
        },
        {
            "id": "cobblemonraiddens:alakazam_terawater",
            "required": false
        }
    ]
}