{
    "replace": false,
    "values": [
        {
            "id": "cobblemonraiddens:alcremie_stellar",
            "required": false
        },
        {
            "id": "cobblemonraiddens:alcremie_terabug",
            "required": false
        },
        {
            "id": "cobblemonraiddens:alcremie_teradark",
            "required": false
        },
        {
            "id": "cobblemonraiddens:alcremie_teradragon",
            "required": false
        },
        {
            "id": "cobblemonraiddens:alcremie_teraelectric",
            "required": false
        },
        {
            "id": "cobblemonraiddens:alcremie_terafairy",
            "required": false
        },
        {
            "id": "cobblemonraiddens:alcremie_terafighting",
            "required": false
        },
        {
            "id": "cobblemonraiddens:alcremie_terafire",
            "required": false
        },
        {
            "id": "cobblemonraiddens:alcremie_teraflying",
            "required": false
        },
        {
            "id": "cobblemonraiddens:alcremie_teraghost",
            "required": false
        },
        {
            "id": "cobblemonraiddens:alcremie_teragrass",
            "required": false
        },
        {
            "id": "cobblemonraiddens:alcremie_teraground",
            "required": false
        },
        {
            "id": "cobblemonraiddens:alcremie_teraice",
            "required": false
        },
        {
            "id": "cobblemonraiddens:alcremie_teranormal",
            "required": false
        },
        {
            "id": "cobblemonraiddens:alcremie_terapoison",
            "required": false
        },
        {
            "id": "cobblemonraiddens:alcremie_terapsychic",
            "required": false
        },
        {
            "id": "cobblemonraiddens:alcremie_terarock",
            "required": false
        },
        {
            "id": "cobblemonraiddens:alcremie_terasteel",
            "required": false
        },
        {
            "id": "cobblemonraiddens:alcremie_terawater",
            "required": false
        }
    ]
}