{
    "replace": false,
    "values": [
        {
            "id": "cobblemonraiddens:alomomola_stellar",
            "required": false
        },
        {
            "id": "cobblemonraiddens:alomomola_terabug",
            "required": false
        },
        {
            "id": "cobblemonraiddens:alomomola_teradark",
            "required": false
        },
        {
            "id": "cobblemonraiddens:alomomola_teradragon",
            "required": false
        },
        {
            "id": "cobblemonraiddens:alomomola_teraelectric",
            "required": false
        },
        {
            "id": "cobblemonraiddens:alomomola_terafairy",
            "required": false
        },
        {
            "id": "cobblemonraiddens:alomomola_terafighting",
            "required": false
        },
        {
            "id": "cobblemonraiddens:alomomola_terafire",
            "required": false
        },
        {
            "id": "cobblemonraiddens:alomomola_teraflying",
            "required": false
        },
        {
            "id": "cobblemonraiddens:alomomola_teraghost",
            "required": false
        },
        {
            "id": "cobblemonraiddens:alomomola_teragrass",
            "required": false
        },
        {
            "id": "cobblemonraiddens:alomomola_teraground",
            "required": false
        },
        {
            "id": "cobblemonraiddens:alomomola_teraice",
            "required": false
        },
        {
            "id": "cobblemonraiddens:alomomola_teranormal",
            "required": false
        },
        {
            "id": "cobblemonraiddens:alomomola_terapoison",
            "required": false
        },
        {
            "id": "cobblemonraiddens:alomomola_terapsychic",
            "required": false
        },
        {
            "id": "cobblemonraiddens:alomomola_terarock",
            "required": false
        },
        {
            "id": "cobblemonraiddens:alomomola_terasteel",
            "required": false
        },
        {
            "id": "cobblemonraiddens:alomomola_terawater",
            "required": false
        }
    ]
}