{
    "replace": false,
    "values": [
        {
            "id": "cobblemonraiddens:altaria_stellar",
            "required": false
        },
        {
            "id": "cobblemonraiddens:altaria_terabug",
            "required": false
        },
        {
            "id": "cobblemonraiddens:altaria_teradark",
            "required": false
        },
        {
            "id": "cobblemonraiddens:altaria_teradragon",
            "required": false
        },
        {
            "id": "cobblemonraiddens:altaria_teraelectric",
            "required": false
        },
        {
            "id": "cobblemonraiddens:altaria_terafairy",
            "required": false
        },
        {
            "id": "cobblemonraiddens:altaria_terafighting",
            "required": false
        },
        {
            "id": "cobblemonraiddens:altaria_terafire",
            "required": false
        },
        {
            "id": "cobblemonraiddens:altaria_teraflying",
            "required": false
        },
        {
            "id": "cobblemonraiddens:altaria_teraghost",
            "required": false
        },
        {
            "id": "cobblemonraiddens:altaria_teragrass",
            "required": false
        },
        {
            "id": "cobblemonraiddens:altaria_teraground",
            "required": false
        },
        {
            "id": "cobblemonraiddens:altaria_teraice",
            "required": false
        },
        {
            "id": "cobblemonraiddens:altaria_teranormal",
            "required": false
        },
        {
            "id": "cobblemonraiddens:altaria_terapoison",
            "required": false
        },
        {
            "id": "cobblemonraiddens:altaria_terapsychic",
            "required": false
        },
        {
            "id": "cobblemonraiddens:altaria_terarock",
            "required": false
        },
        {
            "id": "cobblemonraiddens:altaria_terasteel",
            "required": false
        },
        {
            "id": "cobblemonraiddens:altaria_terawater",
            "required": false
        }
    ]
}