{
    "replace": false,
    "values": [
        {
            "id": "cobblemonraiddens:amaura_stellar",
            "required": false
        },
        {
            "id": "cobblemonraiddens:amaura_terabug",
            "required": false
        },
        {
            "id": "cobblemonraiddens:amaura_teradark",
            "required": false
        },
        {
            "id": "cobblemonraiddens:amaura_teradragon",
            "required": false
        },
        {
            "id": "cobblemonraiddens:amaura_teraelectric",
            "required": false
        },
        {
            "id": "cobblemonraiddens:amaura_terafairy",
            "required": false
        },
        {
            "id": "cobblemonraiddens:amaura_terafighting",
            "required": false
        },
        {
            "id": "cobblemonraiddens:amaura_terafire",
            "required": false
        },
        {
            "id": "cobblemonraiddens:amaura_teraflying",
            "required": false
        },
        {
            "id": "cobblemonraiddens:amaura_teraghost",
            "required": false
        },
        {
            "id": "cobblemonraiddens:amaura_teragrass",
            "required": false
        },
        {
            "id": "cobblemonraiddens:amaura_teraground",
            "required": false
        },
        {
            "id": "cobblemonraiddens:amaura_teraice",
            "required": false
        },
        {
            "id": "cobblemonraiddens:amaura_teranormal",
            "required": false
        },
        {
            "id": "cobblemonraiddens:amaura_terapoison",
            "required": false
        },
        {
            "id": "cobblemonraiddens:amaura_terapsychic",
            "required": false
        },
        {
            "id": "cobblemonraiddens:amaura_terarock",
            "required": false
        },
        {
            "id": "cobblemonraiddens:amaura_terasteel",
            "required": false
        },
        {
            "id": "cobblemonraiddens:amaura_terawater",
            "required": false
        }
    ]
}