{
    "replace": false,
    "values": [
        {
            "id": "cobblemonraiddens:ambipom_stellar",
            "required": false
        },
        {
            "id": "cobblemonraiddens:ambipom_terabug",
            "required": false
        },
        {
            "id": "cobblemonraiddens:ambipom_teradark",
            "required": false
        },
        {
            "id": "cobblemonraiddens:ambipom_teradragon",
            "required": false
        },
        {
            "id": "cobblemonraiddens:ambipom_teraelectric",
            "required": false
        },
        {
            "id": "cobblemonraiddens:ambipom_terafairy",
            "required": false
        },
        {
            "id": "cobblemonraiddens:ambipom_terafighting",
            "required": false
        },
        {
            "id": "cobblemonraiddens:ambipom_terafire",
            "required": false
        },
        {
            "id": "cobblemonraiddens:ambipom_teraflying",
            "required": false
        },
        {
            "id": "cobblemonraiddens:ambipom_teraghost",
            "required": false
        },
        {
            "id": "cobblemonraiddens:ambipom_teragrass",
            "required": false
        },
        {
            "id": "cobblemonraiddens:ambipom_teraground",
            "required": false
        },
        {
            "id": "cobblemonraiddens:ambipom_teraice",
            "required": false
        },
        {
            "id": "cobblemonraiddens:ambipom_teranormal",
            "required": false
        },
        {
            "id": "cobblemonraiddens:ambipom_terapoison",
            "required": false
        },
        {
            "id": "cobblemonraiddens:ambipom_terapsychic",
            "required": false
        },
        {
            "id": "cobblemonraiddens:ambipom_terarock",
            "required": false
        },
        {
            "id": "cobblemonraiddens:ambipom_terasteel",
            "required": false
        },
        {
            "id": "cobblemonraiddens:ambipom_terawater",
            "required": false
        }
    ]
}