{
    "replace": false,
    "values": [
        {
            "id": "cobblemonraiddens:amoonguss_stellar",
            "required": false
        },
        {
            "id": "cobblemonraiddens:amoonguss_terabug",
            "required": false
        },
        {
            "id": "cobblemonraiddens:amoonguss_teradark",
            "required": false
        },
        {
            "id": "cobblemonraiddens:amoonguss_teradragon",
            "required": false
        },
        {
            "id": "cobblemonraiddens:amoonguss_teraelectric",
            "required": false
        },
        {
            "id": "cobblemonraiddens:amoonguss_terafairy",
            "required": false
        },
        {
            "id": "cobblemonraiddens:amoonguss_terafighting",
            "required": false
        },
        {
            "id": "cobblemonraiddens:amoonguss_terafire",
            "required": false
        },
        {
            "id": "cobblemonraiddens:amoonguss_teraflying",
            "required": false
        },
        {
            "id": "cobblemonraiddens:amoonguss_teraghost",
            "required": false
        },
        {
            "id": "cobblemonraiddens:amoonguss_teragrass",
            "required": false
        },
        {
            "id": "cobblemonraiddens:amoonguss_teraground",
            "required": false
        },
        {
            "id": "cobblemonraiddens:amoonguss_teraice",
            "required": false
        },
        {
            "id": "cobblemonraiddens:amoonguss_teranormal",
            "required": false
        },
        {
            "id": "cobblemonraiddens:amoonguss_terapoison",
            "required": false
        },
        {
            "id": "cobblemonraiddens:amoonguss_terapsychic",
            "required": false
        },
        {
            "id": "cobblemonraiddens:amoonguss_terarock",
            "required": false
        },
        {
            "id": "cobblemonraiddens:amoonguss_terasteel",
            "required": false
        },
        {
            "id": "cobblemonraiddens:amoonguss_terawater",
            "required": false
        }
    ]
}