{
    "replace": false,
    "values": [
        {
            "id": "cobblemonraiddens:ampharos_stellar",
            "required": false
        },
        {
            "id": "cobblemonraiddens:ampharos_terabug",
            "required": false
        },
        {
            "id": "cobblemonraiddens:ampharos_teradark",
            "required": false
        },
        {
            "id": "cobblemonraiddens:ampharos_teradragon",
            "required": false
        },
        {
            "id": "cobblemonraiddens:ampharos_teraelectric",
            "required": false
        },
        {
            "id": "cobblemonraiddens:ampharos_terafairy",
            "required": false
        },
        {
            "id": "cobblemonraiddens:ampharos_terafighting",
            "required": false
        },
        {
            "id": "cobblemonraiddens:ampharos_terafire",
            "required": false
        },
        {
            "id": "cobblemonraiddens:ampharos_teraflying",
            "required": false
        },
        {
            "id": "cobblemonraiddens:ampharos_teraghost",
            "required": false
        },
        {
            "id": "cobblemonraiddens:ampharos_teragrass",
            "required": false
        },
        {
            "id": "cobblemonraiddens:ampharos_teraground",
            "required": false
        },
        {
            "id": "cobblemonraiddens:ampharos_teraice",
            "required": false
        },
        {
            "id": "cobblemonraiddens:ampharos_teranormal",
            "required": false
        },
        {
            "id": "cobblemonraiddens:ampharos_terapoison",
            "required": false
        },
        {
            "id": "cobblemonraiddens:ampharos_terapsychic",
            "required": false
        },
        {
            "id": "cobblemonraiddens:ampharos_terarock",
            "required": false
        },
        {
            "id": "cobblemonraiddens:ampharos_terasteel",
            "required": false
        },
        {
            "id": "cobblemonraiddens:ampharos_terawater",
            "required": false
        }
    ]
}