{
    "replace": false,
    "values": [
        {
            "id": "cobblemonraiddens:annihilape_stellar",
            "required": false
        },
        {
            "id": "cobblemonraiddens:annihilape_terabug",
            "required": false
        },
        {
            "id": "cobblemonraiddens:annihilape_teradark",
            "required": false
        },
        {
            "id": "cobblemonraiddens:annihilape_teradragon",
            "required": false
        },
        {
            "id": "cobblemonraiddens:annihilape_teraelectric",
            "required": false
        },
        {
            "id": "cobblemonraiddens:annihilape_terafairy",
            "required": false
        },
        {
            "id": "cobblemonraiddens:annihilape_terafighting",
            "required": false
        },
        {
            "id": "cobblemonraiddens:annihilape_terafire",
            "required": false
        },
        {
            "id": "cobblemonraiddens:annihilape_teraflying",
            "required": false
        },
        {
            "id": "cobblemonraiddens:annihilape_teraghost",
            "required": false
        },
        {
            "id": "cobblemonraiddens:annihilape_teragrass",
            "required": false
        },
        {
            "id": "cobblemonraiddens:annihilape_teraground",
            "required": false
        },
        {
            "id": "cobblemonraiddens:annihilape_teraice",
            "required": false
        },
        {
            "id": "cobblemonraiddens:annihilape_teranormal",
            "required": false
        },
        {
            "id": "cobblemonraiddens:annihilape_terapoison",
            "required": false
        },
        {
            "id": "cobblemonraiddens:annihilape_terapsychic",
            "required": false
        },
        {
            "id": "cobblemonraiddens:annihilape_terarock",
            "required": false
        },
        {
            "id": "cobblemonraiddens:annihilape_terasteel",
            "required": false
        },
        {
            "id": "cobblemonraiddens:annihilape_terawater",
            "required": false
        }
    ]
}