{
    "replace": false,
    "values": [
        {
            "id": "cobblemonraiddens:anorith_stellar",
            "required": false
        },
        {
            "id": "cobblemonraiddens:anorith_terabug",
            "required": false
        },
        {
            "id": "cobblemonraiddens:anorith_teradark",
            "required": false
        },
        {
            "id": "cobblemonraiddens:anorith_teradragon",
            "required": false
        },
        {
            "id": "cobblemonraiddens:anorith_teraelectric",
            "required": false
        },
        {
            "id": "cobblemonraiddens:anorith_terafairy",
            "required": false
        },
        {
            "id": "cobblemonraiddens:anorith_terafighting",
            "required": false
        },
        {
            "id": "cobblemonraiddens:anorith_terafire",
            "required": false
        },
        {
            "id": "cobblemonraiddens:anorith_teraflying",
            "required": false
        },
        {
            "id": "cobblemonraiddens:anorith_teraghost",
            "required": false
        },
        {
            "id": "cobblemonraiddens:anorith_teragrass",
            "required": false
        },
        {
            "id": "cobblemonraiddens:anorith_teraground",
            "required": false
        },
        {
            "id": "cobblemonraiddens:anorith_teraice",
            "required": false
        },
        {
            "id": "cobblemonraiddens:anorith_teranormal",
            "required": false
        },
        {
            "id": "cobblemonraiddens:anorith_terapoison",
            "required": false
        },
        {
            "id": "cobblemonraiddens:anorith_terapsychic",
            "required": false
        },
        {
            "id": "cobblemonraiddens:anorith_terarock",
            "required": false
        },
        {
            "id": "cobblemonraiddens:anorith_terasteel",
            "required": false
        },
        {
            "id": "cobblemonraiddens:anorith_terawater",
            "required": false
        }
    ]
}