{
    "replace": false,
    "values": [
        {
            "id": "cobblemonraiddens:applin_stellar",
            "required": false
        },
        {
            "id": "cobblemonraiddens:applin_terabug",
            "required": false
        },
        {
            "id": "cobblemonraiddens:applin_teradark",
            "required": false
        },
        {
            "id": "cobblemonraiddens:applin_teradragon",
            "required": false
        },
        {
            "id": "cobblemonraiddens:applin_teraelectric",
            "required": false
        },
        {
            "id": "cobblemonraiddens:applin_terafairy",
            "required": false
        },
        {
            "id": "cobblemonraiddens:applin_terafighting",
            "required": false
        },
        {
            "id": "cobblemonraiddens:applin_terafire",
            "required": false
        },
        {
            "id": "cobblemonraiddens:applin_teraflying",
            "required": false
        },
        {
            "id": "cobblemonraiddens:applin_teraghost",
            "required": false
        },
        {
            "id": "cobblemonraiddens:applin_teragrass",
            "required": false
        },
        {
            "id": "cobblemonraiddens:applin_teraground",
            "required": false
        },
        {
            "id": "cobblemonraiddens:applin_teraice",
            "required": false
        },
        {
            "id": "cobblemonraiddens:applin_teranormal",
            "required": false
        },
        {
            "id": "cobblemonraiddens:applin_terapoison",
            "required": false
        },
        {
            "id": "cobblemonraiddens:applin_terapsychic",
            "required": false
        },
        {
            "id": "cobblemonraiddens:applin_terarock",
            "required": false
        },
        {
            "id": "cobblemonraiddens:applin_terasteel",
            "required": false
        },
        {
            "id": "cobblemonraiddens:applin_terawater",
            "required": false
        }
    ]
}