{
    "replace": false,
    "values": [
        {
            "id": "cobblemonraiddens:appletun_stellar",
            "required": false
        },
        {
            "id": "cobblemonraiddens:appletun_terabug",
            "required": false
        },
        {
            "id": "cobblemonraiddens:appletun_teradark",
            "required": false
        },
        {
            "id": "cobblemonraiddens:appletun_teradragon",
            "required": false
        },
        {
            "id": "cobblemonraiddens:appletun_teraelectric",
            "required": false
        },
        {
            "id": "cobblemonraiddens:appletun_terafairy",
            "required": false
        },
        {
            "id": "cobblemonraiddens:appletun_terafighting",
            "required": false
        },
        {
            "id": "cobblemonraiddens:appletun_terafire",
            "required": false
        },
        {
            "id": "cobblemonraiddens:appletun_teraflying",
            "required": false
        },
        {
            "id": "cobblemonraiddens:appletun_teraghost",
            "required": false
        },
        {
            "id": "cobblemonraiddens:appletun_teragrass",
            "required": false
        },
        {
            "id": "cobblemonraiddens:appletun_teraground",
            "required": false
        },
        {
            "id": "cobblemonraiddens:appletun_teraice",
            "required": false
        },
        {
            "id": "cobblemonraiddens:appletun_teranormal",
            "required": false
        },
        {
            "id": "cobblemonraiddens:appletun_terapoison",
            "required": false
        },
        {
            "id": "cobblemonraiddens:appletun_terapsychic",
            "required": false
        },
        {
            "id": "cobblemonraiddens:appletun_terarock",
            "required": false
        },
        {
            "id": "cobblemonraiddens:appletun_terasteel",
            "required": false
        },
        {
            "id": "cobblemonraiddens:appletun_terawater",
            "required": false
        }
    ]
}