{
    "replace": false,
    "values": [
        {
            "id": "cobblemonraiddens:araquanid_stellar",
            "required": false
        },
        {
            "id": "cobblemonraiddens:araquanid_terabug",
            "required": false
        },
        {
            "id": "cobblemonraiddens:araquanid_teradark",
            "required": false
        },
        {
            "id": "cobblemonraiddens:araquanid_teradragon",
            "required": false
        },
        {
            "id": "cobblemonraiddens:araquanid_teraelectric",
            "required": false
        },
        {
            "id": "cobblemonraiddens:araquanid_terafairy",
            "required": false
        },
        {
            "id": "cobblemonraiddens:araquanid_terafighting",
            "required": false
        },
        {
            "id": "cobblemonraiddens:araquanid_terafire",
            "required": false
        },
        {
            "id": "cobblemonraiddens:araquanid_teraflying",
            "required": false
        },
        {
            "id": "cobblemonraiddens:araquanid_teraghost",
            "required": false
        },
        {
            "id": "cobblemonraiddens:araquanid_teragrass",
            "required": false
        },
        {
            "id": "cobblemonraiddens:araquanid_teraground",
            "required": false
        },
        {
            "id": "cobblemonraiddens:araquanid_teraice",
            "required": false
        },
        {
            "id": "cobblemonraiddens:araquanid_teranormal",
            "required": false
        },
        {
            "id": "cobblemonraiddens:araquanid_terapoison",
            "required": false
        },
        {
            "id": "cobblemonraiddens:araquanid_terapsychic",
            "required": false
        },
        {
            "id": "cobblemonraiddens:araquanid_terarock",
            "required": false
        },
        {
            "id": "cobblemonraiddens:araquanid_terasteel",
            "required": false
        },
        {
            "id": "cobblemonraiddens:araquanid_terawater",
            "required": false
        }
    ]
}