{
    "replace": false,
    "values": [
        {
            "id": "cobblemonraiddens:arboliva_stellar",
            "required": false
        },
        {
            "id": "cobblemonraiddens:arboliva_terabug",
            "required": false
        },
        {
            "id": "cobblemonraiddens:arboliva_teradark",
            "required": false
        },
        {
            "id": "cobblemonraiddens:arboliva_teradragon",
            "required": false
        },
        {
            "id": "cobblemonraiddens:arboliva_teraelectric",
            "required": false
        },
        {
            "id": "cobblemonraiddens:arboliva_terafairy",
            "required": false
        },
        {
            "id": "cobblemonraiddens:arboliva_terafighting",
            "required": false
        },
        {
            "id": "cobblemonraiddens:arboliva_terafire",
            "required": false
        },
        {
            "id": "cobblemonraiddens:arboliva_teraflying",
            "required": false
        },
        {
            "id": "cobblemonraiddens:arboliva_teraghost",
            "required": false
        },
        {
            "id": "cobblemonraiddens:arboliva_teragrass",
            "required": false
        },
        {
            "id": "cobblemonraiddens:arboliva_teraground",
            "required": false
        },
        {
            "id": "cobblemonraiddens:arboliva_teraice",
            "required": false
        },
        {
            "id": "cobblemonraiddens:arboliva_teranormal",
            "required": false
        },
        {
            "id": "cobblemonraiddens:arboliva_terapoison",
            "required": false
        },
        {
            "id": "cobblemonraiddens:arboliva_terapsychic",
            "required": false
        },
        {
            "id": "cobblemonraiddens:arboliva_terarock",
            "required": false
        },
        {
            "id": "cobblemonraiddens:arboliva_terasteel",
            "required": false
        },
        {
            "id": "cobblemonraiddens:arboliva_terawater",
            "required": false
        }
    ]
}