{
    "replace": false,
    "values": [
        {
            "id": "cobblemonraiddens:arbok_stellar",
            "required": false
        },
        {
            "id": "cobblemonraiddens:arbok_terabug",
            "required": false
        },
        {
            "id": "cobblemonraiddens:arbok_teradark",
            "required": false
        },
        {
            "id": "cobblemonraiddens:arbok_teradragon",
            "required": false
        },
        {
            "id": "cobblemonraiddens:arbok_teraelectric",
            "required": false
        },
        {
            "id": "cobblemonraiddens:arbok_terafairy",
            "required": false
        },
        {
            "id": "cobblemonraiddens:arbok_terafighting",
            "required": false
        },
        {
            "id": "cobblemonraiddens:arbok_terafire",
            "required": false
        },
        {
            "id": "cobblemonraiddens:arbok_teraflying",
            "required": false
        },
        {
            "id": "cobblemonraiddens:arbok_teraghost",
            "required": false
        },
        {
            "id": "cobblemonraiddens:arbok_teragrass",
            "required": false
        },
        {
            "id": "cobblemonraiddens:arbok_teraground",
            "required": false
        },
        {
            "id": "cobblemonraiddens:arbok_teraice",
            "required": false
        },
        {
            "id": "cobblemonraiddens:arbok_teranormal",
            "required": false
        },
        {
            "id": "cobblemonraiddens:arbok_terapoison",
            "required": false
        },
        {
            "id": "cobblemonraiddens:arbok_terapsychic",
            "required": false
        },
        {
            "id": "cobblemonraiddens:arbok_terarock",
            "required": false
        },
        {
            "id": "cobblemonraiddens:arbok_terasteel",
            "required": false
        },
        {
            "id": "cobblemonraiddens:arbok_terawater",
            "required": false
        }
    ]
}