{
    "replace": false,
    "values": [
        {
            "id": "cobblemonraiddens:arcanine_stellar",
            "required": false
        },
        {
            "id": "cobblemonraiddens:arcanine_terabug",
            "required": false
        },
        {
            "id": "cobblemonraiddens:arcanine_teradark",
            "required": false
        },
        {
            "id": "cobblemonraiddens:arcanine_teradragon",
            "required": false
        },
        {
            "id": "cobblemonraiddens:arcanine_teraelectric",
            "required": false
        },
        {
            "id": "cobblemonraiddens:arcanine_terafairy",
            "required": false
        },
        {
            "id": "cobblemonraiddens:arcanine_terafighting",
            "required": false
        },
        {
            "id": "cobblemonraiddens:arcanine_terafire",
            "required": false
        },
        {
            "id": "cobblemonraiddens:arcanine_teraflying",
            "required": false
        },
        {
            "id": "cobblemonraiddens:arcanine_teraghost",
            "required": false
        },
        {
            "id": "cobblemonraiddens:arcanine_teragrass",
            "required": false
        },
        {
            "id": "cobblemonraiddens:arcanine_teraground",
            "required": false
        },
        {
            "id": "cobblemonraiddens:arcanine_teraice",
            "required": false
        },
        {
            "id": "cobblemonraiddens:arcanine_teranormal",
            "required": false
        },
        {
            "id": "cobblemonraiddens:arcanine_terapoison",
            "required": false
        },
        {
            "id": "cobblemonraiddens:arcanine_terapsychic",
            "required": false
        },
        {
            "id": "cobblemonraiddens:arcanine_terarock",
            "required": false
        },
        {
            "id": "cobblemonraiddens:arcanine_terasteel",
            "required": false
        },
        {
            "id": "cobblemonraiddens:arcanine_terawater",
            "required": false
        }
    ]
}