{
    "replace": false,
    "values": [
        {
            "id": "cobblemonraiddens:archaludon_stellar",
            "required": false
        },
        {
            "id": "cobblemonraiddens:archaludon_terabug",
            "required": false
        },
        {
            "id": "cobblemonraiddens:archaludon_teradark",
            "required": false
        },
        {
            "id": "cobblemonraiddens:archaludon_teradragon",
            "required": false
        },
        {
            "id": "cobblemonraiddens:archaludon_teraelectric",
            "required": false
        },
        {
            "id": "cobblemonraiddens:archaludon_terafairy",
            "required": false
        },
        {
            "id": "cobblemonraiddens:archaludon_terafighting",
            "required": false
        },
        {
            "id": "cobblemonraiddens:archaludon_terafire",
            "required": false
        },
        {
            "id": "cobblemonraiddens:archaludon_teraflying",
            "required": false
        },
        {
            "id": "cobblemonraiddens:archaludon_teraghost",
            "required": false
        },
        {
            "id": "cobblemonraiddens:archaludon_teragrass",
            "required": false
        },
        {
            "id": "cobblemonraiddens:archaludon_teraground",
            "required": false
        },
        {
            "id": "cobblemonraiddens:archaludon_teraice",
            "required": false
        },
        {
            "id": "cobblemonraiddens:archaludon_teranormal",
            "required": false
        },
        {
            "id": "cobblemonraiddens:archaludon_terapoison",
            "required": false
        },
        {
            "id": "cobblemonraiddens:archaludon_terapsychic",
            "required": false
        },
        {
            "id": "cobblemonraiddens:archaludon_terarock",
            "required": false
        },
        {
            "id": "cobblemonraiddens:archaludon_terasteel",
            "required": false
        },
        {
            "id": "cobblemonraiddens:archaludon_terawater",
            "required": false
        }
    ]
}