{
    "replace": false,
    "values": [
        {
            "id": "cobblemonraiddens:archen_stellar",
            "required": false
        },
        {
            "id": "cobblemonraiddens:archen_terabug",
            "required": false
        },
        {
            "id": "cobblemonraiddens:archen_teradark",
            "required": false
        },
        {
            "id": "cobblemonraiddens:archen_teradragon",
            "required": false
        },
        {
            "id": "cobblemonraiddens:archen_teraelectric",
            "required": false
        },
        {
            "id": "cobblemonraiddens:archen_terafairy",
            "required": false
        },
        {
            "id": "cobblemonraiddens:archen_terafighting",
            "required": false
        },
        {
            "id": "cobblemonraiddens:archen_terafire",
            "required": false
        },
        {
            "id": "cobblemonraiddens:archen_teraflying",
            "required": false
        },
        {
            "id": "cobblemonraiddens:archen_teraghost",
            "required": false
        },
        {
            "id": "cobblemonraiddens:archen_teragrass",
            "required": false
        },
        {
            "id": "cobblemonraiddens:archen_teraground",
            "required": false
        },
        {
            "id": "cobblemonraiddens:archen_teraice",
            "required": false
        },
        {
            "id": "cobblemonraiddens:archen_teranormal",
            "required": false
        },
        {
            "id": "cobblemonraiddens:archen_terapoison",
            "required": false
        },
        {
            "id": "cobblemonraiddens:archen_terapsychic",
            "required": false
        },
        {
            "id": "cobblemonraiddens:archen_terarock",
            "required": false
        },
        {
            "id": "cobblemonraiddens:archen_terasteel",
            "required": false
        },
        {
            "id": "cobblemonraiddens:archen_terawater",
            "required": false
        }
    ]
}