{
    "replace": false,
    "values": [
        {
            "id": "cobblemonraiddens:archeops_stellar",
            "required": false
        },
        {
            "id": "cobblemonraiddens:archeops_terabug",
            "required": false
        },
        {
            "id": "cobblemonraiddens:archeops_teradark",
            "required": false
        },
        {
            "id": "cobblemonraiddens:archeops_teradragon",
            "required": false
        },
        {
            "id": "cobblemonraiddens:archeops_teraelectric",
            "required": false
        },
        {
            "id": "cobblemonraiddens:archeops_terafairy",
            "required": false
        },
        {
            "id": "cobblemonraiddens:archeops_terafighting",
            "required": false
        },
        {
            "id": "cobblemonraiddens:archeops_terafire",
            "required": false
        },
        {
            "id": "cobblemonraiddens:archeops_teraflying",
            "required": false
        },
        {
            "id": "cobblemonraiddens:archeops_teraghost",
            "required": false
        },
        {
            "id": "cobblemonraiddens:archeops_teragrass",
            "required": false
        },
        {
            "id": "cobblemonraiddens:archeops_teraground",
            "required": false
        },
        {
            "id": "cobblemonraiddens:archeops_teraice",
            "required": false
        },
        {
            "id": "cobblemonraiddens:archeops_teranormal",
            "required": false
        },
        {
            "id": "cobblemonraiddens:archeops_terapoison",
            "required": false
        },
        {
            "id": "cobblemonraiddens:archeops_terapsychic",
            "required": false
        },
        {
            "id": "cobblemonraiddens:archeops_terarock",
            "required": false
        },
        {
            "id": "cobblemonraiddens:archeops_terasteel",
            "required": false
        },
        {
            "id": "cobblemonraiddens:archeops_terawater",
            "required": false
        }
    ]
}