{
    "replace": false,
    "values": [
        {
            "id": "cobblemonraiddens:arctozolt_stellar",
            "required": false
        },
        {
            "id": "cobblemonraiddens:arctozolt_terabug",
            "required": false
        },
        {
            "id": "cobblemonraiddens:arctozolt_teradark",
            "required": false
        },
        {
            "id": "cobblemonraiddens:arctozolt_teradragon",
            "required": false
        },
        {
            "id": "cobblemonraiddens:arctozolt_teraelectric",
            "required": false
        },
        {
            "id": "cobblemonraiddens:arctozolt_terafairy",
            "required": false
        },
        {
            "id": "cobblemonraiddens:arctozolt_terafighting",
            "required": false
        },
        {
            "id": "cobblemonraiddens:arctozolt_terafire",
            "required": false
        },
        {
            "id": "cobblemonraiddens:arctozolt_teraflying",
            "required": false
        },
        {
            "id": "cobblemonraiddens:arctozolt_teraghost",
            "required": false
        },
        {
            "id": "cobblemonraiddens:arctozolt_teragrass",
            "required": false
        },
        {
            "id": "cobblemonraiddens:arctozolt_teraground",
            "required": false
        },
        {
            "id": "cobblemonraiddens:arctozolt_teraice",
            "required": false
        },
        {
            "id": "cobblemonraiddens:arctozolt_teranormal",
            "required": false
        },
        {
            "id": "cobblemonraiddens:arctozolt_terapoison",
            "required": false
        },
        {
            "id": "cobblemonraiddens:arctozolt_terapsychic",
            "required": false
        },
        {
            "id": "cobblemonraiddens:arctozolt_terarock",
            "required": false
        },
        {
            "id": "cobblemonraiddens:arctozolt_terasteel",
            "required": false
        },
        {
            "id": "cobblemonraiddens:arctozolt_terawater",
            "required": false
        }
    ]
}