{
    "replace": false,
    "values": [
        {
            "id": "cobblemonraiddens:arctibax_stellar",
            "required": false
        },
        {
            "id": "cobblemonraiddens:arctibax_terabug",
            "required": false
        },
        {
            "id": "cobblemonraiddens:arctibax_teradark",
            "required": false
        },
        {
            "id": "cobblemonraiddens:arctibax_teradragon",
            "required": false
        },
        {
            "id": "cobblemonraiddens:arctibax_teraelectric",
            "required": false
        },
        {
            "id": "cobblemonraiddens:arctibax_terafairy",
            "required": false
        },
        {
            "id": "cobblemonraiddens:arctibax_terafighting",
            "required": false
        },
        {
            "id": "cobblemonraiddens:arctibax_terafire",
            "required": false
        },
        {
            "id": "cobblemonraiddens:arctibax_teraflying",
            "required": false
        },
        {
            "id": "cobblemonraiddens:arctibax_teraghost",
            "required": false
        },
        {
            "id": "cobblemonraiddens:arctibax_teragrass",
            "required": false
        },
        {
            "id": "cobblemonraiddens:arctibax_teraground",
            "required": false
        },
        {
            "id": "cobblemonraiddens:arctibax_teraice",
            "required": false
        },
        {
            "id": "cobblemonraiddens:arctibax_teranormal",
            "required": false
        },
        {
            "id": "cobblemonraiddens:arctibax_terapoison",
            "required": false
        },
        {
            "id": "cobblemonraiddens:arctibax_terapsychic",
            "required": false
        },
        {
            "id": "cobblemonraiddens:arctibax_terarock",
            "required": false
        },
        {
            "id": "cobblemonraiddens:arctibax_terasteel",
            "required": false
        },
        {
            "id": "cobblemonraiddens:arctibax_terawater",
            "required": false
        }
    ]
}