{
    "replace": false,
    "values": [
        {
            "id": "cobblemonraiddens:arctovish_stellar",
            "required": false
        },
        {
            "id": "cobblemonraiddens:arctovish_terabug",
            "required": false
        },
        {
            "id": "cobblemonraiddens:arctovish_teradark",
            "required": false
        },
        {
            "id": "cobblemonraiddens:arctovish_teradragon",
            "required": false
        },
        {
            "id": "cobblemonraiddens:arctovish_teraelectric",
            "required": false
        },
        {
            "id": "cobblemonraiddens:arctovish_terafairy",
            "required": false
        },
        {
            "id": "cobblemonraiddens:arctovish_terafighting",
            "required": false
        },
        {
            "id": "cobblemonraiddens:arctovish_terafire",
            "required": false
        },
        {
            "id": "cobblemonraiddens:arctovish_teraflying",
            "required": false
        },
        {
            "id": "cobblemonraiddens:arctovish_teraghost",
            "required": false
        },
        {
            "id": "cobblemonraiddens:arctovish_teragrass",
            "required": false
        },
        {
            "id": "cobblemonraiddens:arctovish_teraground",
            "required": false
        },
        {
            "id": "cobblemonraiddens:arctovish_teraice",
            "required": false
        },
        {
            "id": "cobblemonraiddens:arctovish_teranormal",
            "required": false
        },
        {
            "id": "cobblemonraiddens:arctovish_terapoison",
            "required": false
        },
        {
            "id": "cobblemonraiddens:arctovish_terapsychic",
            "required": false
        },
        {
            "id": "cobblemonraiddens:arctovish_terarock",
            "required": false
        },
        {
            "id": "cobblemonraiddens:arctovish_terasteel",
            "required": false
        },
        {
            "id": "cobblemonraiddens:arctovish_terawater",
            "required": false
        }
    ]
}