{
    "replace": false,
    "values": [
        {
            "id": "cobblemonraiddens:ariados_stellar",
            "required": false
        },
        {
            "id": "cobblemonraiddens:ariados_terabug",
            "required": false
        },
        {
            "id": "cobblemonraiddens:ariados_teradark",
            "required": false
        },
        {
            "id": "cobblemonraiddens:ariados_teradragon",
            "required": false
        },
        {
            "id": "cobblemonraiddens:ariados_teraelectric",
            "required": false
        },
        {
            "id": "cobblemonraiddens:ariados_terafairy",
            "required": false
        },
        {
            "id": "cobblemonraiddens:ariados_terafighting",
            "required": false
        },
        {
            "id": "cobblemonraiddens:ariados_terafire",
            "required": false
        },
        {
            "id": "cobblemonraiddens:ariados_teraflying",
            "required": false
        },
        {
            "id": "cobblemonraiddens:ariados_teraghost",
            "required": false
        },
        {
            "id": "cobblemonraiddens:ariados_teragrass",
            "required": false
        },
        {
            "id": "cobblemonraiddens:ariados_teraground",
            "required": false
        },
        {
            "id": "cobblemonraiddens:ariados_teraice",
            "required": false
        },
        {
            "id": "cobblemonraiddens:ariados_teranormal",
            "required": false
        },
        {
            "id": "cobblemonraiddens:ariados_terapoison",
            "required": false
        },
        {
            "id": "cobblemonraiddens:ariados_terapsychic",
            "required": false
        },
        {
            "id": "cobblemonraiddens:ariados_terarock",
            "required": false
        },
        {
            "id": "cobblemonraiddens:ariados_terasteel",
            "required": false
        },
        {
            "id": "cobblemonraiddens:ariados_terawater",
            "required": false
        }
    ]
}