{
    "replace": false,
    "values": [
        {
            "id": "cobblemonraiddens:armarouge_stellar",
            "required": false
        },
        {
            "id": "cobblemonraiddens:armarouge_terabug",
            "required": false
        },
        {
            "id": "cobblemonraiddens:armarouge_teradark",
            "required": false
        },
        {
            "id": "cobblemonraiddens:armarouge_teradragon",
            "required": false
        },
        {
            "id": "cobblemonraiddens:armarouge_teraelectric",
            "required": false
        },
        {
            "id": "cobblemonraiddens:armarouge_terafairy",
            "required": false
        },
        {
            "id": "cobblemonraiddens:armarouge_terafighting",
            "required": false
        },
        {
            "id": "cobblemonraiddens:armarouge_terafire",
            "required": false
        },
        {
            "id": "cobblemonraiddens:armarouge_teraflying",
            "required": false
        },
        {
            "id": "cobblemonraiddens:armarouge_teraghost",
            "required": false
        },
        {
            "id": "cobblemonraiddens:armarouge_teragrass",
            "required": false
        },
        {
            "id": "cobblemonraiddens:armarouge_teraground",
            "required": false
        },
        {
            "id": "cobblemonraiddens:armarouge_teraice",
            "required": false
        },
        {
            "id": "cobblemonraiddens:armarouge_teranormal",
            "required": false
        },
        {
            "id": "cobblemonraiddens:armarouge_terapoison",
            "required": false
        },
        {
            "id": "cobblemonraiddens:armarouge_terapsychic",
            "required": false
        },
        {
            "id": "cobblemonraiddens:armarouge_terarock",
            "required": false
        },
        {
            "id": "cobblemonraiddens:armarouge_terasteel",
            "required": false
        },
        {
            "id": "cobblemonraiddens:armarouge_terawater",
            "required": false
        }
    ]
}