{
    "replace": false,
    "values": [
        {
            "id": "cobblemonraiddens:armaldo_stellar",
            "required": false
        },
        {
            "id": "cobblemonraiddens:armaldo_terabug",
            "required": false
        },
        {
            "id": "cobblemonraiddens:armaldo_teradark",
            "required": false
        },
        {
            "id": "cobblemonraiddens:armaldo_teradragon",
            "required": false
        },
        {
            "id": "cobblemonraiddens:armaldo_teraelectric",
            "required": false
        },
        {
            "id": "cobblemonraiddens:armaldo_terafairy",
            "required": false
        },
        {
            "id": "cobblemonraiddens:armaldo_terafighting",
            "required": false
        },
        {
            "id": "cobblemonraiddens:armaldo_terafire",
            "required": false
        },
        {
            "id": "cobblemonraiddens:armaldo_teraflying",
            "required": false
        },
        {
            "id": "cobblemonraiddens:armaldo_teraghost",
            "required": false
        },
        {
            "id": "cobblemonraiddens:armaldo_teragrass",
            "required": false
        },
        {
            "id": "cobblemonraiddens:armaldo_teraground",
            "required": false
        },
        {
            "id": "cobblemonraiddens:armaldo_teraice",
            "required": false
        },
        {
            "id": "cobblemonraiddens:armaldo_teranormal",
            "required": false
        },
        {
            "id": "cobblemonraiddens:armaldo_terapoison",
            "required": false
        },
        {
            "id": "cobblemonraiddens:armaldo_terapsychic",
            "required": false
        },
        {
            "id": "cobblemonraiddens:armaldo_terarock",
            "required": false
        },
        {
            "id": "cobblemonraiddens:armaldo_terasteel",
            "required": false
        },
        {
            "id": "cobblemonraiddens:armaldo_terawater",
            "required": false
        }
    ]
}