{
    "replace": false,
    "values": [
        {
            "id": "cobblemonraiddens:aromatisse_stellar",
            "required": false
        },
        {
            "id": "cobblemonraiddens:aromatisse_terabug",
            "required": false
        },
        {
            "id": "cobblemonraiddens:aromatisse_teradark",
            "required": false
        },
        {
            "id": "cobblemonraiddens:aromatisse_teradragon",
            "required": false
        },
        {
            "id": "cobblemonraiddens:aromatisse_teraelectric",
            "required": false
        },
        {
            "id": "cobblemonraiddens:aromatisse_terafairy",
            "required": false
        },
        {
            "id": "cobblemonraiddens:aromatisse_terafighting",
            "required": false
        },
        {
            "id": "cobblemonraiddens:aromatisse_terafire",
            "required": false
        },
        {
            "id": "cobblemonraiddens:aromatisse_teraflying",
            "required": false
        },
        {
            "id": "cobblemonraiddens:aromatisse_teraghost",
            "required": false
        },
        {
            "id": "cobblemonraiddens:aromatisse_teragrass",
            "required": false
        },
        {
            "id": "cobblemonraiddens:aromatisse_teraground",
            "required": false
        },
        {
            "id": "cobblemonraiddens:aromatisse_teraice",
            "required": false
        },
        {
            "id": "cobblemonraiddens:aromatisse_teranormal",
            "required": false
        },
        {
            "id": "cobblemonraiddens:aromatisse_terapoison",
            "required": false
        },
        {
            "id": "cobblemonraiddens:aromatisse_terapsychic",
            "required": false
        },
        {
            "id": "cobblemonraiddens:aromatisse_terarock",
            "required": false
        },
        {
            "id": "cobblemonraiddens:aromatisse_terasteel",
            "required": false
        },
        {
            "id": "cobblemonraiddens:aromatisse_terawater",
            "required": false
        }
    ]
}