{
    "replace": false,
    "values": [
        {
            "id": "cobblemonraiddens:aron_stellar",
            "required": false
        },
        {
            "id": "cobblemonraiddens:aron_terabug",
            "required": false
        },
        {
            "id": "cobblemonraiddens:aron_teradark",
            "required": false
        },
        {
            "id": "cobblemonraiddens:aron_teradragon",
            "required": false
        },
        {
            "id": "cobblemonraiddens:aron_teraelectric",
            "required": false
        },
        {
            "id": "cobblemonraiddens:aron_terafairy",
            "required": false
        },
        {
            "id": "cobblemonraiddens:aron_terafighting",
            "required": false
        },
        {
            "id": "cobblemonraiddens:aron_terafire",
            "required": false
        },
        {
            "id": "cobblemonraiddens:aron_teraflying",
            "required": false
        },
        {
            "id": "cobblemonraiddens:aron_teraghost",
            "required": false
        },
        {
            "id": "cobblemonraiddens:aron_teragrass",
            "required": false
        },
        {
            "id": "cobblemonraiddens:aron_teraground",
            "required": false
        },
        {
            "id": "cobblemonraiddens:aron_teraice",
            "required": false
        },
        {
            "id": "cobblemonraiddens:aron_teranormal",
            "required": false
        },
        {
            "id": "cobblemonraiddens:aron_terapoison",
            "required": false
        },
        {
            "id": "cobblemonraiddens:aron_terapsychic",
            "required": false
        },
        {
            "id": "cobblemonraiddens:aron_terarock",
            "required": false
        },
        {
            "id": "cobblemonraiddens:aron_terasteel",
            "required": false
        },
        {
            "id": "cobblemonraiddens:aron_terawater",
            "required": false
        }
    ]
}