{
    "replace": false,
    "values": [
        {
            "id": "cobblemonraiddens:arrokuda_stellar",
            "required": false
        },
        {
            "id": "cobblemonraiddens:arrokuda_terabug",
            "required": false
        },
        {
            "id": "cobblemonraiddens:arrokuda_teradark",
            "required": false
        },
        {
            "id": "cobblemonraiddens:arrokuda_teradragon",
            "required": false
        },
        {
            "id": "cobblemonraiddens:arrokuda_teraelectric",
            "required": false
        },
        {
            "id": "cobblemonraiddens:arrokuda_terafairy",
            "required": false
        },
        {
            "id": "cobblemonraiddens:arrokuda_terafighting",
            "required": false
        },
        {
            "id": "cobblemonraiddens:arrokuda_terafire",
            "required": false
        },
        {
            "id": "cobblemonraiddens:arrokuda_teraflying",
            "required": false
        },
        {
            "id": "cobblemonraiddens:arrokuda_teraghost",
            "required": false
        },
        {
            "id": "cobblemonraiddens:arrokuda_teragrass",
            "required": false
        },
        {
            "id": "cobblemonraiddens:arrokuda_teraground",
            "required": false
        },
        {
            "id": "cobblemonraiddens:arrokuda_teraice",
            "required": false
        },
        {
            "id": "cobblemonraiddens:arrokuda_teranormal",
            "required": false
        },
        {
            "id": "cobblemonraiddens:arrokuda_terapoison",
            "required": false
        },
        {
            "id": "cobblemonraiddens:arrokuda_terapsychic",
            "required": false
        },
        {
            "id": "cobblemonraiddens:arrokuda_terarock",
            "required": false
        },
        {
            "id": "cobblemonraiddens:arrokuda_terasteel",
            "required": false
        },
        {
            "id": "cobblemonraiddens:arrokuda_terawater",
            "required": false
        }
    ]
}