{
    "replace": false,
    "values": [
        {
            "id": "cobblemonraiddens:articuno_stellar",
            "required": false
        },
        {
            "id": "cobblemonraiddens:articuno_terabug",
            "required": false
        },
        {
            "id": "cobblemonraiddens:articuno_teradark",
            "required": false
        },
        {
            "id": "cobblemonraiddens:articuno_teradragon",
            "required": false
        },
        {
            "id": "cobblemonraiddens:articuno_teraelectric",
            "required": false
        },
        {
            "id": "cobblemonraiddens:articuno_terafairy",
            "required": false
        },
        {
            "id": "cobblemonraiddens:articuno_terafighting",
            "required": false
        },
        {
            "id": "cobblemonraiddens:articuno_terafire",
            "required": false
        },
        {
            "id": "cobblemonraiddens:articuno_teraflying",
            "required": false
        },
        {
            "id": "cobblemonraiddens:articuno_teraghost",
            "required": false
        },
        {
            "id": "cobblemonraiddens:articuno_teragrass",
            "required": false
        },
        {
            "id": "cobblemonraiddens:articuno_teraground",
            "required": false
        },
        {
            "id": "cobblemonraiddens:articuno_teraice",
            "required": false
        },
        {
            "id": "cobblemonraiddens:articuno_teranormal",
            "required": false
        },
        {
            "id": "cobblemonraiddens:articuno_terapoison",
            "required": false
        },
        {
            "id": "cobblemonraiddens:articuno_terapsychic",
            "required": false
        },
        {
            "id": "cobblemonraiddens:articuno_terarock",
            "required": false
        },
        {
            "id": "cobblemonraiddens:articuno_terasteel",
            "required": false
        },
        {
            "id": "cobblemonraiddens:articuno_terawater",
            "required": false
        }
    ]
}