{
    "replace": false,
    "values": [
        {
            "id": "cobblemonraiddens:audino_stellar",
            "required": false
        },
        {
            "id": "cobblemonraiddens:audino_terabug",
            "required": false
        },
        {
            "id": "cobblemonraiddens:audino_teradark",
            "required": false
        },
        {
            "id": "cobblemonraiddens:audino_teradragon",
            "required": false
        },
        {
            "id": "cobblemonraiddens:audino_teraelectric",
            "required": false
        },
        {
            "id": "cobblemonraiddens:audino_terafairy",
            "required": false
        },
        {
            "id": "cobblemonraiddens:audino_terafighting",
            "required": false
        },
        {
            "id": "cobblemonraiddens:audino_terafire",
            "required": false
        },
        {
            "id": "cobblemonraiddens:audino_teraflying",
            "required": false
        },
        {
            "id": "cobblemonraiddens:audino_teraghost",
            "required": false
        },
        {
            "id": "cobblemonraiddens:audino_teragrass",
            "required": false
        },
        {
            "id": "cobblemonraiddens:audino_teraground",
            "required": false
        },
        {
            "id": "cobblemonraiddens:audino_teraice",
            "required": false
        },
        {
            "id": "cobblemonraiddens:audino_teranormal",
            "required": false
        },
        {
            "id": "cobblemonraiddens:audino_terapoison",
            "required": false
        },
        {
            "id": "cobblemonraiddens:audino_terapsychic",
            "required": false
        },
        {
            "id": "cobblemonraiddens:audino_terarock",
            "required": false
        },
        {
            "id": "cobblemonraiddens:audino_terasteel",
            "required": false
        },
        {
            "id": "cobblemonraiddens:audino_terawater",
            "required": false
        }
    ]
}