{
    "replace": false,
    "values": [
        {
            "id": "cobblemonraiddens:aurorus_stellar",
            "required": false
        },
        {
            "id": "cobblemonraiddens:aurorus_terabug",
            "required": false
        },
        {
            "id": "cobblemonraiddens:aurorus_teradark",
            "required": false
        },
        {
            "id": "cobblemonraiddens:aurorus_teradragon",
            "required": false
        },
        {
            "id": "cobblemonraiddens:aurorus_teraelectric",
            "required": false
        },
        {
            "id": "cobblemonraiddens:aurorus_terafairy",
            "required": false
        },
        {
            "id": "cobblemonraiddens:aurorus_terafighting",
            "required": false
        },
        {
            "id": "cobblemonraiddens:aurorus_terafire",
            "required": false
        },
        {
            "id": "cobblemonraiddens:aurorus_teraflying",
            "required": false
        },
        {
            "id": "cobblemonraiddens:aurorus_teraghost",
            "required": false
        },
        {
            "id": "cobblemonraiddens:aurorus_teragrass",
            "required": false
        },
        {
            "id": "cobblemonraiddens:aurorus_teraground",
            "required": false
        },
        {
            "id": "cobblemonraiddens:aurorus_teraice",
            "required": false
        },
        {
            "id": "cobblemonraiddens:aurorus_teranormal",
            "required": false
        },
        {
            "id": "cobblemonraiddens:aurorus_terapoison",
            "required": false
        },
        {
            "id": "cobblemonraiddens:aurorus_terapsychic",
            "required": false
        },
        {
            "id": "cobblemonraiddens:aurorus_terarock",
            "required": false
        },
        {
            "id": "cobblemonraiddens:aurorus_terasteel",
            "required": false
        },
        {
            "id": "cobblemonraiddens:aurorus_terawater",
            "required": false
        }
    ]
}