{
    "replace": false,
    "values": [
        {
            "id": "cobblemonraiddens:avalugg_stellar",
            "required": false
        },
        {
            "id": "cobblemonraiddens:avalugg_terabug",
            "required": false
        },
        {
            "id": "cobblemonraiddens:avalugg_teradark",
            "required": false
        },
        {
            "id": "cobblemonraiddens:avalugg_teradragon",
            "required": false
        },
        {
            "id": "cobblemonraiddens:avalugg_teraelectric",
            "required": false
        },
        {
            "id": "cobblemonraiddens:avalugg_terafairy",
            "required": false
        },
        {
            "id": "cobblemonraiddens:avalugg_terafighting",
            "required": false
        },
        {
            "id": "cobblemonraiddens:avalugg_terafire",
            "required": false
        },
        {
            "id": "cobblemonraiddens:avalugg_teraflying",
            "required": false
        },
        {
            "id": "cobblemonraiddens:avalugg_teraghost",
            "required": false
        },
        {
            "id": "cobblemonraiddens:avalugg_teragrass",
            "required": false
        },
        {
            "id": "cobblemonraiddens:avalugg_teraground",
            "required": false
        },
        {
            "id": "cobblemonraiddens:avalugg_teraice",
            "required": false
        },
        {
            "id": "cobblemonraiddens:avalugg_teranormal",
            "required": false
        },
        {
            "id": "cobblemonraiddens:avalugg_terapoison",
            "required": false
        },
        {
            "id": "cobblemonraiddens:avalugg_terapsychic",
            "required": false
        },
        {
            "id": "cobblemonraiddens:avalugg_terarock",
            "required": false
        },
        {
            "id": "cobblemonraiddens:avalugg_terasteel",
            "required": false
        },
        {
            "id": "cobblemonraiddens:avalugg_terawater",
            "required": false
        }
    ]
}