{
    "replace": false,
    "values": [
        {
            "id": "cobblemonraiddens:avalugg_hisuian_stellar",
            "required": false
        },
        {
            "id": "cobblemonraiddens:avalugg_hisuian_terabug",
            "required": false
        },
        {
            "id": "cobblemonraiddens:avalugg_hisuian_teradark",
            "required": false
        },
        {
            "id": "cobblemonraiddens:avalugg_hisuian_teradragon",
            "required": false
        },
        {
            "id": "cobblemonraiddens:avalugg_hisuian_teraelectric",
            "required": false
        },
        {
            "id": "cobblemonraiddens:avalugg_hisuian_terafairy",
            "required": false
        },
        {
            "id": "cobblemonraiddens:avalugg_hisuian_terafighting",
            "required": false
        },
        {
            "id": "cobblemonraiddens:avalugg_hisuian_terafire",
            "required": false
        },
        {
            "id": "cobblemonraiddens:avalugg_hisuian_teraflying",
            "required": false
        },
        {
            "id": "cobblemonraiddens:avalugg_hisuian_teraghost",
            "required": false
        },
        {
            "id": "cobblemonraiddens:avalugg_hisuian_teragrass",
            "required": false
        },
        {
            "id": "cobblemonraiddens:avalugg_hisuian_teraground",
            "required": false
        },
        {
            "id": "cobblemonraiddens:avalugg_hisuian_teraice",
            "required": false
        },
        {
            "id": "cobblemonraiddens:avalugg_hisuian_teranormal",
            "required": false
        },
        {
            "id": "cobblemonraiddens:avalugg_hisuian_terapoison",
            "required": false
        },
        {
            "id": "cobblemonraiddens:avalugg_hisuian_terapsychic",
            "required": false
        },
        {
            "id": "cobblemonraiddens:avalugg_hisuian_terarock",
            "required": false
        },
        {
            "id": "cobblemonraiddens:avalugg_hisuian_terasteel",
            "required": false
        },
        {
            "id": "cobblemonraiddens:avalugg_hisuian_terawater",
            "required": false
        }
    ]
}