{
    "replace": false,
    "values": [
        {
            "id": "cobblemonraiddens:axew_stellar",
            "required": false
        },
        {
            "id": "cobblemonraiddens:axew_terabug",
            "required": false
        },
        {
            "id": "cobblemonraiddens:axew_teradark",
            "required": false
        },
        {
            "id": "cobblemonraiddens:axew_teradragon",
            "required": false
        },
        {
            "id": "cobblemonraiddens:axew_teraelectric",
            "required": false
        },
        {
            "id": "cobblemonraiddens:axew_terafairy",
            "required": false
        },
        {
            "id": "cobblemonraiddens:axew_terafighting",
            "required": false
        },
        {
            "id": "cobblemonraiddens:axew_terafire",
            "required": false
        },
        {
            "id": "cobblemonraiddens:axew_teraflying",
            "required": false
        },
        {
            "id": "cobblemonraiddens:axew_teraghost",
            "required": false
        },
        {
            "id": "cobblemonraiddens:axew_teragrass",
            "required": false
        },
        {
            "id": "cobblemonraiddens:axew_teraground",
            "required": false
        },
        {
            "id": "cobblemonraiddens:axew_teraice",
            "required": false
        },
        {
            "id": "cobblemonraiddens:axew_teranormal",
            "required": false
        },
        {
            "id": "cobblemonraiddens:axew_terapoison",
            "required": false
        },
        {
            "id": "cobblemonraiddens:axew_terapsychic",
            "required": false
        },
        {
            "id": "cobblemonraiddens:axew_terarock",
            "required": false
        },
        {
            "id": "cobblemonraiddens:axew_terasteel",
            "required": false
        },
        {
            "id": "cobblemonraiddens:axew_terawater",
            "required": false
        }
    ]
}