{
    "replace": false,
    "values": [
        {
            "id": "cobblemonraiddens:azelf_stellar",
            "required": false
        },
        {
            "id": "cobblemonraiddens:azelf_terabug",
            "required": false
        },
        {
            "id": "cobblemonraiddens:azelf_teradark",
            "required": false
        },
        {
            "id": "cobblemonraiddens:azelf_teradragon",
            "required": false
        },
        {
            "id": "cobblemonraiddens:azelf_teraelectric",
            "required": false
        },
        {
            "id": "cobblemonraiddens:azelf_terafairy",
            "required": false
        },
        {
            "id": "cobblemonraiddens:azelf_terafighting",
            "required": false
        },
        {
            "id": "cobblemonraiddens:azelf_terafire",
            "required": false
        },
        {
            "id": "cobblemonraiddens:azelf_teraflying",
            "required": false
        },
        {
            "id": "cobblemonraiddens:azelf_teraghost",
            "required": false
        },
        {
            "id": "cobblemonraiddens:azelf_teragrass",
            "required": false
        },
        {
            "id": "cobblemonraiddens:azelf_teraground",
            "required": false
        },
        {
            "id": "cobblemonraiddens:azelf_teraice",
            "required": false
        },
        {
            "id": "cobblemonraiddens:azelf_teranormal",
            "required": false
        },
        {
            "id": "cobblemonraiddens:azelf_terapoison",
            "required": false
        },
        {
            "id": "cobblemonraiddens:azelf_terapsychic",
            "required": false
        },
        {
            "id": "cobblemonraiddens:azelf_terarock",
            "required": false
        },
        {
            "id": "cobblemonraiddens:azelf_terasteel",
            "required": false
        },
        {
            "id": "cobblemonraiddens:azelf_terawater",
            "required": false
        }
    ]
}