{
    "replace": false,
    "values": [
        {
            "id": "cobblemonraiddens:azumarill_stellar",
            "required": false
        },
        {
            "id": "cobblemonraiddens:azumarill_terabug",
            "required": false
        },
        {
            "id": "cobblemonraiddens:azumarill_teradark",
            "required": false
        },
        {
            "id": "cobblemonraiddens:azumarill_teradragon",
            "required": false
        },
        {
            "id": "cobblemonraiddens:azumarill_teraelectric",
            "required": false
        },
        {
            "id": "cobblemonraiddens:azumarill_terafairy",
            "required": false
        },
        {
            "id": "cobblemonraiddens:azumarill_terafighting",
            "required": false
        },
        {
            "id": "cobblemonraiddens:azumarill_terafire",
            "required": false
        },
        {
            "id": "cobblemonraiddens:azumarill_teraflying",
            "required": false
        },
        {
            "id": "cobblemonraiddens:azumarill_teraghost",
            "required": false
        },
        {
            "id": "cobblemonraiddens:azumarill_teragrass",
            "required": false
        },
        {
            "id": "cobblemonraiddens:azumarill_teraground",
            "required": false
        },
        {
            "id": "cobblemonraiddens:azumarill_teraice",
            "required": false
        },
        {
            "id": "cobblemonraiddens:azumarill_teranormal",
            "required": false
        },
        {
            "id": "cobblemonraiddens:azumarill_terapoison",
            "required": false
        },
        {
            "id": "cobblemonraiddens:azumarill_terapsychic",
            "required": false
        },
        {
            "id": "cobblemonraiddens:azumarill_terarock",
            "required": false
        },
        {
            "id": "cobblemonraiddens:azumarill_terasteel",
            "required": false
        },
        {
            "id": "cobblemonraiddens:azumarill_terawater",
            "required": false
        }
    ]
}