{
    "replace": false,
    "values": [
        {
            "id": "cobblemonraiddens:azurill_stellar",
            "required": false
        },
        {
            "id": "cobblemonraiddens:azurill_terabug",
            "required": false
        },
        {
            "id": "cobblemonraiddens:azurill_teradark",
            "required": false
        },
        {
            "id": "cobblemonraiddens:azurill_teradragon",
            "required": false
        },
        {
            "id": "cobblemonraiddens:azurill_teraelectric",
            "required": false
        },
        {
            "id": "cobblemonraiddens:azurill_terafairy",
            "required": false
        },
        {
            "id": "cobblemonraiddens:azurill_terafighting",
            "required": false
        },
        {
            "id": "cobblemonraiddens:azurill_terafire",
            "required": false
        },
        {
            "id": "cobblemonraiddens:azurill_teraflying",
            "required": false
        },
        {
            "id": "cobblemonraiddens:azurill_teraghost",
            "required": false
        },
        {
            "id": "cobblemonraiddens:azurill_teragrass",
            "required": false
        },
        {
            "id": "cobblemonraiddens:azurill_teraground",
            "required": false
        },
        {
            "id": "cobblemonraiddens:azurill_teraice",
            "required": false
        },
        {
            "id": "cobblemonraiddens:azurill_teranormal",
            "required": false
        },
        {
            "id": "cobblemonraiddens:azurill_terapoison",
            "required": false
        },
        {
            "id": "cobblemonraiddens:azurill_terapsychic",
            "required": false
        },
        {
            "id": "cobblemonraiddens:azurill_terarock",
            "required": false
        },
        {
            "id": "cobblemonraiddens:azurill_terasteel",
            "required": false
        },
        {
            "id": "cobblemonraiddens:azurill_terawater",
            "required": false
        }
    ]
}