{
    "replace": false,
    "values": [
        {
            "id": "cobblemonraiddens:bagon_stellar",
            "required": false
        },
        {
            "id": "cobblemonraiddens:bagon_terabug",
            "required": false
        },
        {
            "id": "cobblemonraiddens:bagon_teradark",
            "required": false
        },
        {
            "id": "cobblemonraiddens:bagon_teradragon",
            "required": false
        },
        {
            "id": "cobblemonraiddens:bagon_teraelectric",
            "required": false
        },
        {
            "id": "cobblemonraiddens:bagon_terafairy",
            "required": false
        },
        {
            "id": "cobblemonraiddens:bagon_terafighting",
            "required": false
        },
        {
            "id": "cobblemonraiddens:bagon_terafire",
            "required": false
        },
        {
            "id": "cobblemonraiddens:bagon_teraflying",
            "required": false
        },
        {
            "id": "cobblemonraiddens:bagon_teraghost",
            "required": false
        },
        {
            "id": "cobblemonraiddens:bagon_teragrass",
            "required": false
        },
        {
            "id": "cobblemonraiddens:bagon_teraground",
            "required": false
        },
        {
            "id": "cobblemonraiddens:bagon_teraice",
            "required": false
        },
        {
            "id": "cobblemonraiddens:bagon_teranormal",
            "required": false
        },
        {
            "id": "cobblemonraiddens:bagon_terapoison",
            "required": false
        },
        {
            "id": "cobblemonraiddens:bagon_terapsychic",
            "required": false
        },
        {
            "id": "cobblemonraiddens:bagon_terarock",
            "required": false
        },
        {
            "id": "cobblemonraiddens:bagon_terasteel",
            "required": false
        },
        {
            "id": "cobblemonraiddens:bagon_terawater",
            "required": false
        }
    ]
}