{
    "replace": false,
    "values": [
        {
            "id": "cobblemonraiddens:baltoy_stellar",
            "required": false
        },
        {
            "id": "cobblemonraiddens:baltoy_terabug",
            "required": false
        },
        {
            "id": "cobblemonraiddens:baltoy_teradark",
            "required": false
        },
        {
            "id": "cobblemonraiddens:baltoy_teradragon",
            "required": false
        },
        {
            "id": "cobblemonraiddens:baltoy_teraelectric",
            "required": false
        },
        {
            "id": "cobblemonraiddens:baltoy_terafairy",
            "required": false
        },
        {
            "id": "cobblemonraiddens:baltoy_terafighting",
            "required": false
        },
        {
            "id": "cobblemonraiddens:baltoy_terafire",
            "required": false
        },
        {
            "id": "cobblemonraiddens:baltoy_teraflying",
            "required": false
        },
        {
            "id": "cobblemonraiddens:baltoy_teraghost",
            "required": false
        },
        {
            "id": "cobblemonraiddens:baltoy_teragrass",
            "required": false
        },
        {
            "id": "cobblemonraiddens:baltoy_teraground",
            "required": false
        },
        {
            "id": "cobblemonraiddens:baltoy_teraice",
            "required": false
        },
        {
            "id": "cobblemonraiddens:baltoy_teranormal",
            "required": false
        },
        {
            "id": "cobblemonraiddens:baltoy_terapoison",
            "required": false
        },
        {
            "id": "cobblemonraiddens:baltoy_terapsychic",
            "required": false
        },
        {
            "id": "cobblemonraiddens:baltoy_terarock",
            "required": false
        },
        {
            "id": "cobblemonraiddens:baltoy_terasteel",
            "required": false
        },
        {
            "id": "cobblemonraiddens:baltoy_terawater",
            "required": false
        }
    ]
}