{
    "replace": false,
    "values": [
        {
            "id": "cobblemonraiddens:banette_stellar",
            "required": false
        },
        {
            "id": "cobblemonraiddens:banette_terabug",
            "required": false
        },
        {
            "id": "cobblemonraiddens:banette_teradark",
            "required": false
        },
        {
            "id": "cobblemonraiddens:banette_teradragon",
            "required": false
        },
        {
            "id": "cobblemonraiddens:banette_teraelectric",
            "required": false
        },
        {
            "id": "cobblemonraiddens:banette_terafairy",
            "required": false
        },
        {
            "id": "cobblemonraiddens:banette_terafighting",
            "required": false
        },
        {
            "id": "cobblemonraiddens:banette_terafire",
            "required": false
        },
        {
            "id": "cobblemonraiddens:banette_teraflying",
            "required": false
        },
        {
            "id": "cobblemonraiddens:banette_teraghost",
            "required": false
        },
        {
            "id": "cobblemonraiddens:banette_teragrass",
            "required": false
        },
        {
            "id": "cobblemonraiddens:banette_teraground",
            "required": false
        },
        {
            "id": "cobblemonraiddens:banette_teraice",
            "required": false
        },
        {
            "id": "cobblemonraiddens:banette_teranormal",
            "required": false
        },
        {
            "id": "cobblemonraiddens:banette_terapoison",
            "required": false
        },
        {
            "id": "cobblemonraiddens:banette_terapsychic",
            "required": false
        },
        {
            "id": "cobblemonraiddens:banette_terarock",
            "required": false
        },
        {
            "id": "cobblemonraiddens:banette_terasteel",
            "required": false
        },
        {
            "id": "cobblemonraiddens:banette_terawater",
            "required": false
        }
    ]
}