{
    "replace": false,
    "values": [
        {
            "id": "cobblemonraiddens:barbaracle_stellar",
            "required": false
        },
        {
            "id": "cobblemonraiddens:barbaracle_terabug",
            "required": false
        },
        {
            "id": "cobblemonraiddens:barbaracle_teradark",
            "required": false
        },
        {
            "id": "cobblemonraiddens:barbaracle_teradragon",
            "required": false
        },
        {
            "id": "cobblemonraiddens:barbaracle_teraelectric",
            "required": false
        },
        {
            "id": "cobblemonraiddens:barbaracle_terafairy",
            "required": false
        },
        {
            "id": "cobblemonraiddens:barbaracle_terafighting",
            "required": false
        },
        {
            "id": "cobblemonraiddens:barbaracle_terafire",
            "required": false
        },
        {
            "id": "cobblemonraiddens:barbaracle_teraflying",
            "required": false
        },
        {
            "id": "cobblemonraiddens:barbaracle_teraghost",
            "required": false
        },
        {
            "id": "cobblemonraiddens:barbaracle_teragrass",
            "required": false
        },
        {
            "id": "cobblemonraiddens:barbaracle_teraground",
            "required": false
        },
        {
            "id": "cobblemonraiddens:barbaracle_teraice",
            "required": false
        },
        {
            "id": "cobblemonraiddens:barbaracle_teranormal",
            "required": false
        },
        {
            "id": "cobblemonraiddens:barbaracle_terapoison",
            "required": false
        },
        {
            "id": "cobblemonraiddens:barbaracle_terapsychic",
            "required": false
        },
        {
            "id": "cobblemonraiddens:barbaracle_terarock",
            "required": false
        },
        {
            "id": "cobblemonraiddens:barbaracle_terasteel",
            "required": false
        },
        {
            "id": "cobblemonraiddens:barbaracle_terawater",
            "required": false
        }
    ]
}