{
    "replace": false,
    "values": [
        {
            "id": "cobblemonraiddens:barboach_stellar",
            "required": false
        },
        {
            "id": "cobblemonraiddens:barboach_terabug",
            "required": false
        },
        {
            "id": "cobblemonraiddens:barboach_teradark",
            "required": false
        },
        {
            "id": "cobblemonraiddens:barboach_teradragon",
            "required": false
        },
        {
            "id": "cobblemonraiddens:barboach_teraelectric",
            "required": false
        },
        {
            "id": "cobblemonraiddens:barboach_terafairy",
            "required": false
        },
        {
            "id": "cobblemonraiddens:barboach_terafighting",
            "required": false
        },
        {
            "id": "cobblemonraiddens:barboach_terafire",
            "required": false
        },
        {
            "id": "cobblemonraiddens:barboach_teraflying",
            "required": false
        },
        {
            "id": "cobblemonraiddens:barboach_teraghost",
            "required": false
        },
        {
            "id": "cobblemonraiddens:barboach_teragrass",
            "required": false
        },
        {
            "id": "cobblemonraiddens:barboach_teraground",
            "required": false
        },
        {
            "id": "cobblemonraiddens:barboach_teraice",
            "required": false
        },
        {
            "id": "cobblemonraiddens:barboach_teranormal",
            "required": false
        },
        {
            "id": "cobblemonraiddens:barboach_terapoison",
            "required": false
        },
        {
            "id": "cobblemonraiddens:barboach_terapsychic",
            "required": false
        },
        {
            "id": "cobblemonraiddens:barboach_terarock",
            "required": false
        },
        {
            "id": "cobblemonraiddens:barboach_terasteel",
            "required": false
        },
        {
            "id": "cobblemonraiddens:barboach_terawater",
            "required": false
        }
    ]
}