{
    "replace": false,
    "values": [
        {
            "id": "cobblemonraiddens:barraskewda_stellar",
            "required": false
        },
        {
            "id": "cobblemonraiddens:barraskewda_terabug",
            "required": false
        },
        {
            "id": "cobblemonraiddens:barraskewda_teradark",
            "required": false
        },
        {
            "id": "cobblemonraiddens:barraskewda_teradragon",
            "required": false
        },
        {
            "id": "cobblemonraiddens:barraskewda_teraelectric",
            "required": false
        },
        {
            "id": "cobblemonraiddens:barraskewda_terafairy",
            "required": false
        },
        {
            "id": "cobblemonraiddens:barraskewda_terafighting",
            "required": false
        },
        {
            "id": "cobblemonraiddens:barraskewda_terafire",
            "required": false
        },
        {
            "id": "cobblemonraiddens:barraskewda_teraflying",
            "required": false
        },
        {
            "id": "cobblemonraiddens:barraskewda_teraghost",
            "required": false
        },
        {
            "id": "cobblemonraiddens:barraskewda_teragrass",
            "required": false
        },
        {
            "id": "cobblemonraiddens:barraskewda_teraground",
            "required": false
        },
        {
            "id": "cobblemonraiddens:barraskewda_teraice",
            "required": false
        },
        {
            "id": "cobblemonraiddens:barraskewda_teranormal",
            "required": false
        },
        {
            "id": "cobblemonraiddens:barraskewda_terapoison",
            "required": false
        },
        {
            "id": "cobblemonraiddens:barraskewda_terapsychic",
            "required": false
        },
        {
            "id": "cobblemonraiddens:barraskewda_terarock",
            "required": false
        },
        {
            "id": "cobblemonraiddens:barraskewda_terasteel",
            "required": false
        },
        {
            "id": "cobblemonraiddens:barraskewda_terawater",
            "required": false
        }
    ]
}