{
    "replace": false,
    "values": [
        {
            "id": "cobblemonraiddens:basculin_white_stellar",
            "required": false
        },
        {
            "id": "cobblemonraiddens:basculin_white_terabug",
            "required": false
        },
        {
            "id": "cobblemonraiddens:basculin_white_teradark",
            "required": false
        },
        {
            "id": "cobblemonraiddens:basculin_white_teradragon",
            "required": false
        },
        {
            "id": "cobblemonraiddens:basculin_white_teraelectric",
            "required": false
        },
        {
            "id": "cobblemonraiddens:basculin_white_terafairy",
            "required": false
        },
        {
            "id": "cobblemonraiddens:basculin_white_terafighting",
            "required": false
        },
        {
            "id": "cobblemonraiddens:basculin_white_terafire",
            "required": false
        },
        {
            "id": "cobblemonraiddens:basculin_white_teraflying",
            "required": false
        },
        {
            "id": "cobblemonraiddens:basculin_white_teraghost",
            "required": false
        },
        {
            "id": "cobblemonraiddens:basculin_white_teragrass",
            "required": false
        },
        {
            "id": "cobblemonraiddens:basculin_white_teraground",
            "required": false
        },
        {
            "id": "cobblemonraiddens:basculin_white_teraice",
            "required": false
        },
        {
            "id": "cobblemonraiddens:basculin_white_teranormal",
            "required": false
        },
        {
            "id": "cobblemonraiddens:basculin_white_terapoison",
            "required": false
        },
        {
            "id": "cobblemonraiddens:basculin_white_terapsychic",
            "required": false
        },
        {
            "id": "cobblemonraiddens:basculin_white_terarock",
            "required": false
        },
        {
            "id": "cobblemonraiddens:basculin_white_terasteel",
            "required": false
        },
        {
            "id": "cobblemonraiddens:basculin_white_terawater",
            "required": false
        }
    ]
}