{
    "replace": false,
    "values": [
        {
            "id": "cobblemonraiddens:basculin_blue_stellar",
            "required": false
        },
        {
            "id": "cobblemonraiddens:basculin_blue_terabug",
            "required": false
        },
        {
            "id": "cobblemonraiddens:basculin_blue_teradark",
            "required": false
        },
        {
            "id": "cobblemonraiddens:basculin_blue_teradragon",
            "required": false
        },
        {
            "id": "cobblemonraiddens:basculin_blue_teraelectric",
            "required": false
        },
        {
            "id": "cobblemonraiddens:basculin_blue_terafairy",
            "required": false
        },
        {
            "id": "cobblemonraiddens:basculin_blue_terafighting",
            "required": false
        },
        {
            "id": "cobblemonraiddens:basculin_blue_terafire",
            "required": false
        },
        {
            "id": "cobblemonraiddens:basculin_blue_teraflying",
            "required": false
        },
        {
            "id": "cobblemonraiddens:basculin_blue_teraghost",
            "required": false
        },
        {
            "id": "cobblemonraiddens:basculin_blue_teragrass",
            "required": false
        },
        {
            "id": "cobblemonraiddens:basculin_blue_teraground",
            "required": false
        },
        {
            "id": "cobblemonraiddens:basculin_blue_teraice",
            "required": false
        },
        {
            "id": "cobblemonraiddens:basculin_blue_teranormal",
            "required": false
        },
        {
            "id": "cobblemonraiddens:basculin_blue_terapoison",
            "required": false
        },
        {
            "id": "cobblemonraiddens:basculin_blue_terapsychic",
            "required": false
        },
        {
            "id": "cobblemonraiddens:basculin_blue_terarock",
            "required": false
        },
        {
            "id": "cobblemonraiddens:basculin_blue_terasteel",
            "required": false
        },
        {
            "id": "cobblemonraiddens:basculin_blue_terawater",
            "required": false
        }
    ]
}