{
    "replace": false,
    "values": [
        {
            "id": "cobblemonraiddens:basculin_red_stellar",
            "required": false
        },
        {
            "id": "cobblemonraiddens:basculin_red_terabug",
            "required": false
        },
        {
            "id": "cobblemonraiddens:basculin_red_teradark",
            "required": false
        },
        {
            "id": "cobblemonraiddens:basculin_red_teradragon",
            "required": false
        },
        {
            "id": "cobblemonraiddens:basculin_red_teraelectric",
            "required": false
        },
        {
            "id": "cobblemonraiddens:basculin_red_terafairy",
            "required": false
        },
        {
            "id": "cobblemonraiddens:basculin_red_terafighting",
            "required": false
        },
        {
            "id": "cobblemonraiddens:basculin_red_terafire",
            "required": false
        },
        {
            "id": "cobblemonraiddens:basculin_red_teraflying",
            "required": false
        },
        {
            "id": "cobblemonraiddens:basculin_red_teraghost",
            "required": false
        },
        {
            "id": "cobblemonraiddens:basculin_red_teragrass",
            "required": false
        },
        {
            "id": "cobblemonraiddens:basculin_red_teraground",
            "required": false
        },
        {
            "id": "cobblemonraiddens:basculin_red_teraice",
            "required": false
        },
        {
            "id": "cobblemonraiddens:basculin_red_teranormal",
            "required": false
        },
        {
            "id": "cobblemonraiddens:basculin_red_terapoison",
            "required": false
        },
        {
            "id": "cobblemonraiddens:basculin_red_terapsychic",
            "required": false
        },
        {
            "id": "cobblemonraiddens:basculin_red_terarock",
            "required": false
        },
        {
            "id": "cobblemonraiddens:basculin_red_terasteel",
            "required": false
        },
        {
            "id": "cobblemonraiddens:basculin_red_terawater",
            "required": false
        }
    ]
}