{
    "replace": false,
    "values": [
        {
            "id": "cobblemonraiddens:basculegion_stellar",
            "required": false
        },
        {
            "id": "cobblemonraiddens:basculegion_terabug",
            "required": false
        },
        {
            "id": "cobblemonraiddens:basculegion_teradark",
            "required": false
        },
        {
            "id": "cobblemonraiddens:basculegion_teradragon",
            "required": false
        },
        {
            "id": "cobblemonraiddens:basculegion_teraelectric",
            "required": false
        },
        {
            "id": "cobblemonraiddens:basculegion_terafairy",
            "required": false
        },
        {
            "id": "cobblemonraiddens:basculegion_terafighting",
            "required": false
        },
        {
            "id": "cobblemonraiddens:basculegion_terafire",
            "required": false
        },
        {
            "id": "cobblemonraiddens:basculegion_teraflying",
            "required": false
        },
        {
            "id": "cobblemonraiddens:basculegion_teraghost",
            "required": false
        },
        {
            "id": "cobblemonraiddens:basculegion_teragrass",
            "required": false
        },
        {
            "id": "cobblemonraiddens:basculegion_teraground",
            "required": false
        },
        {
            "id": "cobblemonraiddens:basculegion_teraice",
            "required": false
        },
        {
            "id": "cobblemonraiddens:basculegion_teranormal",
            "required": false
        },
        {
            "id": "cobblemonraiddens:basculegion_terapoison",
            "required": false
        },
        {
            "id": "cobblemonraiddens:basculegion_terapsychic",
            "required": false
        },
        {
            "id": "cobblemonraiddens:basculegion_terarock",
            "required": false
        },
        {
            "id": "cobblemonraiddens:basculegion_terasteel",
            "required": false
        },
        {
            "id": "cobblemonraiddens:basculegion_terawater",
            "required": false
        }
    ]
}