{
    "replace": false,
    "values": [
        {
            "id": "cobblemonraiddens:bastiodon_stellar",
            "required": false
        },
        {
            "id": "cobblemonraiddens:bastiodon_terabug",
            "required": false
        },
        {
            "id": "cobblemonraiddens:bastiodon_teradark",
            "required": false
        },
        {
            "id": "cobblemonraiddens:bastiodon_teradragon",
            "required": false
        },
        {
            "id": "cobblemonraiddens:bastiodon_teraelectric",
            "required": false
        },
        {
            "id": "cobblemonraiddens:bastiodon_terafairy",
            "required": false
        },
        {
            "id": "cobblemonraiddens:bastiodon_terafighting",
            "required": false
        },
        {
            "id": "cobblemonraiddens:bastiodon_terafire",
            "required": false
        },
        {
            "id": "cobblemonraiddens:bastiodon_teraflying",
            "required": false
        },
        {
            "id": "cobblemonraiddens:bastiodon_teraghost",
            "required": false
        },
        {
            "id": "cobblemonraiddens:bastiodon_teragrass",
            "required": false
        },
        {
            "id": "cobblemonraiddens:bastiodon_teraground",
            "required": false
        },
        {
            "id": "cobblemonraiddens:bastiodon_teraice",
            "required": false
        },
        {
            "id": "cobblemonraiddens:bastiodon_teranormal",
            "required": false
        },
        {
            "id": "cobblemonraiddens:bastiodon_terapoison",
            "required": false
        },
        {
            "id": "cobblemonraiddens:bastiodon_terapsychic",
            "required": false
        },
        {
            "id": "cobblemonraiddens:bastiodon_terarock",
            "required": false
        },
        {
            "id": "cobblemonraiddens:bastiodon_terasteel",
            "required": false
        },
        {
            "id": "cobblemonraiddens:bastiodon_terawater",
            "required": false
        }
    ]
}