{
    "replace": false,
    "values": [
        {
            "id": "cobblemonraiddens:baxcalibur_stellar",
            "required": false
        },
        {
            "id": "cobblemonraiddens:baxcalibur_terabug",
            "required": false
        },
        {
            "id": "cobblemonraiddens:baxcalibur_teradark",
            "required": false
        },
        {
            "id": "cobblemonraiddens:baxcalibur_teradragon",
            "required": false
        },
        {
            "id": "cobblemonraiddens:baxcalibur_teraelectric",
            "required": false
        },
        {
            "id": "cobblemonraiddens:baxcalibur_terafairy",
            "required": false
        },
        {
            "id": "cobblemonraiddens:baxcalibur_terafighting",
            "required": false
        },
        {
            "id": "cobblemonraiddens:baxcalibur_terafire",
            "required": false
        },
        {
            "id": "cobblemonraiddens:baxcalibur_teraflying",
            "required": false
        },
        {
            "id": "cobblemonraiddens:baxcalibur_teraghost",
            "required": false
        },
        {
            "id": "cobblemonraiddens:baxcalibur_teragrass",
            "required": false
        },
        {
            "id": "cobblemonraiddens:baxcalibur_teraground",
            "required": false
        },
        {
            "id": "cobblemonraiddens:baxcalibur_teraice",
            "required": false
        },
        {
            "id": "cobblemonraiddens:baxcalibur_teranormal",
            "required": false
        },
        {
            "id": "cobblemonraiddens:baxcalibur_terapoison",
            "required": false
        },
        {
            "id": "cobblemonraiddens:baxcalibur_terapsychic",
            "required": false
        },
        {
            "id": "cobblemonraiddens:baxcalibur_terarock",
            "required": false
        },
        {
            "id": "cobblemonraiddens:baxcalibur_terasteel",
            "required": false
        },
        {
            "id": "cobblemonraiddens:baxcalibur_terawater",
            "required": false
        }
    ]
}