{
    "replace": false,
    "values": [
        {
            "id": "cobblemonraiddens:bayleef_stellar",
            "required": false
        },
        {
            "id": "cobblemonraiddens:bayleef_terabug",
            "required": false
        },
        {
            "id": "cobblemonraiddens:bayleef_teradark",
            "required": false
        },
        {
            "id": "cobblemonraiddens:bayleef_teradragon",
            "required": false
        },
        {
            "id": "cobblemonraiddens:bayleef_teraelectric",
            "required": false
        },
        {
            "id": "cobblemonraiddens:bayleef_terafairy",
            "required": false
        },
        {
            "id": "cobblemonraiddens:bayleef_terafighting",
            "required": false
        },
        {
            "id": "cobblemonraiddens:bayleef_terafire",
            "required": false
        },
        {
            "id": "cobblemonraiddens:bayleef_teraflying",
            "required": false
        },
        {
            "id": "cobblemonraiddens:bayleef_teraghost",
            "required": false
        },
        {
            "id": "cobblemonraiddens:bayleef_teragrass",
            "required": false
        },
        {
            "id": "cobblemonraiddens:bayleef_teraground",
            "required": false
        },
        {
            "id": "cobblemonraiddens:bayleef_teraice",
            "required": false
        },
        {
            "id": "cobblemonraiddens:bayleef_teranormal",
            "required": false
        },
        {
            "id": "cobblemonraiddens:bayleef_terapoison",
            "required": false
        },
        {
            "id": "cobblemonraiddens:bayleef_terapsychic",
            "required": false
        },
        {
            "id": "cobblemonraiddens:bayleef_terarock",
            "required": false
        },
        {
            "id": "cobblemonraiddens:bayleef_terasteel",
            "required": false
        },
        {
            "id": "cobblemonraiddens:bayleef_terawater",
            "required": false
        }
    ]
}