{
    "replace": false,
    "values": [
        {
            "id": "cobblemonraiddens:beartic_stellar",
            "required": false
        },
        {
            "id": "cobblemonraiddens:beartic_terabug",
            "required": false
        },
        {
            "id": "cobblemonraiddens:beartic_teradark",
            "required": false
        },
        {
            "id": "cobblemonraiddens:beartic_teradragon",
            "required": false
        },
        {
            "id": "cobblemonraiddens:beartic_teraelectric",
            "required": false
        },
        {
            "id": "cobblemonraiddens:beartic_terafairy",
            "required": false
        },
        {
            "id": "cobblemonraiddens:beartic_terafighting",
            "required": false
        },
        {
            "id": "cobblemonraiddens:beartic_terafire",
            "required": false
        },
        {
            "id": "cobblemonraiddens:beartic_teraflying",
            "required": false
        },
        {
            "id": "cobblemonraiddens:beartic_teraghost",
            "required": false
        },
        {
            "id": "cobblemonraiddens:beartic_teragrass",
            "required": false
        },
        {
            "id": "cobblemonraiddens:beartic_teraground",
            "required": false
        },
        {
            "id": "cobblemonraiddens:beartic_teraice",
            "required": false
        },
        {
            "id": "cobblemonraiddens:beartic_teranormal",
            "required": false
        },
        {
            "id": "cobblemonraiddens:beartic_terapoison",
            "required": false
        },
        {
            "id": "cobblemonraiddens:beartic_terapsychic",
            "required": false
        },
        {
            "id": "cobblemonraiddens:beartic_terarock",
            "required": false
        },
        {
            "id": "cobblemonraiddens:beartic_terasteel",
            "required": false
        },
        {
            "id": "cobblemonraiddens:beartic_terawater",
            "required": false
        }
    ]
}