{
    "replace": false,
    "values": [
        {
            "id": "cobblemonraiddens:beautifly_stellar",
            "required": false
        },
        {
            "id": "cobblemonraiddens:beautifly_terabug",
            "required": false
        },
        {
            "id": "cobblemonraiddens:beautifly_teradark",
            "required": false
        },
        {
            "id": "cobblemonraiddens:beautifly_teradragon",
            "required": false
        },
        {
            "id": "cobblemonraiddens:beautifly_teraelectric",
            "required": false
        },
        {
            "id": "cobblemonraiddens:beautifly_terafairy",
            "required": false
        },
        {
            "id": "cobblemonraiddens:beautifly_terafighting",
            "required": false
        },
        {
            "id": "cobblemonraiddens:beautifly_terafire",
            "required": false
        },
        {
            "id": "cobblemonraiddens:beautifly_teraflying",
            "required": false
        },
        {
            "id": "cobblemonraiddens:beautifly_teraghost",
            "required": false
        },
        {
            "id": "cobblemonraiddens:beautifly_teragrass",
            "required": false
        },
        {
            "id": "cobblemonraiddens:beautifly_teraground",
            "required": false
        },
        {
            "id": "cobblemonraiddens:beautifly_teraice",
            "required": false
        },
        {
            "id": "cobblemonraiddens:beautifly_teranormal",
            "required": false
        },
        {
            "id": "cobblemonraiddens:beautifly_terapoison",
            "required": false
        },
        {
            "id": "cobblemonraiddens:beautifly_terapsychic",
            "required": false
        },
        {
            "id": "cobblemonraiddens:beautifly_terarock",
            "required": false
        },
        {
            "id": "cobblemonraiddens:beautifly_terasteel",
            "required": false
        },
        {
            "id": "cobblemonraiddens:beautifly_terawater",
            "required": false
        }
    ]
}