{
    "replace": false,
    "values": [
        {
            "id": "cobblemonraiddens:beedrill_stellar",
            "required": false
        },
        {
            "id": "cobblemonraiddens:beedrill_terabug",
            "required": false
        },
        {
            "id": "cobblemonraiddens:beedrill_teradark",
            "required": false
        },
        {
            "id": "cobblemonraiddens:beedrill_teradragon",
            "required": false
        },
        {
            "id": "cobblemonraiddens:beedrill_teraelectric",
            "required": false
        },
        {
            "id": "cobblemonraiddens:beedrill_terafairy",
            "required": false
        },
        {
            "id": "cobblemonraiddens:beedrill_terafighting",
            "required": false
        },
        {
            "id": "cobblemonraiddens:beedrill_terafire",
            "required": false
        },
        {
            "id": "cobblemonraiddens:beedrill_teraflying",
            "required": false
        },
        {
            "id": "cobblemonraiddens:beedrill_teraghost",
            "required": false
        },
        {
            "id": "cobblemonraiddens:beedrill_teragrass",
            "required": false
        },
        {
            "id": "cobblemonraiddens:beedrill_teraground",
            "required": false
        },
        {
            "id": "cobblemonraiddens:beedrill_teraice",
            "required": false
        },
        {
            "id": "cobblemonraiddens:beedrill_teranormal",
            "required": false
        },
        {
            "id": "cobblemonraiddens:beedrill_terapoison",
            "required": false
        },
        {
            "id": "cobblemonraiddens:beedrill_terapsychic",
            "required": false
        },
        {
            "id": "cobblemonraiddens:beedrill_terarock",
            "required": false
        },
        {
            "id": "cobblemonraiddens:beedrill_terasteel",
            "required": false
        },
        {
            "id": "cobblemonraiddens:beedrill_terawater",
            "required": false
        }
    ]
}