{
    "replace": false,
    "values": [
        {
            "id": "cobblemonraiddens:beheeyem_stellar",
            "required": false
        },
        {
            "id": "cobblemonraiddens:beheeyem_terabug",
            "required": false
        },
        {
            "id": "cobblemonraiddens:beheeyem_teradark",
            "required": false
        },
        {
            "id": "cobblemonraiddens:beheeyem_teradragon",
            "required": false
        },
        {
            "id": "cobblemonraiddens:beheeyem_teraelectric",
            "required": false
        },
        {
            "id": "cobblemonraiddens:beheeyem_terafairy",
            "required": false
        },
        {
            "id": "cobblemonraiddens:beheeyem_terafighting",
            "required": false
        },
        {
            "id": "cobblemonraiddens:beheeyem_terafire",
            "required": false
        },
        {
            "id": "cobblemonraiddens:beheeyem_teraflying",
            "required": false
        },
        {
            "id": "cobblemonraiddens:beheeyem_teraghost",
            "required": false
        },
        {
            "id": "cobblemonraiddens:beheeyem_teragrass",
            "required": false
        },
        {
            "id": "cobblemonraiddens:beheeyem_teraground",
            "required": false
        },
        {
            "id": "cobblemonraiddens:beheeyem_teraice",
            "required": false
        },
        {
            "id": "cobblemonraiddens:beheeyem_teranormal",
            "required": false
        },
        {
            "id": "cobblemonraiddens:beheeyem_terapoison",
            "required": false
        },
        {
            "id": "cobblemonraiddens:beheeyem_terapsychic",
            "required": false
        },
        {
            "id": "cobblemonraiddens:beheeyem_terarock",
            "required": false
        },
        {
            "id": "cobblemonraiddens:beheeyem_terasteel",
            "required": false
        },
        {
            "id": "cobblemonraiddens:beheeyem_terawater",
            "required": false
        }
    ]
}