{
    "replace": false,
    "values": [
        {
            "id": "cobblemonraiddens:beldum_stellar",
            "required": false
        },
        {
            "id": "cobblemonraiddens:beldum_terabug",
            "required": false
        },
        {
            "id": "cobblemonraiddens:beldum_teradark",
            "required": false
        },
        {
            "id": "cobblemonraiddens:beldum_teradragon",
            "required": false
        },
        {
            "id": "cobblemonraiddens:beldum_teraelectric",
            "required": false
        },
        {
            "id": "cobblemonraiddens:beldum_terafairy",
            "required": false
        },
        {
            "id": "cobblemonraiddens:beldum_terafighting",
            "required": false
        },
        {
            "id": "cobblemonraiddens:beldum_terafire",
            "required": false
        },
        {
            "id": "cobblemonraiddens:beldum_teraflying",
            "required": false
        },
        {
            "id": "cobblemonraiddens:beldum_teraghost",
            "required": false
        },
        {
            "id": "cobblemonraiddens:beldum_teragrass",
            "required": false
        },
        {
            "id": "cobblemonraiddens:beldum_teraground",
            "required": false
        },
        {
            "id": "cobblemonraiddens:beldum_teraice",
            "required": false
        },
        {
            "id": "cobblemonraiddens:beldum_teranormal",
            "required": false
        },
        {
            "id": "cobblemonraiddens:beldum_terapoison",
            "required": false
        },
        {
            "id": "cobblemonraiddens:beldum_terapsychic",
            "required": false
        },
        {
            "id": "cobblemonraiddens:beldum_terarock",
            "required": false
        },
        {
            "id": "cobblemonraiddens:beldum_terasteel",
            "required": false
        },
        {
            "id": "cobblemonraiddens:beldum_terawater",
            "required": false
        }
    ]
}