{
    "replace": false,
    "values": [
        {
            "id": "cobblemonraiddens:bellsprout_stellar",
            "required": false
        },
        {
            "id": "cobblemonraiddens:bellsprout_terabug",
            "required": false
        },
        {
            "id": "cobblemonraiddens:bellsprout_teradark",
            "required": false
        },
        {
            "id": "cobblemonraiddens:bellsprout_teradragon",
            "required": false
        },
        {
            "id": "cobblemonraiddens:bellsprout_teraelectric",
            "required": false
        },
        {
            "id": "cobblemonraiddens:bellsprout_terafairy",
            "required": false
        },
        {
            "id": "cobblemonraiddens:bellsprout_terafighting",
            "required": false
        },
        {
            "id": "cobblemonraiddens:bellsprout_terafire",
            "required": false
        },
        {
            "id": "cobblemonraiddens:bellsprout_teraflying",
            "required": false
        },
        {
            "id": "cobblemonraiddens:bellsprout_teraghost",
            "required": false
        },
        {
            "id": "cobblemonraiddens:bellsprout_teragrass",
            "required": false
        },
        {
            "id": "cobblemonraiddens:bellsprout_teraground",
            "required": false
        },
        {
            "id": "cobblemonraiddens:bellsprout_teraice",
            "required": false
        },
        {
            "id": "cobblemonraiddens:bellsprout_teranormal",
            "required": false
        },
        {
            "id": "cobblemonraiddens:bellsprout_terapoison",
            "required": false
        },
        {
            "id": "cobblemonraiddens:bellsprout_terapsychic",
            "required": false
        },
        {
            "id": "cobblemonraiddens:bellsprout_terarock",
            "required": false
        },
        {
            "id": "cobblemonraiddens:bellsprout_terasteel",
            "required": false
        },
        {
            "id": "cobblemonraiddens:bellsprout_terawater",
            "required": false
        }
    ]
}