{
    "replace": false,
    "values": [
        {
            "id": "cobblemonraiddens:bellossom_stellar",
            "required": false
        },
        {
            "id": "cobblemonraiddens:bellossom_terabug",
            "required": false
        },
        {
            "id": "cobblemonraiddens:bellossom_teradark",
            "required": false
        },
        {
            "id": "cobblemonraiddens:bellossom_teradragon",
            "required": false
        },
        {
            "id": "cobblemonraiddens:bellossom_teraelectric",
            "required": false
        },
        {
            "id": "cobblemonraiddens:bellossom_terafairy",
            "required": false
        },
        {
            "id": "cobblemonraiddens:bellossom_terafighting",
            "required": false
        },
        {
            "id": "cobblemonraiddens:bellossom_terafire",
            "required": false
        },
        {
            "id": "cobblemonraiddens:bellossom_teraflying",
            "required": false
        },
        {
            "id": "cobblemonraiddens:bellossom_teraghost",
            "required": false
        },
        {
            "id": "cobblemonraiddens:bellossom_teragrass",
            "required": false
        },
        {
            "id": "cobblemonraiddens:bellossom_teraground",
            "required": false
        },
        {
            "id": "cobblemonraiddens:bellossom_teraice",
            "required": false
        },
        {
            "id": "cobblemonraiddens:bellossom_teranormal",
            "required": false
        },
        {
            "id": "cobblemonraiddens:bellossom_terapoison",
            "required": false
        },
        {
            "id": "cobblemonraiddens:bellossom_terapsychic",
            "required": false
        },
        {
            "id": "cobblemonraiddens:bellossom_terarock",
            "required": false
        },
        {
            "id": "cobblemonraiddens:bellossom_terasteel",
            "required": false
        },
        {
            "id": "cobblemonraiddens:bellossom_terawater",
            "required": false
        }
    ]
}