{
    "replace": false,
    "values": [
        {
            "id": "cobblemonraiddens:bellibolt_stellar",
            "required": false
        },
        {
            "id": "cobblemonraiddens:bellibolt_terabug",
            "required": false
        },
        {
            "id": "cobblemonraiddens:bellibolt_teradark",
            "required": false
        },
        {
            "id": "cobblemonraiddens:bellibolt_teradragon",
            "required": false
        },
        {
            "id": "cobblemonraiddens:bellibolt_teraelectric",
            "required": false
        },
        {
            "id": "cobblemonraiddens:bellibolt_terafairy",
            "required": false
        },
        {
            "id": "cobblemonraiddens:bellibolt_terafighting",
            "required": false
        },
        {
            "id": "cobblemonraiddens:bellibolt_terafire",
            "required": false
        },
        {
            "id": "cobblemonraiddens:bellibolt_teraflying",
            "required": false
        },
        {
            "id": "cobblemonraiddens:bellibolt_teraghost",
            "required": false
        },
        {
            "id": "cobblemonraiddens:bellibolt_teragrass",
            "required": false
        },
        {
            "id": "cobblemonraiddens:bellibolt_teraground",
            "required": false
        },
        {
            "id": "cobblemonraiddens:bellibolt_teraice",
            "required": false
        },
        {
            "id": "cobblemonraiddens:bellibolt_teranormal",
            "required": false
        },
        {
            "id": "cobblemonraiddens:bellibolt_terapoison",
            "required": false
        },
        {
            "id": "cobblemonraiddens:bellibolt_terapsychic",
            "required": false
        },
        {
            "id": "cobblemonraiddens:bellibolt_terarock",
            "required": false
        },
        {
            "id": "cobblemonraiddens:bellibolt_terasteel",
            "required": false
        },
        {
            "id": "cobblemonraiddens:bellibolt_terawater",
            "required": false
        }
    ]
}