{
    "replace": false,
    "values": [
        {
            "id": "cobblemonraiddens:bergmite_stellar",
            "required": false
        },
        {
            "id": "cobblemonraiddens:bergmite_terabug",
            "required": false
        },
        {
            "id": "cobblemonraiddens:bergmite_teradark",
            "required": false
        },
        {
            "id": "cobblemonraiddens:bergmite_teradragon",
            "required": false
        },
        {
            "id": "cobblemonraiddens:bergmite_teraelectric",
            "required": false
        },
        {
            "id": "cobblemonraiddens:bergmite_terafairy",
            "required": false
        },
        {
            "id": "cobblemonraiddens:bergmite_terafighting",
            "required": false
        },
        {
            "id": "cobblemonraiddens:bergmite_terafire",
            "required": false
        },
        {
            "id": "cobblemonraiddens:bergmite_teraflying",
            "required": false
        },
        {
            "id": "cobblemonraiddens:bergmite_teraghost",
            "required": false
        },
        {
            "id": "cobblemonraiddens:bergmite_teragrass",
            "required": false
        },
        {
            "id": "cobblemonraiddens:bergmite_teraground",
            "required": false
        },
        {
            "id": "cobblemonraiddens:bergmite_teraice",
            "required": false
        },
        {
            "id": "cobblemonraiddens:bergmite_teranormal",
            "required": false
        },
        {
            "id": "cobblemonraiddens:bergmite_terapoison",
            "required": false
        },
        {
            "id": "cobblemonraiddens:bergmite_terapsychic",
            "required": false
        },
        {
            "id": "cobblemonraiddens:bergmite_terarock",
            "required": false
        },
        {
            "id": "cobblemonraiddens:bergmite_terasteel",
            "required": false
        },
        {
            "id": "cobblemonraiddens:bergmite_terawater",
            "required": false
        }
    ]
}