{
    "replace": false,
    "values": [
        {
            "id": "cobblemonraiddens:bewear_stellar",
            "required": false
        },
        {
            "id": "cobblemonraiddens:bewear_terabug",
            "required": false
        },
        {
            "id": "cobblemonraiddens:bewear_teradark",
            "required": false
        },
        {
            "id": "cobblemonraiddens:bewear_teradragon",
            "required": false
        },
        {
            "id": "cobblemonraiddens:bewear_teraelectric",
            "required": false
        },
        {
            "id": "cobblemonraiddens:bewear_terafairy",
            "required": false
        },
        {
            "id": "cobblemonraiddens:bewear_terafighting",
            "required": false
        },
        {
            "id": "cobblemonraiddens:bewear_terafire",
            "required": false
        },
        {
            "id": "cobblemonraiddens:bewear_teraflying",
            "required": false
        },
        {
            "id": "cobblemonraiddens:bewear_teraghost",
            "required": false
        },
        {
            "id": "cobblemonraiddens:bewear_teragrass",
            "required": false
        },
        {
            "id": "cobblemonraiddens:bewear_teraground",
            "required": false
        },
        {
            "id": "cobblemonraiddens:bewear_teraice",
            "required": false
        },
        {
            "id": "cobblemonraiddens:bewear_teranormal",
            "required": false
        },
        {
            "id": "cobblemonraiddens:bewear_terapoison",
            "required": false
        },
        {
            "id": "cobblemonraiddens:bewear_terapsychic",
            "required": false
        },
        {
            "id": "cobblemonraiddens:bewear_terarock",
            "required": false
        },
        {
            "id": "cobblemonraiddens:bewear_terasteel",
            "required": false
        },
        {
            "id": "cobblemonraiddens:bewear_terawater",
            "required": false
        }
    ]
}