{
    "replace": false,
    "values": [
        {
            "id": "cobblemonraiddens:bibarel_stellar",
            "required": false
        },
        {
            "id": "cobblemonraiddens:bibarel_terabug",
            "required": false
        },
        {
            "id": "cobblemonraiddens:bibarel_teradark",
            "required": false
        },
        {
            "id": "cobblemonraiddens:bibarel_teradragon",
            "required": false
        },
        {
            "id": "cobblemonraiddens:bibarel_teraelectric",
            "required": false
        },
        {
            "id": "cobblemonraiddens:bibarel_terafairy",
            "required": false
        },
        {
            "id": "cobblemonraiddens:bibarel_terafighting",
            "required": false
        },
        {
            "id": "cobblemonraiddens:bibarel_terafire",
            "required": false
        },
        {
            "id": "cobblemonraiddens:bibarel_teraflying",
            "required": false
        },
        {
            "id": "cobblemonraiddens:bibarel_teraghost",
            "required": false
        },
        {
            "id": "cobblemonraiddens:bibarel_teragrass",
            "required": false
        },
        {
            "id": "cobblemonraiddens:bibarel_teraground",
            "required": false
        },
        {
            "id": "cobblemonraiddens:bibarel_teraice",
            "required": false
        },
        {
            "id": "cobblemonraiddens:bibarel_teranormal",
            "required": false
        },
        {
            "id": "cobblemonraiddens:bibarel_terapoison",
            "required": false
        },
        {
            "id": "cobblemonraiddens:bibarel_terapsychic",
            "required": false
        },
        {
            "id": "cobblemonraiddens:bibarel_terarock",
            "required": false
        },
        {
            "id": "cobblemonraiddens:bibarel_terasteel",
            "required": false
        },
        {
            "id": "cobblemonraiddens:bibarel_terawater",
            "required": false
        }
    ]
}