{
    "replace": false,
    "values": [
        {
            "id": "cobblemonraiddens:bidoof_stellar",
            "required": false
        },
        {
            "id": "cobblemonraiddens:bidoof_terabug",
            "required": false
        },
        {
            "id": "cobblemonraiddens:bidoof_teradark",
            "required": false
        },
        {
            "id": "cobblemonraiddens:bidoof_teradragon",
            "required": false
        },
        {
            "id": "cobblemonraiddens:bidoof_teraelectric",
            "required": false
        },
        {
            "id": "cobblemonraiddens:bidoof_terafairy",
            "required": false
        },
        {
            "id": "cobblemonraiddens:bidoof_terafighting",
            "required": false
        },
        {
            "id": "cobblemonraiddens:bidoof_terafire",
            "required": false
        },
        {
            "id": "cobblemonraiddens:bidoof_teraflying",
            "required": false
        },
        {
            "id": "cobblemonraiddens:bidoof_teraghost",
            "required": false
        },
        {
            "id": "cobblemonraiddens:bidoof_teragrass",
            "required": false
        },
        {
            "id": "cobblemonraiddens:bidoof_teraground",
            "required": false
        },
        {
            "id": "cobblemonraiddens:bidoof_teraice",
            "required": false
        },
        {
            "id": "cobblemonraiddens:bidoof_teranormal",
            "required": false
        },
        {
            "id": "cobblemonraiddens:bidoof_terapoison",
            "required": false
        },
        {
            "id": "cobblemonraiddens:bidoof_terapsychic",
            "required": false
        },
        {
            "id": "cobblemonraiddens:bidoof_terarock",
            "required": false
        },
        {
            "id": "cobblemonraiddens:bidoof_terasteel",
            "required": false
        },
        {
            "id": "cobblemonraiddens:bidoof_terawater",
            "required": false
        }
    ]
}