{
    "replace": false,
    "values": [
        {
            "id": "cobblemonraiddens:binacle_stellar",
            "required": false
        },
        {
            "id": "cobblemonraiddens:binacle_terabug",
            "required": false
        },
        {
            "id": "cobblemonraiddens:binacle_teradark",
            "required": false
        },
        {
            "id": "cobblemonraiddens:binacle_teradragon",
            "required": false
        },
        {
            "id": "cobblemonraiddens:binacle_teraelectric",
            "required": false
        },
        {
            "id": "cobblemonraiddens:binacle_terafairy",
            "required": false
        },
        {
            "id": "cobblemonraiddens:binacle_terafighting",
            "required": false
        },
        {
            "id": "cobblemonraiddens:binacle_terafire",
            "required": false
        },
        {
            "id": "cobblemonraiddens:binacle_teraflying",
            "required": false
        },
        {
            "id": "cobblemonraiddens:binacle_teraghost",
            "required": false
        },
        {
            "id": "cobblemonraiddens:binacle_teragrass",
            "required": false
        },
        {
            "id": "cobblemonraiddens:binacle_teraground",
            "required": false
        },
        {
            "id": "cobblemonraiddens:binacle_teraice",
            "required": false
        },
        {
            "id": "cobblemonraiddens:binacle_teranormal",
            "required": false
        },
        {
            "id": "cobblemonraiddens:binacle_terapoison",
            "required": false
        },
        {
            "id": "cobblemonraiddens:binacle_terapsychic",
            "required": false
        },
        {
            "id": "cobblemonraiddens:binacle_terarock",
            "required": false
        },
        {
            "id": "cobblemonraiddens:binacle_terasteel",
            "required": false
        },
        {
            "id": "cobblemonraiddens:binacle_terawater",
            "required": false
        }
    ]
}