{
    "replace": false,
    "values": [
        {
            "id": "cobblemonraiddens:bisharp_stellar",
            "required": false
        },
        {
            "id": "cobblemonraiddens:bisharp_terabug",
            "required": false
        },
        {
            "id": "cobblemonraiddens:bisharp_teradark",
            "required": false
        },
        {
            "id": "cobblemonraiddens:bisharp_teradragon",
            "required": false
        },
        {
            "id": "cobblemonraiddens:bisharp_teraelectric",
            "required": false
        },
        {
            "id": "cobblemonraiddens:bisharp_terafairy",
            "required": false
        },
        {
            "id": "cobblemonraiddens:bisharp_terafighting",
            "required": false
        },
        {
            "id": "cobblemonraiddens:bisharp_terafire",
            "required": false
        },
        {
            "id": "cobblemonraiddens:bisharp_teraflying",
            "required": false
        },
        {
            "id": "cobblemonraiddens:bisharp_teraghost",
            "required": false
        },
        {
            "id": "cobblemonraiddens:bisharp_teragrass",
            "required": false
        },
        {
            "id": "cobblemonraiddens:bisharp_teraground",
            "required": false
        },
        {
            "id": "cobblemonraiddens:bisharp_teraice",
            "required": false
        },
        {
            "id": "cobblemonraiddens:bisharp_teranormal",
            "required": false
        },
        {
            "id": "cobblemonraiddens:bisharp_terapoison",
            "required": false
        },
        {
            "id": "cobblemonraiddens:bisharp_terapsychic",
            "required": false
        },
        {
            "id": "cobblemonraiddens:bisharp_terarock",
            "required": false
        },
        {
            "id": "cobblemonraiddens:bisharp_terasteel",
            "required": false
        },
        {
            "id": "cobblemonraiddens:bisharp_terawater",
            "required": false
        }
    ]
}