{
    "replace": false,
    "values": [
        {
            "id": "cobblemonraiddens:blacephalon_stellar",
            "required": false
        },
        {
            "id": "cobblemonraiddens:blacephalon_terabug",
            "required": false
        },
        {
            "id": "cobblemonraiddens:blacephalon_teradark",
            "required": false
        },
        {
            "id": "cobblemonraiddens:blacephalon_teradragon",
            "required": false
        },
        {
            "id": "cobblemonraiddens:blacephalon_teraelectric",
            "required": false
        },
        {
            "id": "cobblemonraiddens:blacephalon_terafairy",
            "required": false
        },
        {
            "id": "cobblemonraiddens:blacephalon_terafighting",
            "required": false
        },
        {
            "id": "cobblemonraiddens:blacephalon_terafire",
            "required": false
        },
        {
            "id": "cobblemonraiddens:blacephalon_teraflying",
            "required": false
        },
        {
            "id": "cobblemonraiddens:blacephalon_teraghost",
            "required": false
        },
        {
            "id": "cobblemonraiddens:blacephalon_teragrass",
            "required": false
        },
        {
            "id": "cobblemonraiddens:blacephalon_teraground",
            "required": false
        },
        {
            "id": "cobblemonraiddens:blacephalon_teraice",
            "required": false
        },
        {
            "id": "cobblemonraiddens:blacephalon_teranormal",
            "required": false
        },
        {
            "id": "cobblemonraiddens:blacephalon_terapoison",
            "required": false
        },
        {
            "id": "cobblemonraiddens:blacephalon_terapsychic",
            "required": false
        },
        {
            "id": "cobblemonraiddens:blacephalon_terarock",
            "required": false
        },
        {
            "id": "cobblemonraiddens:blacephalon_terasteel",
            "required": false
        },
        {
            "id": "cobblemonraiddens:blacephalon_terawater",
            "required": false
        }
    ]
}