{
    "replace": false,
    "values": [
        {
            "id": "cobblemonraiddens:blastoise_stellar",
            "required": false
        },
        {
            "id": "cobblemonraiddens:blastoise_terabug",
            "required": false
        },
        {
            "id": "cobblemonraiddens:blastoise_teradark",
            "required": false
        },
        {
            "id": "cobblemonraiddens:blastoise_teradragon",
            "required": false
        },
        {
            "id": "cobblemonraiddens:blastoise_teraelectric",
            "required": false
        },
        {
            "id": "cobblemonraiddens:blastoise_terafairy",
            "required": false
        },
        {
            "id": "cobblemonraiddens:blastoise_terafighting",
            "required": false
        },
        {
            "id": "cobblemonraiddens:blastoise_terafire",
            "required": false
        },
        {
            "id": "cobblemonraiddens:blastoise_teraflying",
            "required": false
        },
        {
            "id": "cobblemonraiddens:blastoise_teraghost",
            "required": false
        },
        {
            "id": "cobblemonraiddens:blastoise_teragrass",
            "required": false
        },
        {
            "id": "cobblemonraiddens:blastoise_teraground",
            "required": false
        },
        {
            "id": "cobblemonraiddens:blastoise_teraice",
            "required": false
        },
        {
            "id": "cobblemonraiddens:blastoise_teranormal",
            "required": false
        },
        {
            "id": "cobblemonraiddens:blastoise_terapoison",
            "required": false
        },
        {
            "id": "cobblemonraiddens:blastoise_terapsychic",
            "required": false
        },
        {
            "id": "cobblemonraiddens:blastoise_terarock",
            "required": false
        },
        {
            "id": "cobblemonraiddens:blastoise_terasteel",
            "required": false
        },
        {
            "id": "cobblemonraiddens:blastoise_terawater",
            "required": false
        }
    ]
}