{
    "replace": false,
    "values": [
        {
            "id": "cobblemonraiddens:blaziken_stellar",
            "required": false
        },
        {
            "id": "cobblemonraiddens:blaziken_terabug",
            "required": false
        },
        {
            "id": "cobblemonraiddens:blaziken_teradark",
            "required": false
        },
        {
            "id": "cobblemonraiddens:blaziken_teradragon",
            "required": false
        },
        {
            "id": "cobblemonraiddens:blaziken_teraelectric",
            "required": false
        },
        {
            "id": "cobblemonraiddens:blaziken_terafairy",
            "required": false
        },
        {
            "id": "cobblemonraiddens:blaziken_terafighting",
            "required": false
        },
        {
            "id": "cobblemonraiddens:blaziken_terafire",
            "required": false
        },
        {
            "id": "cobblemonraiddens:blaziken_teraflying",
            "required": false
        },
        {
            "id": "cobblemonraiddens:blaziken_teraghost",
            "required": false
        },
        {
            "id": "cobblemonraiddens:blaziken_teragrass",
            "required": false
        },
        {
            "id": "cobblemonraiddens:blaziken_teraground",
            "required": false
        },
        {
            "id": "cobblemonraiddens:blaziken_teraice",
            "required": false
        },
        {
            "id": "cobblemonraiddens:blaziken_teranormal",
            "required": false
        },
        {
            "id": "cobblemonraiddens:blaziken_terapoison",
            "required": false
        },
        {
            "id": "cobblemonraiddens:blaziken_terapsychic",
            "required": false
        },
        {
            "id": "cobblemonraiddens:blaziken_terarock",
            "required": false
        },
        {
            "id": "cobblemonraiddens:blaziken_terasteel",
            "required": false
        },
        {
            "id": "cobblemonraiddens:blaziken_terawater",
            "required": false
        }
    ]
}