{
    "replace": false,
    "values": [
        {
            "id": "cobblemonraiddens:blipbug_stellar",
            "required": false
        },
        {
            "id": "cobblemonraiddens:blipbug_terabug",
            "required": false
        },
        {
            "id": "cobblemonraiddens:blipbug_teradark",
            "required": false
        },
        {
            "id": "cobblemonraiddens:blipbug_teradragon",
            "required": false
        },
        {
            "id": "cobblemonraiddens:blipbug_teraelectric",
            "required": false
        },
        {
            "id": "cobblemonraiddens:blipbug_terafairy",
            "required": false
        },
        {
            "id": "cobblemonraiddens:blipbug_terafighting",
            "required": false
        },
        {
            "id": "cobblemonraiddens:blipbug_terafire",
            "required": false
        },
        {
            "id": "cobblemonraiddens:blipbug_teraflying",
            "required": false
        },
        {
            "id": "cobblemonraiddens:blipbug_teraghost",
            "required": false
        },
        {
            "id": "cobblemonraiddens:blipbug_teragrass",
            "required": false
        },
        {
            "id": "cobblemonraiddens:blipbug_teraground",
            "required": false
        },
        {
            "id": "cobblemonraiddens:blipbug_teraice",
            "required": false
        },
        {
            "id": "cobblemonraiddens:blipbug_teranormal",
            "required": false
        },
        {
            "id": "cobblemonraiddens:blipbug_terapoison",
            "required": false
        },
        {
            "id": "cobblemonraiddens:blipbug_terapsychic",
            "required": false
        },
        {
            "id": "cobblemonraiddens:blipbug_terarock",
            "required": false
        },
        {
            "id": "cobblemonraiddens:blipbug_terasteel",
            "required": false
        },
        {
            "id": "cobblemonraiddens:blipbug_terawater",
            "required": false
        }
    ]
}