{
    "replace": false,
    "values": [
        {
            "id": "cobblemonraiddens:blissey_stellar",
            "required": false
        },
        {
            "id": "cobblemonraiddens:blissey_terabug",
            "required": false
        },
        {
            "id": "cobblemonraiddens:blissey_teradark",
            "required": false
        },
        {
            "id": "cobblemonraiddens:blissey_teradragon",
            "required": false
        },
        {
            "id": "cobblemonraiddens:blissey_teraelectric",
            "required": false
        },
        {
            "id": "cobblemonraiddens:blissey_terafairy",
            "required": false
        },
        {
            "id": "cobblemonraiddens:blissey_terafighting",
            "required": false
        },
        {
            "id": "cobblemonraiddens:blissey_terafire",
            "required": false
        },
        {
            "id": "cobblemonraiddens:blissey_teraflying",
            "required": false
        },
        {
            "id": "cobblemonraiddens:blissey_teraghost",
            "required": false
        },
        {
            "id": "cobblemonraiddens:blissey_teragrass",
            "required": false
        },
        {
            "id": "cobblemonraiddens:blissey_teraground",
            "required": false
        },
        {
            "id": "cobblemonraiddens:blissey_teraice",
            "required": false
        },
        {
            "id": "cobblemonraiddens:blissey_teranormal",
            "required": false
        },
        {
            "id": "cobblemonraiddens:blissey_terapoison",
            "required": false
        },
        {
            "id": "cobblemonraiddens:blissey_terapsychic",
            "required": false
        },
        {
            "id": "cobblemonraiddens:blissey_terarock",
            "required": false
        },
        {
            "id": "cobblemonraiddens:blissey_terasteel",
            "required": false
        },
        {
            "id": "cobblemonraiddens:blissey_terawater",
            "required": false
        }
    ]
}