{
    "replace": false,
    "values": [
        {
            "id": "cobblemonraiddens:blitzle_stellar",
            "required": false
        },
        {
            "id": "cobblemonraiddens:blitzle_terabug",
            "required": false
        },
        {
            "id": "cobblemonraiddens:blitzle_teradark",
            "required": false
        },
        {
            "id": "cobblemonraiddens:blitzle_teradragon",
            "required": false
        },
        {
            "id": "cobblemonraiddens:blitzle_teraelectric",
            "required": false
        },
        {
            "id": "cobblemonraiddens:blitzle_terafairy",
            "required": false
        },
        {
            "id": "cobblemonraiddens:blitzle_terafighting",
            "required": false
        },
        {
            "id": "cobblemonraiddens:blitzle_terafire",
            "required": false
        },
        {
            "id": "cobblemonraiddens:blitzle_teraflying",
            "required": false
        },
        {
            "id": "cobblemonraiddens:blitzle_teraghost",
            "required": false
        },
        {
            "id": "cobblemonraiddens:blitzle_teragrass",
            "required": false
        },
        {
            "id": "cobblemonraiddens:blitzle_teraground",
            "required": false
        },
        {
            "id": "cobblemonraiddens:blitzle_teraice",
            "required": false
        },
        {
            "id": "cobblemonraiddens:blitzle_teranormal",
            "required": false
        },
        {
            "id": "cobblemonraiddens:blitzle_terapoison",
            "required": false
        },
        {
            "id": "cobblemonraiddens:blitzle_terapsychic",
            "required": false
        },
        {
            "id": "cobblemonraiddens:blitzle_terarock",
            "required": false
        },
        {
            "id": "cobblemonraiddens:blitzle_terasteel",
            "required": false
        },
        {
            "id": "cobblemonraiddens:blitzle_terawater",
            "required": false
        }
    ]
}