{
    "replace": false,
    "values": [
        {
            "id": "cobblemonraiddens:boldore_stellar",
            "required": false
        },
        {
            "id": "cobblemonraiddens:boldore_terabug",
            "required": false
        },
        {
            "id": "cobblemonraiddens:boldore_teradark",
            "required": false
        },
        {
            "id": "cobblemonraiddens:boldore_teradragon",
            "required": false
        },
        {
            "id": "cobblemonraiddens:boldore_teraelectric",
            "required": false
        },
        {
            "id": "cobblemonraiddens:boldore_terafairy",
            "required": false
        },
        {
            "id": "cobblemonraiddens:boldore_terafighting",
            "required": false
        },
        {
            "id": "cobblemonraiddens:boldore_terafire",
            "required": false
        },
        {
            "id": "cobblemonraiddens:boldore_teraflying",
            "required": false
        },
        {
            "id": "cobblemonraiddens:boldore_teraghost",
            "required": false
        },
        {
            "id": "cobblemonraiddens:boldore_teragrass",
            "required": false
        },
        {
            "id": "cobblemonraiddens:boldore_teraground",
            "required": false
        },
        {
            "id": "cobblemonraiddens:boldore_teraice",
            "required": false
        },
        {
            "id": "cobblemonraiddens:boldore_teranormal",
            "required": false
        },
        {
            "id": "cobblemonraiddens:boldore_terapoison",
            "required": false
        },
        {
            "id": "cobblemonraiddens:boldore_terapsychic",
            "required": false
        },
        {
            "id": "cobblemonraiddens:boldore_terarock",
            "required": false
        },
        {
            "id": "cobblemonraiddens:boldore_terasteel",
            "required": false
        },
        {
            "id": "cobblemonraiddens:boldore_terawater",
            "required": false
        }
    ]
}