{
    "replace": false,
    "values": [
        {
            "id": "cobblemonraiddens:boltund_stellar",
            "required": false
        },
        {
            "id": "cobblemonraiddens:boltund_terabug",
            "required": false
        },
        {
            "id": "cobblemonraiddens:boltund_teradark",
            "required": false
        },
        {
            "id": "cobblemonraiddens:boltund_teradragon",
            "required": false
        },
        {
            "id": "cobblemonraiddens:boltund_teraelectric",
            "required": false
        },
        {
            "id": "cobblemonraiddens:boltund_terafairy",
            "required": false
        },
        {
            "id": "cobblemonraiddens:boltund_terafighting",
            "required": false
        },
        {
            "id": "cobblemonraiddens:boltund_terafire",
            "required": false
        },
        {
            "id": "cobblemonraiddens:boltund_teraflying",
            "required": false
        },
        {
            "id": "cobblemonraiddens:boltund_teraghost",
            "required": false
        },
        {
            "id": "cobblemonraiddens:boltund_teragrass",
            "required": false
        },
        {
            "id": "cobblemonraiddens:boltund_teraground",
            "required": false
        },
        {
            "id": "cobblemonraiddens:boltund_teraice",
            "required": false
        },
        {
            "id": "cobblemonraiddens:boltund_teranormal",
            "required": false
        },
        {
            "id": "cobblemonraiddens:boltund_terapoison",
            "required": false
        },
        {
            "id": "cobblemonraiddens:boltund_terapsychic",
            "required": false
        },
        {
            "id": "cobblemonraiddens:boltund_terarock",
            "required": false
        },
        {
            "id": "cobblemonraiddens:boltund_terasteel",
            "required": false
        },
        {
            "id": "cobblemonraiddens:boltund_terawater",
            "required": false
        }
    ]
}