{
    "replace": false,
    "values": [
        {
            "id": "cobblemonraiddens:bombirdier_stellar",
            "required": false
        },
        {
            "id": "cobblemonraiddens:bombirdier_terabug",
            "required": false
        },
        {
            "id": "cobblemonraiddens:bombirdier_teradark",
            "required": false
        },
        {
            "id": "cobblemonraiddens:bombirdier_teradragon",
            "required": false
        },
        {
            "id": "cobblemonraiddens:bombirdier_teraelectric",
            "required": false
        },
        {
            "id": "cobblemonraiddens:bombirdier_terafairy",
            "required": false
        },
        {
            "id": "cobblemonraiddens:bombirdier_terafighting",
            "required": false
        },
        {
            "id": "cobblemonraiddens:bombirdier_terafire",
            "required": false
        },
        {
            "id": "cobblemonraiddens:bombirdier_teraflying",
            "required": false
        },
        {
            "id": "cobblemonraiddens:bombirdier_teraghost",
            "required": false
        },
        {
            "id": "cobblemonraiddens:bombirdier_teragrass",
            "required": false
        },
        {
            "id": "cobblemonraiddens:bombirdier_teraground",
            "required": false
        },
        {
            "id": "cobblemonraiddens:bombirdier_teraice",
            "required": false
        },
        {
            "id": "cobblemonraiddens:bombirdier_teranormal",
            "required": false
        },
        {
            "id": "cobblemonraiddens:bombirdier_terapoison",
            "required": false
        },
        {
            "id": "cobblemonraiddens:bombirdier_terapsychic",
            "required": false
        },
        {
            "id": "cobblemonraiddens:bombirdier_terarock",
            "required": false
        },
        {
            "id": "cobblemonraiddens:bombirdier_terasteel",
            "required": false
        },
        {
            "id": "cobblemonraiddens:bombirdier_terawater",
            "required": false
        }
    ]
}