{
    "replace": false,
    "values": [
        {
            "id": "cobblemonraiddens:bonsly_stellar",
            "required": false
        },
        {
            "id": "cobblemonraiddens:bonsly_terabug",
            "required": false
        },
        {
            "id": "cobblemonraiddens:bonsly_teradark",
            "required": false
        },
        {
            "id": "cobblemonraiddens:bonsly_teradragon",
            "required": false
        },
        {
            "id": "cobblemonraiddens:bonsly_teraelectric",
            "required": false
        },
        {
            "id": "cobblemonraiddens:bonsly_terafairy",
            "required": false
        },
        {
            "id": "cobblemonraiddens:bonsly_terafighting",
            "required": false
        },
        {
            "id": "cobblemonraiddens:bonsly_terafire",
            "required": false
        },
        {
            "id": "cobblemonraiddens:bonsly_teraflying",
            "required": false
        },
        {
            "id": "cobblemonraiddens:bonsly_teraghost",
            "required": false
        },
        {
            "id": "cobblemonraiddens:bonsly_teragrass",
            "required": false
        },
        {
            "id": "cobblemonraiddens:bonsly_teraground",
            "required": false
        },
        {
            "id": "cobblemonraiddens:bonsly_teraice",
            "required": false
        },
        {
            "id": "cobblemonraiddens:bonsly_teranormal",
            "required": false
        },
        {
            "id": "cobblemonraiddens:bonsly_terapoison",
            "required": false
        },
        {
            "id": "cobblemonraiddens:bonsly_terapsychic",
            "required": false
        },
        {
            "id": "cobblemonraiddens:bonsly_terarock",
            "required": false
        },
        {
            "id": "cobblemonraiddens:bonsly_terasteel",
            "required": false
        },
        {
            "id": "cobblemonraiddens:bonsly_terawater",
            "required": false
        }
    ]
}