{
    "replace": false,
    "values": [
        {
            "id": "cobblemonraiddens:bouffalant_stellar",
            "required": false
        },
        {
            "id": "cobblemonraiddens:bouffalant_terabug",
            "required": false
        },
        {
            "id": "cobblemonraiddens:bouffalant_teradark",
            "required": false
        },
        {
            "id": "cobblemonraiddens:bouffalant_teradragon",
            "required": false
        },
        {
            "id": "cobblemonraiddens:bouffalant_teraelectric",
            "required": false
        },
        {
            "id": "cobblemonraiddens:bouffalant_terafairy",
            "required": false
        },
        {
            "id": "cobblemonraiddens:bouffalant_terafighting",
            "required": false
        },
        {
            "id": "cobblemonraiddens:bouffalant_terafire",
            "required": false
        },
        {
            "id": "cobblemonraiddens:bouffalant_teraflying",
            "required": false
        },
        {
            "id": "cobblemonraiddens:bouffalant_teraghost",
            "required": false
        },
        {
            "id": "cobblemonraiddens:bouffalant_teragrass",
            "required": false
        },
        {
            "id": "cobblemonraiddens:bouffalant_teraground",
            "required": false
        },
        {
            "id": "cobblemonraiddens:bouffalant_teraice",
            "required": false
        },
        {
            "id": "cobblemonraiddens:bouffalant_teranormal",
            "required": false
        },
        {
            "id": "cobblemonraiddens:bouffalant_terapoison",
            "required": false
        },
        {
            "id": "cobblemonraiddens:bouffalant_terapsychic",
            "required": false
        },
        {
            "id": "cobblemonraiddens:bouffalant_terarock",
            "required": false
        },
        {
            "id": "cobblemonraiddens:bouffalant_terasteel",
            "required": false
        },
        {
            "id": "cobblemonraiddens:bouffalant_terawater",
            "required": false
        }
    ]
}