{
    "replace": false,
    "values": [
        {
            "id": "cobblemonraiddens:bounsweet_stellar",
            "required": false
        },
        {
            "id": "cobblemonraiddens:bounsweet_terabug",
            "required": false
        },
        {
            "id": "cobblemonraiddens:bounsweet_teradark",
            "required": false
        },
        {
            "id": "cobblemonraiddens:bounsweet_teradragon",
            "required": false
        },
        {
            "id": "cobblemonraiddens:bounsweet_teraelectric",
            "required": false
        },
        {
            "id": "cobblemonraiddens:bounsweet_terafairy",
            "required": false
        },
        {
            "id": "cobblemonraiddens:bounsweet_terafighting",
            "required": false
        },
        {
            "id": "cobblemonraiddens:bounsweet_terafire",
            "required": false
        },
        {
            "id": "cobblemonraiddens:bounsweet_teraflying",
            "required": false
        },
        {
            "id": "cobblemonraiddens:bounsweet_teraghost",
            "required": false
        },
        {
            "id": "cobblemonraiddens:bounsweet_teragrass",
            "required": false
        },
        {
            "id": "cobblemonraiddens:bounsweet_teraground",
            "required": false
        },
        {
            "id": "cobblemonraiddens:bounsweet_teraice",
            "required": false
        },
        {
            "id": "cobblemonraiddens:bounsweet_teranormal",
            "required": false
        },
        {
            "id": "cobblemonraiddens:bounsweet_terapoison",
            "required": false
        },
        {
            "id": "cobblemonraiddens:bounsweet_terapsychic",
            "required": false
        },
        {
            "id": "cobblemonraiddens:bounsweet_terarock",
            "required": false
        },
        {
            "id": "cobblemonraiddens:bounsweet_terasteel",
            "required": false
        },
        {
            "id": "cobblemonraiddens:bounsweet_terawater",
            "required": false
        }
    ]
}