{
    "replace": false,
    "values": [
        {
            "id": "cobblemonraiddens:braixen_stellar",
            "required": false
        },
        {
            "id": "cobblemonraiddens:braixen_terabug",
            "required": false
        },
        {
            "id": "cobblemonraiddens:braixen_teradark",
            "required": false
        },
        {
            "id": "cobblemonraiddens:braixen_teradragon",
            "required": false
        },
        {
            "id": "cobblemonraiddens:braixen_teraelectric",
            "required": false
        },
        {
            "id": "cobblemonraiddens:braixen_terafairy",
            "required": false
        },
        {
            "id": "cobblemonraiddens:braixen_terafighting",
            "required": false
        },
        {
            "id": "cobblemonraiddens:braixen_terafire",
            "required": false
        },
        {
            "id": "cobblemonraiddens:braixen_teraflying",
            "required": false
        },
        {
            "id": "cobblemonraiddens:braixen_teraghost",
            "required": false
        },
        {
            "id": "cobblemonraiddens:braixen_teragrass",
            "required": false
        },
        {
            "id": "cobblemonraiddens:braixen_teraground",
            "required": false
        },
        {
            "id": "cobblemonraiddens:braixen_teraice",
            "required": false
        },
        {
            "id": "cobblemonraiddens:braixen_teranormal",
            "required": false
        },
        {
            "id": "cobblemonraiddens:braixen_terapoison",
            "required": false
        },
        {
            "id": "cobblemonraiddens:braixen_terapsychic",
            "required": false
        },
        {
            "id": "cobblemonraiddens:braixen_terarock",
            "required": false
        },
        {
            "id": "cobblemonraiddens:braixen_terasteel",
            "required": false
        },
        {
            "id": "cobblemonraiddens:braixen_terawater",
            "required": false
        }
    ]
}