{
    "replace": false,
    "values": [
        {
            "id": "cobblemonraiddens:brambleghast_stellar",
            "required": false
        },
        {
            "id": "cobblemonraiddens:brambleghast_terabug",
            "required": false
        },
        {
            "id": "cobblemonraiddens:brambleghast_teradark",
            "required": false
        },
        {
            "id": "cobblemonraiddens:brambleghast_teradragon",
            "required": false
        },
        {
            "id": "cobblemonraiddens:brambleghast_teraelectric",
            "required": false
        },
        {
            "id": "cobblemonraiddens:brambleghast_terafairy",
            "required": false
        },
        {
            "id": "cobblemonraiddens:brambleghast_terafighting",
            "required": false
        },
        {
            "id": "cobblemonraiddens:brambleghast_terafire",
            "required": false
        },
        {
            "id": "cobblemonraiddens:brambleghast_teraflying",
            "required": false
        },
        {
            "id": "cobblemonraiddens:brambleghast_teraghost",
            "required": false
        },
        {
            "id": "cobblemonraiddens:brambleghast_teragrass",
            "required": false
        },
        {
            "id": "cobblemonraiddens:brambleghast_teraground",
            "required": false
        },
        {
            "id": "cobblemonraiddens:brambleghast_teraice",
            "required": false
        },
        {
            "id": "cobblemonraiddens:brambleghast_teranormal",
            "required": false
        },
        {
            "id": "cobblemonraiddens:brambleghast_terapoison",
            "required": false
        },
        {
            "id": "cobblemonraiddens:brambleghast_terapsychic",
            "required": false
        },
        {
            "id": "cobblemonraiddens:brambleghast_terarock",
            "required": false
        },
        {
            "id": "cobblemonraiddens:brambleghast_terasteel",
            "required": false
        },
        {
            "id": "cobblemonraiddens:brambleghast_terawater",
            "required": false
        }
    ]
}