{
    "replace": false,
    "values": [
        {
            "id": "cobblemonraiddens:bramblin_stellar",
            "required": false
        },
        {
            "id": "cobblemonraiddens:bramblin_terabug",
            "required": false
        },
        {
            "id": "cobblemonraiddens:bramblin_teradark",
            "required": false
        },
        {
            "id": "cobblemonraiddens:bramblin_teradragon",
            "required": false
        },
        {
            "id": "cobblemonraiddens:bramblin_teraelectric",
            "required": false
        },
        {
            "id": "cobblemonraiddens:bramblin_terafairy",
            "required": false
        },
        {
            "id": "cobblemonraiddens:bramblin_terafighting",
            "required": false
        },
        {
            "id": "cobblemonraiddens:bramblin_terafire",
            "required": false
        },
        {
            "id": "cobblemonraiddens:bramblin_teraflying",
            "required": false
        },
        {
            "id": "cobblemonraiddens:bramblin_teraghost",
            "required": false
        },
        {
            "id": "cobblemonraiddens:bramblin_teragrass",
            "required": false
        },
        {
            "id": "cobblemonraiddens:bramblin_teraground",
            "required": false
        },
        {
            "id": "cobblemonraiddens:bramblin_teraice",
            "required": false
        },
        {
            "id": "cobblemonraiddens:bramblin_teranormal",
            "required": false
        },
        {
            "id": "cobblemonraiddens:bramblin_terapoison",
            "required": false
        },
        {
            "id": "cobblemonraiddens:bramblin_terapsychic",
            "required": false
        },
        {
            "id": "cobblemonraiddens:bramblin_terarock",
            "required": false
        },
        {
            "id": "cobblemonraiddens:bramblin_terasteel",
            "required": false
        },
        {
            "id": "cobblemonraiddens:bramblin_terawater",
            "required": false
        }
    ]
}