{
    "replace": false,
    "values": [
        {
            "id": "cobblemonraiddens:braviary_stellar",
            "required": false
        },
        {
            "id": "cobblemonraiddens:braviary_terabug",
            "required": false
        },
        {
            "id": "cobblemonraiddens:braviary_teradark",
            "required": false
        },
        {
            "id": "cobblemonraiddens:braviary_teradragon",
            "required": false
        },
        {
            "id": "cobblemonraiddens:braviary_teraelectric",
            "required": false
        },
        {
            "id": "cobblemonraiddens:braviary_terafairy",
            "required": false
        },
        {
            "id": "cobblemonraiddens:braviary_terafighting",
            "required": false
        },
        {
            "id": "cobblemonraiddens:braviary_terafire",
            "required": false
        },
        {
            "id": "cobblemonraiddens:braviary_teraflying",
            "required": false
        },
        {
            "id": "cobblemonraiddens:braviary_teraghost",
            "required": false
        },
        {
            "id": "cobblemonraiddens:braviary_teragrass",
            "required": false
        },
        {
            "id": "cobblemonraiddens:braviary_teraground",
            "required": false
        },
        {
            "id": "cobblemonraiddens:braviary_teraice",
            "required": false
        },
        {
            "id": "cobblemonraiddens:braviary_teranormal",
            "required": false
        },
        {
            "id": "cobblemonraiddens:braviary_terapoison",
            "required": false
        },
        {
            "id": "cobblemonraiddens:braviary_terapsychic",
            "required": false
        },
        {
            "id": "cobblemonraiddens:braviary_terarock",
            "required": false
        },
        {
            "id": "cobblemonraiddens:braviary_terasteel",
            "required": false
        },
        {
            "id": "cobblemonraiddens:braviary_terawater",
            "required": false
        }
    ]
}