{
    "replace": false,
    "values": [
        {
            "id": "cobblemonraiddens:breloom_stellar",
            "required": false
        },
        {
            "id": "cobblemonraiddens:breloom_terabug",
            "required": false
        },
        {
            "id": "cobblemonraiddens:breloom_teradark",
            "required": false
        },
        {
            "id": "cobblemonraiddens:breloom_teradragon",
            "required": false
        },
        {
            "id": "cobblemonraiddens:breloom_teraelectric",
            "required": false
        },
        {
            "id": "cobblemonraiddens:breloom_terafairy",
            "required": false
        },
        {
            "id": "cobblemonraiddens:breloom_terafighting",
            "required": false
        },
        {
            "id": "cobblemonraiddens:breloom_terafire",
            "required": false
        },
        {
            "id": "cobblemonraiddens:breloom_teraflying",
            "required": false
        },
        {
            "id": "cobblemonraiddens:breloom_teraghost",
            "required": false
        },
        {
            "id": "cobblemonraiddens:breloom_teragrass",
            "required": false
        },
        {
            "id": "cobblemonraiddens:breloom_teraground",
            "required": false
        },
        {
            "id": "cobblemonraiddens:breloom_teraice",
            "required": false
        },
        {
            "id": "cobblemonraiddens:breloom_teranormal",
            "required": false
        },
        {
            "id": "cobblemonraiddens:breloom_terapoison",
            "required": false
        },
        {
            "id": "cobblemonraiddens:breloom_terapsychic",
            "required": false
        },
        {
            "id": "cobblemonraiddens:breloom_terarock",
            "required": false
        },
        {
            "id": "cobblemonraiddens:breloom_terasteel",
            "required": false
        },
        {
            "id": "cobblemonraiddens:breloom_terawater",
            "required": false
        }
    ]
}