{
    "replace": false,
    "values": [
        {
            "id": "cobblemonraiddens:brionne_stellar",
            "required": false
        },
        {
            "id": "cobblemonraiddens:brionne_terabug",
            "required": false
        },
        {
            "id": "cobblemonraiddens:brionne_teradark",
            "required": false
        },
        {
            "id": "cobblemonraiddens:brionne_teradragon",
            "required": false
        },
        {
            "id": "cobblemonraiddens:brionne_teraelectric",
            "required": false
        },
        {
            "id": "cobblemonraiddens:brionne_terafairy",
            "required": false
        },
        {
            "id": "cobblemonraiddens:brionne_terafighting",
            "required": false
        },
        {
            "id": "cobblemonraiddens:brionne_terafire",
            "required": false
        },
        {
            "id": "cobblemonraiddens:brionne_teraflying",
            "required": false
        },
        {
            "id": "cobblemonraiddens:brionne_teraghost",
            "required": false
        },
        {
            "id": "cobblemonraiddens:brionne_teragrass",
            "required": false
        },
        {
            "id": "cobblemonraiddens:brionne_teraground",
            "required": false
        },
        {
            "id": "cobblemonraiddens:brionne_teraice",
            "required": false
        },
        {
            "id": "cobblemonraiddens:brionne_teranormal",
            "required": false
        },
        {
            "id": "cobblemonraiddens:brionne_terapoison",
            "required": false
        },
        {
            "id": "cobblemonraiddens:brionne_terapsychic",
            "required": false
        },
        {
            "id": "cobblemonraiddens:brionne_terarock",
            "required": false
        },
        {
            "id": "cobblemonraiddens:brionne_terasteel",
            "required": false
        },
        {
            "id": "cobblemonraiddens:brionne_terawater",
            "required": false
        }
    ]
}