{
    "replace": false,
    "values": [
        {
            "id": "cobblemonraiddens:bronzong_stellar",
            "required": false
        },
        {
            "id": "cobblemonraiddens:bronzong_terabug",
            "required": false
        },
        {
            "id": "cobblemonraiddens:bronzong_teradark",
            "required": false
        },
        {
            "id": "cobblemonraiddens:bronzong_teradragon",
            "required": false
        },
        {
            "id": "cobblemonraiddens:bronzong_teraelectric",
            "required": false
        },
        {
            "id": "cobblemonraiddens:bronzong_terafairy",
            "required": false
        },
        {
            "id": "cobblemonraiddens:bronzong_terafighting",
            "required": false
        },
        {
            "id": "cobblemonraiddens:bronzong_terafire",
            "required": false
        },
        {
            "id": "cobblemonraiddens:bronzong_teraflying",
            "required": false
        },
        {
            "id": "cobblemonraiddens:bronzong_teraghost",
            "required": false
        },
        {
            "id": "cobblemonraiddens:bronzong_teragrass",
            "required": false
        },
        {
            "id": "cobblemonraiddens:bronzong_teraground",
            "required": false
        },
        {
            "id": "cobblemonraiddens:bronzong_teraice",
            "required": false
        },
        {
            "id": "cobblemonraiddens:bronzong_teranormal",
            "required": false
        },
        {
            "id": "cobblemonraiddens:bronzong_terapoison",
            "required": false
        },
        {
            "id": "cobblemonraiddens:bronzong_terapsychic",
            "required": false
        },
        {
            "id": "cobblemonraiddens:bronzong_terarock",
            "required": false
        },
        {
            "id": "cobblemonraiddens:bronzong_terasteel",
            "required": false
        },
        {
            "id": "cobblemonraiddens:bronzong_terawater",
            "required": false
        }
    ]
}