{
    "replace": false,
    "values": [
        {
            "id": "cobblemonraiddens:bronzor_stellar",
            "required": false
        },
        {
            "id": "cobblemonraiddens:bronzor_terabug",
            "required": false
        },
        {
            "id": "cobblemonraiddens:bronzor_teradark",
            "required": false
        },
        {
            "id": "cobblemonraiddens:bronzor_teradragon",
            "required": false
        },
        {
            "id": "cobblemonraiddens:bronzor_teraelectric",
            "required": false
        },
        {
            "id": "cobblemonraiddens:bronzor_terafairy",
            "required": false
        },
        {
            "id": "cobblemonraiddens:bronzor_terafighting",
            "required": false
        },
        {
            "id": "cobblemonraiddens:bronzor_terafire",
            "required": false
        },
        {
            "id": "cobblemonraiddens:bronzor_teraflying",
            "required": false
        },
        {
            "id": "cobblemonraiddens:bronzor_teraghost",
            "required": false
        },
        {
            "id": "cobblemonraiddens:bronzor_teragrass",
            "required": false
        },
        {
            "id": "cobblemonraiddens:bronzor_teraground",
            "required": false
        },
        {
            "id": "cobblemonraiddens:bronzor_teraice",
            "required": false
        },
        {
            "id": "cobblemonraiddens:bronzor_teranormal",
            "required": false
        },
        {
            "id": "cobblemonraiddens:bronzor_terapoison",
            "required": false
        },
        {
            "id": "cobblemonraiddens:bronzor_terapsychic",
            "required": false
        },
        {
            "id": "cobblemonraiddens:bronzor_terarock",
            "required": false
        },
        {
            "id": "cobblemonraiddens:bronzor_terasteel",
            "required": false
        },
        {
            "id": "cobblemonraiddens:bronzor_terawater",
            "required": false
        }
    ]
}