{
    "replace": false,
    "values": [
        {
            "id": "cobblemonraiddens:brutebonnet_stellar",
            "required": false
        },
        {
            "id": "cobblemonraiddens:brutebonnet_terabug",
            "required": false
        },
        {
            "id": "cobblemonraiddens:brutebonnet_teradark",
            "required": false
        },
        {
            "id": "cobblemonraiddens:brutebonnet_teradragon",
            "required": false
        },
        {
            "id": "cobblemonraiddens:brutebonnet_teraelectric",
            "required": false
        },
        {
            "id": "cobblemonraiddens:brutebonnet_terafairy",
            "required": false
        },
        {
            "id": "cobblemonraiddens:brutebonnet_terafighting",
            "required": false
        },
        {
            "id": "cobblemonraiddens:brutebonnet_terafire",
            "required": false
        },
        {
            "id": "cobblemonraiddens:brutebonnet_teraflying",
            "required": false
        },
        {
            "id": "cobblemonraiddens:brutebonnet_teraghost",
            "required": false
        },
        {
            "id": "cobblemonraiddens:brutebonnet_teragrass",
            "required": false
        },
        {
            "id": "cobblemonraiddens:brutebonnet_teraground",
            "required": false
        },
        {
            "id": "cobblemonraiddens:brutebonnet_teraice",
            "required": false
        },
        {
            "id": "cobblemonraiddens:brutebonnet_teranormal",
            "required": false
        },
        {
            "id": "cobblemonraiddens:brutebonnet_terapoison",
            "required": false
        },
        {
            "id": "cobblemonraiddens:brutebonnet_terapsychic",
            "required": false
        },
        {
            "id": "cobblemonraiddens:brutebonnet_terarock",
            "required": false
        },
        {
            "id": "cobblemonraiddens:brutebonnet_terasteel",
            "required": false
        },
        {
            "id": "cobblemonraiddens:brutebonnet_terawater",
            "required": false
        }
    ]
}