{
    "replace": false,
    "values": [
        {
            "id": "cobblemonraiddens:bruxish_stellar",
            "required": false
        },
        {
            "id": "cobblemonraiddens:bruxish_terabug",
            "required": false
        },
        {
            "id": "cobblemonraiddens:bruxish_teradark",
            "required": false
        },
        {
            "id": "cobblemonraiddens:bruxish_teradragon",
            "required": false
        },
        {
            "id": "cobblemonraiddens:bruxish_teraelectric",
            "required": false
        },
        {
            "id": "cobblemonraiddens:bruxish_terafairy",
            "required": false
        },
        {
            "id": "cobblemonraiddens:bruxish_terafighting",
            "required": false
        },
        {
            "id": "cobblemonraiddens:bruxish_terafire",
            "required": false
        },
        {
            "id": "cobblemonraiddens:bruxish_teraflying",
            "required": false
        },
        {
            "id": "cobblemonraiddens:bruxish_teraghost",
            "required": false
        },
        {
            "id": "cobblemonraiddens:bruxish_teragrass",
            "required": false
        },
        {
            "id": "cobblemonraiddens:bruxish_teraground",
            "required": false
        },
        {
            "id": "cobblemonraiddens:bruxish_teraice",
            "required": false
        },
        {
            "id": "cobblemonraiddens:bruxish_teranormal",
            "required": false
        },
        {
            "id": "cobblemonraiddens:bruxish_terapoison",
            "required": false
        },
        {
            "id": "cobblemonraiddens:bruxish_terapsychic",
            "required": false
        },
        {
            "id": "cobblemonraiddens:bruxish_terarock",
            "required": false
        },
        {
            "id": "cobblemonraiddens:bruxish_terasteel",
            "required": false
        },
        {
            "id": "cobblemonraiddens:bruxish_terawater",
            "required": false
        }
    ]
}