{
    "replace": false,
    "values": [
        {
            "id": "cobblemonraiddens:budew_stellar",
            "required": false
        },
        {
            "id": "cobblemonraiddens:budew_terabug",
            "required": false
        },
        {
            "id": "cobblemonraiddens:budew_teradark",
            "required": false
        },
        {
            "id": "cobblemonraiddens:budew_teradragon",
            "required": false
        },
        {
            "id": "cobblemonraiddens:budew_teraelectric",
            "required": false
        },
        {
            "id": "cobblemonraiddens:budew_terafairy",
            "required": false
        },
        {
            "id": "cobblemonraiddens:budew_terafighting",
            "required": false
        },
        {
            "id": "cobblemonraiddens:budew_terafire",
            "required": false
        },
        {
            "id": "cobblemonraiddens:budew_teraflying",
            "required": false
        },
        {
            "id": "cobblemonraiddens:budew_teraghost",
            "required": false
        },
        {
            "id": "cobblemonraiddens:budew_teragrass",
            "required": false
        },
        {
            "id": "cobblemonraiddens:budew_teraground",
            "required": false
        },
        {
            "id": "cobblemonraiddens:budew_teraice",
            "required": false
        },
        {
            "id": "cobblemonraiddens:budew_teranormal",
            "required": false
        },
        {
            "id": "cobblemonraiddens:budew_terapoison",
            "required": false
        },
        {
            "id": "cobblemonraiddens:budew_terapsychic",
            "required": false
        },
        {
            "id": "cobblemonraiddens:budew_terarock",
            "required": false
        },
        {
            "id": "cobblemonraiddens:budew_terasteel",
            "required": false
        },
        {
            "id": "cobblemonraiddens:budew_terawater",
            "required": false
        }
    ]
}