{
    "replace": false,
    "values": [
        {
            "id": "cobblemonraiddens:buizel_stellar",
            "required": false
        },
        {
            "id": "cobblemonraiddens:buizel_terabug",
            "required": false
        },
        {
            "id": "cobblemonraiddens:buizel_teradark",
            "required": false
        },
        {
            "id": "cobblemonraiddens:buizel_teradragon",
            "required": false
        },
        {
            "id": "cobblemonraiddens:buizel_teraelectric",
            "required": false
        },
        {
            "id": "cobblemonraiddens:buizel_terafairy",
            "required": false
        },
        {
            "id": "cobblemonraiddens:buizel_terafighting",
            "required": false
        },
        {
            "id": "cobblemonraiddens:buizel_terafire",
            "required": false
        },
        {
            "id": "cobblemonraiddens:buizel_teraflying",
            "required": false
        },
        {
            "id": "cobblemonraiddens:buizel_teraghost",
            "required": false
        },
        {
            "id": "cobblemonraiddens:buizel_teragrass",
            "required": false
        },
        {
            "id": "cobblemonraiddens:buizel_teraground",
            "required": false
        },
        {
            "id": "cobblemonraiddens:buizel_teraice",
            "required": false
        },
        {
            "id": "cobblemonraiddens:buizel_teranormal",
            "required": false
        },
        {
            "id": "cobblemonraiddens:buizel_terapoison",
            "required": false
        },
        {
            "id": "cobblemonraiddens:buizel_terapsychic",
            "required": false
        },
        {
            "id": "cobblemonraiddens:buizel_terarock",
            "required": false
        },
        {
            "id": "cobblemonraiddens:buizel_terasteel",
            "required": false
        },
        {
            "id": "cobblemonraiddens:buizel_terawater",
            "required": false
        }
    ]
}