{
    "replace": false,
    "values": [
        {
            "id": "cobblemonraiddens:bulbasaur_stellar",
            "required": false
        },
        {
            "id": "cobblemonraiddens:bulbasaur_terabug",
            "required": false
        },
        {
            "id": "cobblemonraiddens:bulbasaur_teradark",
            "required": false
        },
        {
            "id": "cobblemonraiddens:bulbasaur_teradragon",
            "required": false
        },
        {
            "id": "cobblemonraiddens:bulbasaur_teraelectric",
            "required": false
        },
        {
            "id": "cobblemonraiddens:bulbasaur_terafairy",
            "required": false
        },
        {
            "id": "cobblemonraiddens:bulbasaur_terafighting",
            "required": false
        },
        {
            "id": "cobblemonraiddens:bulbasaur_terafire",
            "required": false
        },
        {
            "id": "cobblemonraiddens:bulbasaur_teraflying",
            "required": false
        },
        {
            "id": "cobblemonraiddens:bulbasaur_teraghost",
            "required": false
        },
        {
            "id": "cobblemonraiddens:bulbasaur_teragrass",
            "required": false
        },
        {
            "id": "cobblemonraiddens:bulbasaur_teraground",
            "required": false
        },
        {
            "id": "cobblemonraiddens:bulbasaur_teraice",
            "required": false
        },
        {
            "id": "cobblemonraiddens:bulbasaur_teranormal",
            "required": false
        },
        {
            "id": "cobblemonraiddens:bulbasaur_terapoison",
            "required": false
        },
        {
            "id": "cobblemonraiddens:bulbasaur_terapsychic",
            "required": false
        },
        {
            "id": "cobblemonraiddens:bulbasaur_terarock",
            "required": false
        },
        {
            "id": "cobblemonraiddens:bulbasaur_terasteel",
            "required": false
        },
        {
            "id": "cobblemonraiddens:bulbasaur_terawater",
            "required": false
        }
    ]
}