{
    "replace": false,
    "values": [
        {
            "id": "cobblemonraiddens:buneary_stellar",
            "required": false
        },
        {
            "id": "cobblemonraiddens:buneary_terabug",
            "required": false
        },
        {
            "id": "cobblemonraiddens:buneary_teradark",
            "required": false
        },
        {
            "id": "cobblemonraiddens:buneary_teradragon",
            "required": false
        },
        {
            "id": "cobblemonraiddens:buneary_teraelectric",
            "required": false
        },
        {
            "id": "cobblemonraiddens:buneary_terafairy",
            "required": false
        },
        {
            "id": "cobblemonraiddens:buneary_terafighting",
            "required": false
        },
        {
            "id": "cobblemonraiddens:buneary_terafire",
            "required": false
        },
        {
            "id": "cobblemonraiddens:buneary_teraflying",
            "required": false
        },
        {
            "id": "cobblemonraiddens:buneary_teraghost",
            "required": false
        },
        {
            "id": "cobblemonraiddens:buneary_teragrass",
            "required": false
        },
        {
            "id": "cobblemonraiddens:buneary_teraground",
            "required": false
        },
        {
            "id": "cobblemonraiddens:buneary_teraice",
            "required": false
        },
        {
            "id": "cobblemonraiddens:buneary_teranormal",
            "required": false
        },
        {
            "id": "cobblemonraiddens:buneary_terapoison",
            "required": false
        },
        {
            "id": "cobblemonraiddens:buneary_terapsychic",
            "required": false
        },
        {
            "id": "cobblemonraiddens:buneary_terarock",
            "required": false
        },
        {
            "id": "cobblemonraiddens:buneary_terasteel",
            "required": false
        },
        {
            "id": "cobblemonraiddens:buneary_terawater",
            "required": false
        }
    ]
}