{
    "replace": false,
    "values": [
        {
            "id": "cobblemonraiddens:bunnelby_stellar",
            "required": false
        },
        {
            "id": "cobblemonraiddens:bunnelby_terabug",
            "required": false
        },
        {
            "id": "cobblemonraiddens:bunnelby_teradark",
            "required": false
        },
        {
            "id": "cobblemonraiddens:bunnelby_teradragon",
            "required": false
        },
        {
            "id": "cobblemonraiddens:bunnelby_teraelectric",
            "required": false
        },
        {
            "id": "cobblemonraiddens:bunnelby_terafairy",
            "required": false
        },
        {
            "id": "cobblemonraiddens:bunnelby_terafighting",
            "required": false
        },
        {
            "id": "cobblemonraiddens:bunnelby_terafire",
            "required": false
        },
        {
            "id": "cobblemonraiddens:bunnelby_teraflying",
            "required": false
        },
        {
            "id": "cobblemonraiddens:bunnelby_teraghost",
            "required": false
        },
        {
            "id": "cobblemonraiddens:bunnelby_teragrass",
            "required": false
        },
        {
            "id": "cobblemonraiddens:bunnelby_teraground",
            "required": false
        },
        {
            "id": "cobblemonraiddens:bunnelby_teraice",
            "required": false
        },
        {
            "id": "cobblemonraiddens:bunnelby_teranormal",
            "required": false
        },
        {
            "id": "cobblemonraiddens:bunnelby_terapoison",
            "required": false
        },
        {
            "id": "cobblemonraiddens:bunnelby_terapsychic",
            "required": false
        },
        {
            "id": "cobblemonraiddens:bunnelby_terarock",
            "required": false
        },
        {
            "id": "cobblemonraiddens:bunnelby_terasteel",
            "required": false
        },
        {
            "id": "cobblemonraiddens:bunnelby_terawater",
            "required": false
        }
    ]
}