{
    "replace": false,
    "values": [
        {
            "id": "cobblemonraiddens:burmy_plant_stellar",
            "required": false
        },
        {
            "id": "cobblemonraiddens:burmy_plant_terabug",
            "required": false
        },
        {
            "id": "cobblemonraiddens:burmy_plant_teradark",
            "required": false
        },
        {
            "id": "cobblemonraiddens:burmy_plant_teradragon",
            "required": false
        },
        {
            "id": "cobblemonraiddens:burmy_plant_teraelectric",
            "required": false
        },
        {
            "id": "cobblemonraiddens:burmy_plant_terafairy",
            "required": false
        },
        {
            "id": "cobblemonraiddens:burmy_plant_terafighting",
            "required": false
        },
        {
            "id": "cobblemonraiddens:burmy_plant_terafire",
            "required": false
        },
        {
            "id": "cobblemonraiddens:burmy_plant_teraflying",
            "required": false
        },
        {
            "id": "cobblemonraiddens:burmy_plant_teraghost",
            "required": false
        },
        {
            "id": "cobblemonraiddens:burmy_plant_teragrass",
            "required": false
        },
        {
            "id": "cobblemonraiddens:burmy_plant_teraground",
            "required": false
        },
        {
            "id": "cobblemonraiddens:burmy_plant_teraice",
            "required": false
        },
        {
            "id": "cobblemonraiddens:burmy_plant_teranormal",
            "required": false
        },
        {
            "id": "cobblemonraiddens:burmy_plant_terapoison",
            "required": false
        },
        {
            "id": "cobblemonraiddens:burmy_plant_terapsychic",
            "required": false
        },
        {
            "id": "cobblemonraiddens:burmy_plant_terarock",
            "required": false
        },
        {
            "id": "cobblemonraiddens:burmy_plant_terasteel",
            "required": false
        },
        {
            "id": "cobblemonraiddens:burmy_plant_terawater",
            "required": false
        }
    ]
}