{
    "replace": false,
    "values": [
        {
            "id": "cobblemonraiddens:burmy_sandy_stellar",
            "required": false
        },
        {
            "id": "cobblemonraiddens:burmy_sandy_terabug",
            "required": false
        },
        {
            "id": "cobblemonraiddens:burmy_sandy_teradark",
            "required": false
        },
        {
            "id": "cobblemonraiddens:burmy_sandy_teradragon",
            "required": false
        },
        {
            "id": "cobblemonraiddens:burmy_sandy_teraelectric",
            "required": false
        },
        {
            "id": "cobblemonraiddens:burmy_sandy_terafairy",
            "required": false
        },
        {
            "id": "cobblemonraiddens:burmy_sandy_terafighting",
            "required": false
        },
        {
            "id": "cobblemonraiddens:burmy_sandy_terafire",
            "required": false
        },
        {
            "id": "cobblemonraiddens:burmy_sandy_teraflying",
            "required": false
        },
        {
            "id": "cobblemonraiddens:burmy_sandy_teraghost",
            "required": false
        },
        {
            "id": "cobblemonraiddens:burmy_sandy_teragrass",
            "required": false
        },
        {
            "id": "cobblemonraiddens:burmy_sandy_teraground",
            "required": false
        },
        {
            "id": "cobblemonraiddens:burmy_sandy_teraice",
            "required": false
        },
        {
            "id": "cobblemonraiddens:burmy_sandy_teranormal",
            "required": false
        },
        {
            "id": "cobblemonraiddens:burmy_sandy_terapoison",
            "required": false
        },
        {
            "id": "cobblemonraiddens:burmy_sandy_terapsychic",
            "required": false
        },
        {
            "id": "cobblemonraiddens:burmy_sandy_terarock",
            "required": false
        },
        {
            "id": "cobblemonraiddens:burmy_sandy_terasteel",
            "required": false
        },
        {
            "id": "cobblemonraiddens:burmy_sandy_terawater",
            "required": false
        }
    ]
}