{
    "replace": false,
    "values": [
        {
            "id": "cobblemonraiddens:burmy_trash_stellar",
            "required": false
        },
        {
            "id": "cobblemonraiddens:burmy_trash_terabug",
            "required": false
        },
        {
            "id": "cobblemonraiddens:burmy_trash_teradark",
            "required": false
        },
        {
            "id": "cobblemonraiddens:burmy_trash_teradragon",
            "required": false
        },
        {
            "id": "cobblemonraiddens:burmy_trash_teraelectric",
            "required": false
        },
        {
            "id": "cobblemonraiddens:burmy_trash_terafairy",
            "required": false
        },
        {
            "id": "cobblemonraiddens:burmy_trash_terafighting",
            "required": false
        },
        {
            "id": "cobblemonraiddens:burmy_trash_terafire",
            "required": false
        },
        {
            "id": "cobblemonraiddens:burmy_trash_teraflying",
            "required": false
        },
        {
            "id": "cobblemonraiddens:burmy_trash_teraghost",
            "required": false
        },
        {
            "id": "cobblemonraiddens:burmy_trash_teragrass",
            "required": false
        },
        {
            "id": "cobblemonraiddens:burmy_trash_teraground",
            "required": false
        },
        {
            "id": "cobblemonraiddens:burmy_trash_teraice",
            "required": false
        },
        {
            "id": "cobblemonraiddens:burmy_trash_teranormal",
            "required": false
        },
        {
            "id": "cobblemonraiddens:burmy_trash_terapoison",
            "required": false
        },
        {
            "id": "cobblemonraiddens:burmy_trash_terapsychic",
            "required": false
        },
        {
            "id": "cobblemonraiddens:burmy_trash_terarock",
            "required": false
        },
        {
            "id": "cobblemonraiddens:burmy_trash_terasteel",
            "required": false
        },
        {
            "id": "cobblemonraiddens:burmy_trash_terawater",
            "required": false
        }
    ]
}