{
    "replace": false,
    "values": [
        {
            "id": "cobblemonraiddens:butterfree_stellar",
            "required": false
        },
        {
            "id": "cobblemonraiddens:butterfree_terabug",
            "required": false
        },
        {
            "id": "cobblemonraiddens:butterfree_teradark",
            "required": false
        },
        {
            "id": "cobblemonraiddens:butterfree_teradragon",
            "required": false
        },
        {
            "id": "cobblemonraiddens:butterfree_teraelectric",
            "required": false
        },
        {
            "id": "cobblemonraiddens:butterfree_terafairy",
            "required": false
        },
        {
            "id": "cobblemonraiddens:butterfree_terafighting",
            "required": false
        },
        {
            "id": "cobblemonraiddens:butterfree_terafire",
            "required": false
        },
        {
            "id": "cobblemonraiddens:butterfree_teraflying",
            "required": false
        },
        {
            "id": "cobblemonraiddens:butterfree_teraghost",
            "required": false
        },
        {
            "id": "cobblemonraiddens:butterfree_teragrass",
            "required": false
        },
        {
            "id": "cobblemonraiddens:butterfree_teraground",
            "required": false
        },
        {
            "id": "cobblemonraiddens:butterfree_teraice",
            "required": false
        },
        {
            "id": "cobblemonraiddens:butterfree_teranormal",
            "required": false
        },
        {
            "id": "cobblemonraiddens:butterfree_terapoison",
            "required": false
        },
        {
            "id": "cobblemonraiddens:butterfree_terapsychic",
            "required": false
        },
        {
            "id": "cobblemonraiddens:butterfree_terarock",
            "required": false
        },
        {
            "id": "cobblemonraiddens:butterfree_terasteel",
            "required": false
        },
        {
            "id": "cobblemonraiddens:butterfree_terawater",
            "required": false
        }
    ]
}