{
    "replace": false,
    "values": [
        {
            "id": "cobblemonraiddens:buzzwole_stellar",
            "required": false
        },
        {
            "id": "cobblemonraiddens:buzzwole_terabug",
            "required": false
        },
        {
            "id": "cobblemonraiddens:buzzwole_teradark",
            "required": false
        },
        {
            "id": "cobblemonraiddens:buzzwole_teradragon",
            "required": false
        },
        {
            "id": "cobblemonraiddens:buzzwole_teraelectric",
            "required": false
        },
        {
            "id": "cobblemonraiddens:buzzwole_terafairy",
            "required": false
        },
        {
            "id": "cobblemonraiddens:buzzwole_terafighting",
            "required": false
        },
        {
            "id": "cobblemonraiddens:buzzwole_terafire",
            "required": false
        },
        {
            "id": "cobblemonraiddens:buzzwole_teraflying",
            "required": false
        },
        {
            "id": "cobblemonraiddens:buzzwole_teraghost",
            "required": false
        },
        {
            "id": "cobblemonraiddens:buzzwole_teragrass",
            "required": false
        },
        {
            "id": "cobblemonraiddens:buzzwole_teraground",
            "required": false
        },
        {
            "id": "cobblemonraiddens:buzzwole_teraice",
            "required": false
        },
        {
            "id": "cobblemonraiddens:buzzwole_teranormal",
            "required": false
        },
        {
            "id": "cobblemonraiddens:buzzwole_terapoison",
            "required": false
        },
        {
            "id": "cobblemonraiddens:buzzwole_terapsychic",
            "required": false
        },
        {
            "id": "cobblemonraiddens:buzzwole_terarock",
            "required": false
        },
        {
            "id": "cobblemonraiddens:buzzwole_terasteel",
            "required": false
        },
        {
            "id": "cobblemonraiddens:buzzwole_terawater",
            "required": false
        }
    ]
}