{
    "replace": false,
    "values": [
        {
            "id": "cobblemonraiddens:cacnea_stellar",
            "required": false
        },
        {
            "id": "cobblemonraiddens:cacnea_terabug",
            "required": false
        },
        {
            "id": "cobblemonraiddens:cacnea_teradark",
            "required": false
        },
        {
            "id": "cobblemonraiddens:cacnea_teradragon",
            "required": false
        },
        {
            "id": "cobblemonraiddens:cacnea_teraelectric",
            "required": false
        },
        {
            "id": "cobblemonraiddens:cacnea_terafairy",
            "required": false
        },
        {
            "id": "cobblemonraiddens:cacnea_terafighting",
            "required": false
        },
        {
            "id": "cobblemonraiddens:cacnea_terafire",
            "required": false
        },
        {
            "id": "cobblemonraiddens:cacnea_teraflying",
            "required": false
        },
        {
            "id": "cobblemonraiddens:cacnea_teraghost",
            "required": false
        },
        {
            "id": "cobblemonraiddens:cacnea_teragrass",
            "required": false
        },
        {
            "id": "cobblemonraiddens:cacnea_teraground",
            "required": false
        },
        {
            "id": "cobblemonraiddens:cacnea_teraice",
            "required": false
        },
        {
            "id": "cobblemonraiddens:cacnea_teranormal",
            "required": false
        },
        {
            "id": "cobblemonraiddens:cacnea_terapoison",
            "required": false
        },
        {
            "id": "cobblemonraiddens:cacnea_terapsychic",
            "required": false
        },
        {
            "id": "cobblemonraiddens:cacnea_terarock",
            "required": false
        },
        {
            "id": "cobblemonraiddens:cacnea_terasteel",
            "required": false
        },
        {
            "id": "cobblemonraiddens:cacnea_terawater",
            "required": false
        }
    ]
}