{
    "replace": false,
    "values": [
        {
            "id": "cobblemonraiddens:cacturne_stellar",
            "required": false
        },
        {
            "id": "cobblemonraiddens:cacturne_terabug",
            "required": false
        },
        {
            "id": "cobblemonraiddens:cacturne_teradark",
            "required": false
        },
        {
            "id": "cobblemonraiddens:cacturne_teradragon",
            "required": false
        },
        {
            "id": "cobblemonraiddens:cacturne_teraelectric",
            "required": false
        },
        {
            "id": "cobblemonraiddens:cacturne_terafairy",
            "required": false
        },
        {
            "id": "cobblemonraiddens:cacturne_terafighting",
            "required": false
        },
        {
            "id": "cobblemonraiddens:cacturne_terafire",
            "required": false
        },
        {
            "id": "cobblemonraiddens:cacturne_teraflying",
            "required": false
        },
        {
            "id": "cobblemonraiddens:cacturne_teraghost",
            "required": false
        },
        {
            "id": "cobblemonraiddens:cacturne_teragrass",
            "required": false
        },
        {
            "id": "cobblemonraiddens:cacturne_teraground",
            "required": false
        },
        {
            "id": "cobblemonraiddens:cacturne_teraice",
            "required": false
        },
        {
            "id": "cobblemonraiddens:cacturne_teranormal",
            "required": false
        },
        {
            "id": "cobblemonraiddens:cacturne_terapoison",
            "required": false
        },
        {
            "id": "cobblemonraiddens:cacturne_terapsychic",
            "required": false
        },
        {
            "id": "cobblemonraiddens:cacturne_terarock",
            "required": false
        },
        {
            "id": "cobblemonraiddens:cacturne_terasteel",
            "required": false
        },
        {
            "id": "cobblemonraiddens:cacturne_terawater",
            "required": false
        }
    ]
}