{
    "replace": false,
    "values": [
        {
            "id": "cobblemonraiddens:calyrex_stellar",
            "required": false
        },
        {
            "id": "cobblemonraiddens:calyrex_terabug",
            "required": false
        },
        {
            "id": "cobblemonraiddens:calyrex_teradark",
            "required": false
        },
        {
            "id": "cobblemonraiddens:calyrex_teradragon",
            "required": false
        },
        {
            "id": "cobblemonraiddens:calyrex_teraelectric",
            "required": false
        },
        {
            "id": "cobblemonraiddens:calyrex_terafairy",
            "required": false
        },
        {
            "id": "cobblemonraiddens:calyrex_terafighting",
            "required": false
        },
        {
            "id": "cobblemonraiddens:calyrex_terafire",
            "required": false
        },
        {
            "id": "cobblemonraiddens:calyrex_teraflying",
            "required": false
        },
        {
            "id": "cobblemonraiddens:calyrex_teraghost",
            "required": false
        },
        {
            "id": "cobblemonraiddens:calyrex_teragrass",
            "required": false
        },
        {
            "id": "cobblemonraiddens:calyrex_teraground",
            "required": false
        },
        {
            "id": "cobblemonraiddens:calyrex_teraice",
            "required": false
        },
        {
            "id": "cobblemonraiddens:calyrex_teranormal",
            "required": false
        },
        {
            "id": "cobblemonraiddens:calyrex_terapoison",
            "required": false
        },
        {
            "id": "cobblemonraiddens:calyrex_terapsychic",
            "required": false
        },
        {
            "id": "cobblemonraiddens:calyrex_terarock",
            "required": false
        },
        {
            "id": "cobblemonraiddens:calyrex_terasteel",
            "required": false
        },
        {
            "id": "cobblemonraiddens:calyrex_terawater",
            "required": false
        }
    ]
}