{
    "replace": false,
    "values": [
        {
            "id": "cobblemonraiddens:calyrex_icerider_stellar",
            "required": false
        },
        {
            "id": "cobblemonraiddens:calyrex_icerider_terabug",
            "required": false
        },
        {
            "id": "cobblemonraiddens:calyrex_icerider_teradark",
            "required": false
        },
        {
            "id": "cobblemonraiddens:calyrex_icerider_teradragon",
            "required": false
        },
        {
            "id": "cobblemonraiddens:calyrex_icerider_teraelectric",
            "required": false
        },
        {
            "id": "cobblemonraiddens:calyrex_icerider_terafairy",
            "required": false
        },
        {
            "id": "cobblemonraiddens:calyrex_icerider_terafighting",
            "required": false
        },
        {
            "id": "cobblemonraiddens:calyrex_icerider_terafire",
            "required": false
        },
        {
            "id": "cobblemonraiddens:calyrex_icerider_teraflying",
            "required": false
        },
        {
            "id": "cobblemonraiddens:calyrex_icerider_teraghost",
            "required": false
        },
        {
            "id": "cobblemonraiddens:calyrex_icerider_teragrass",
            "required": false
        },
        {
            "id": "cobblemonraiddens:calyrex_icerider_teraground",
            "required": false
        },
        {
            "id": "cobblemonraiddens:calyrex_icerider_teraice",
            "required": false
        },
        {
            "id": "cobblemonraiddens:calyrex_icerider_teranormal",
            "required": false
        },
        {
            "id": "cobblemonraiddens:calyrex_icerider_terapoison",
            "required": false
        },
        {
            "id": "cobblemonraiddens:calyrex_icerider_terapsychic",
            "required": false
        },
        {
            "id": "cobblemonraiddens:calyrex_icerider_terarock",
            "required": false
        },
        {
            "id": "cobblemonraiddens:calyrex_icerider_terasteel",
            "required": false
        },
        {
            "id": "cobblemonraiddens:calyrex_icerider_terawater",
            "required": false
        }
    ]
}