{
    "replace": false,
    "values": [
        {
            "id": "cobblemonraiddens:calyrex_shadowrider_stellar",
            "required": false
        },
        {
            "id": "cobblemonraiddens:calyrex_shadowrider_terabug",
            "required": false
        },
        {
            "id": "cobblemonraiddens:calyrex_shadowrider_teradark",
            "required": false
        },
        {
            "id": "cobblemonraiddens:calyrex_shadowrider_teradragon",
            "required": false
        },
        {
            "id": "cobblemonraiddens:calyrex_shadowrider_teraelectric",
            "required": false
        },
        {
            "id": "cobblemonraiddens:calyrex_shadowrider_terafairy",
            "required": false
        },
        {
            "id": "cobblemonraiddens:calyrex_shadowrider_terafighting",
            "required": false
        },
        {
            "id": "cobblemonraiddens:calyrex_shadowrider_terafire",
            "required": false
        },
        {
            "id": "cobblemonraiddens:calyrex_shadowrider_teraflying",
            "required": false
        },
        {
            "id": "cobblemonraiddens:calyrex_shadowrider_teraghost",
            "required": false
        },
        {
            "id": "cobblemonraiddens:calyrex_shadowrider_teragrass",
            "required": false
        },
        {
            "id": "cobblemonraiddens:calyrex_shadowrider_teraground",
            "required": false
        },
        {
            "id": "cobblemonraiddens:calyrex_shadowrider_teraice",
            "required": false
        },
        {
            "id": "cobblemonraiddens:calyrex_shadowrider_teranormal",
            "required": false
        },
        {
            "id": "cobblemonraiddens:calyrex_shadowrider_terapoison",
            "required": false
        },
        {
            "id": "cobblemonraiddens:calyrex_shadowrider_terapsychic",
            "required": false
        },
        {
            "id": "cobblemonraiddens:calyrex_shadowrider_terarock",
            "required": false
        },
        {
            "id": "cobblemonraiddens:calyrex_shadowrider_terasteel",
            "required": false
        },
        {
            "id": "cobblemonraiddens:calyrex_shadowrider_terawater",
            "required": false
        }
    ]
}