{
    "replace": false,
    "values": [
        {
            "id": "cobblemonraiddens:camerupt_stellar",
            "required": false
        },
        {
            "id": "cobblemonraiddens:camerupt_terabug",
            "required": false
        },
        {
            "id": "cobblemonraiddens:camerupt_teradark",
            "required": false
        },
        {
            "id": "cobblemonraiddens:camerupt_teradragon",
            "required": false
        },
        {
            "id": "cobblemonraiddens:camerupt_teraelectric",
            "required": false
        },
        {
            "id": "cobblemonraiddens:camerupt_terafairy",
            "required": false
        },
        {
            "id": "cobblemonraiddens:camerupt_terafighting",
            "required": false
        },
        {
            "id": "cobblemonraiddens:camerupt_terafire",
            "required": false
        },
        {
            "id": "cobblemonraiddens:camerupt_teraflying",
            "required": false
        },
        {
            "id": "cobblemonraiddens:camerupt_teraghost",
            "required": false
        },
        {
            "id": "cobblemonraiddens:camerupt_teragrass",
            "required": false
        },
        {
            "id": "cobblemonraiddens:camerupt_teraground",
            "required": false
        },
        {
            "id": "cobblemonraiddens:camerupt_teraice",
            "required": false
        },
        {
            "id": "cobblemonraiddens:camerupt_teranormal",
            "required": false
        },
        {
            "id": "cobblemonraiddens:camerupt_terapoison",
            "required": false
        },
        {
            "id": "cobblemonraiddens:camerupt_terapsychic",
            "required": false
        },
        {
            "id": "cobblemonraiddens:camerupt_terarock",
            "required": false
        },
        {
            "id": "cobblemonraiddens:camerupt_terasteel",
            "required": false
        },
        {
            "id": "cobblemonraiddens:camerupt_terawater",
            "required": false
        }
    ]
}