{
    "replace": false,
    "values": [
        {
            "id": "cobblemonraiddens:capsakid_stellar",
            "required": false
        },
        {
            "id": "cobblemonraiddens:capsakid_terabug",
            "required": false
        },
        {
            "id": "cobblemonraiddens:capsakid_teradark",
            "required": false
        },
        {
            "id": "cobblemonraiddens:capsakid_teradragon",
            "required": false
        },
        {
            "id": "cobblemonraiddens:capsakid_teraelectric",
            "required": false
        },
        {
            "id": "cobblemonraiddens:capsakid_terafairy",
            "required": false
        },
        {
            "id": "cobblemonraiddens:capsakid_terafighting",
            "required": false
        },
        {
            "id": "cobblemonraiddens:capsakid_terafire",
            "required": false
        },
        {
            "id": "cobblemonraiddens:capsakid_teraflying",
            "required": false
        },
        {
            "id": "cobblemonraiddens:capsakid_teraghost",
            "required": false
        },
        {
            "id": "cobblemonraiddens:capsakid_teragrass",
            "required": false
        },
        {
            "id": "cobblemonraiddens:capsakid_teraground",
            "required": false
        },
        {
            "id": "cobblemonraiddens:capsakid_teraice",
            "required": false
        },
        {
            "id": "cobblemonraiddens:capsakid_teranormal",
            "required": false
        },
        {
            "id": "cobblemonraiddens:capsakid_terapoison",
            "required": false
        },
        {
            "id": "cobblemonraiddens:capsakid_terapsychic",
            "required": false
        },
        {
            "id": "cobblemonraiddens:capsakid_terarock",
            "required": false
        },
        {
            "id": "cobblemonraiddens:capsakid_terasteel",
            "required": false
        },
        {
            "id": "cobblemonraiddens:capsakid_terawater",
            "required": false
        }
    ]
}