{
    "replace": false,
    "values": [
        {
            "id": "cobblemonraiddens:carbink_stellar",
            "required": false
        },
        {
            "id": "cobblemonraiddens:carbink_terabug",
            "required": false
        },
        {
            "id": "cobblemonraiddens:carbink_teradark",
            "required": false
        },
        {
            "id": "cobblemonraiddens:carbink_teradragon",
            "required": false
        },
        {
            "id": "cobblemonraiddens:carbink_teraelectric",
            "required": false
        },
        {
            "id": "cobblemonraiddens:carbink_terafairy",
            "required": false
        },
        {
            "id": "cobblemonraiddens:carbink_terafighting",
            "required": false
        },
        {
            "id": "cobblemonraiddens:carbink_terafire",
            "required": false
        },
        {
            "id": "cobblemonraiddens:carbink_teraflying",
            "required": false
        },
        {
            "id": "cobblemonraiddens:carbink_teraghost",
            "required": false
        },
        {
            "id": "cobblemonraiddens:carbink_teragrass",
            "required": false
        },
        {
            "id": "cobblemonraiddens:carbink_teraground",
            "required": false
        },
        {
            "id": "cobblemonraiddens:carbink_teraice",
            "required": false
        },
        {
            "id": "cobblemonraiddens:carbink_teranormal",
            "required": false
        },
        {
            "id": "cobblemonraiddens:carbink_terapoison",
            "required": false
        },
        {
            "id": "cobblemonraiddens:carbink_terapsychic",
            "required": false
        },
        {
            "id": "cobblemonraiddens:carbink_terarock",
            "required": false
        },
        {
            "id": "cobblemonraiddens:carbink_terasteel",
            "required": false
        },
        {
            "id": "cobblemonraiddens:carbink_terawater",
            "required": false
        }
    ]
}