{
    "replace": false,
    "values": [
        {
            "id": "cobblemonraiddens:carkol_stellar",
            "required": false
        },
        {
            "id": "cobblemonraiddens:carkol_terabug",
            "required": false
        },
        {
            "id": "cobblemonraiddens:carkol_teradark",
            "required": false
        },
        {
            "id": "cobblemonraiddens:carkol_teradragon",
            "required": false
        },
        {
            "id": "cobblemonraiddens:carkol_teraelectric",
            "required": false
        },
        {
            "id": "cobblemonraiddens:carkol_terafairy",
            "required": false
        },
        {
            "id": "cobblemonraiddens:carkol_terafighting",
            "required": false
        },
        {
            "id": "cobblemonraiddens:carkol_terafire",
            "required": false
        },
        {
            "id": "cobblemonraiddens:carkol_teraflying",
            "required": false
        },
        {
            "id": "cobblemonraiddens:carkol_teraghost",
            "required": false
        },
        {
            "id": "cobblemonraiddens:carkol_teragrass",
            "required": false
        },
        {
            "id": "cobblemonraiddens:carkol_teraground",
            "required": false
        },
        {
            "id": "cobblemonraiddens:carkol_teraice",
            "required": false
        },
        {
            "id": "cobblemonraiddens:carkol_teranormal",
            "required": false
        },
        {
            "id": "cobblemonraiddens:carkol_terapoison",
            "required": false
        },
        {
            "id": "cobblemonraiddens:carkol_terapsychic",
            "required": false
        },
        {
            "id": "cobblemonraiddens:carkol_terarock",
            "required": false
        },
        {
            "id": "cobblemonraiddens:carkol_terasteel",
            "required": false
        },
        {
            "id": "cobblemonraiddens:carkol_terawater",
            "required": false
        }
    ]
}