{
    "replace": false,
    "values": [
        {
            "id": "cobblemonraiddens:carnivine_stellar",
            "required": false
        },
        {
            "id": "cobblemonraiddens:carnivine_terabug",
            "required": false
        },
        {
            "id": "cobblemonraiddens:carnivine_teradark",
            "required": false
        },
        {
            "id": "cobblemonraiddens:carnivine_teradragon",
            "required": false
        },
        {
            "id": "cobblemonraiddens:carnivine_teraelectric",
            "required": false
        },
        {
            "id": "cobblemonraiddens:carnivine_terafairy",
            "required": false
        },
        {
            "id": "cobblemonraiddens:carnivine_terafighting",
            "required": false
        },
        {
            "id": "cobblemonraiddens:carnivine_terafire",
            "required": false
        },
        {
            "id": "cobblemonraiddens:carnivine_teraflying",
            "required": false
        },
        {
            "id": "cobblemonraiddens:carnivine_teraghost",
            "required": false
        },
        {
            "id": "cobblemonraiddens:carnivine_teragrass",
            "required": false
        },
        {
            "id": "cobblemonraiddens:carnivine_teraground",
            "required": false
        },
        {
            "id": "cobblemonraiddens:carnivine_teraice",
            "required": false
        },
        {
            "id": "cobblemonraiddens:carnivine_teranormal",
            "required": false
        },
        {
            "id": "cobblemonraiddens:carnivine_terapoison",
            "required": false
        },
        {
            "id": "cobblemonraiddens:carnivine_terapsychic",
            "required": false
        },
        {
            "id": "cobblemonraiddens:carnivine_terarock",
            "required": false
        },
        {
            "id": "cobblemonraiddens:carnivine_terasteel",
            "required": false
        },
        {
            "id": "cobblemonraiddens:carnivine_terawater",
            "required": false
        }
    ]
}