{
    "replace": false,
    "values": [
        {
            "id": "cobblemonraiddens:carracosta_stellar",
            "required": false
        },
        {
            "id": "cobblemonraiddens:carracosta_terabug",
            "required": false
        },
        {
            "id": "cobblemonraiddens:carracosta_teradark",
            "required": false
        },
        {
            "id": "cobblemonraiddens:carracosta_teradragon",
            "required": false
        },
        {
            "id": "cobblemonraiddens:carracosta_teraelectric",
            "required": false
        },
        {
            "id": "cobblemonraiddens:carracosta_terafairy",
            "required": false
        },
        {
            "id": "cobblemonraiddens:carracosta_terafighting",
            "required": false
        },
        {
            "id": "cobblemonraiddens:carracosta_terafire",
            "required": false
        },
        {
            "id": "cobblemonraiddens:carracosta_teraflying",
            "required": false
        },
        {
            "id": "cobblemonraiddens:carracosta_teraghost",
            "required": false
        },
        {
            "id": "cobblemonraiddens:carracosta_teragrass",
            "required": false
        },
        {
            "id": "cobblemonraiddens:carracosta_teraground",
            "required": false
        },
        {
            "id": "cobblemonraiddens:carracosta_teraice",
            "required": false
        },
        {
            "id": "cobblemonraiddens:carracosta_teranormal",
            "required": false
        },
        {
            "id": "cobblemonraiddens:carracosta_terapoison",
            "required": false
        },
        {
            "id": "cobblemonraiddens:carracosta_terapsychic",
            "required": false
        },
        {
            "id": "cobblemonraiddens:carracosta_terarock",
            "required": false
        },
        {
            "id": "cobblemonraiddens:carracosta_terasteel",
            "required": false
        },
        {
            "id": "cobblemonraiddens:carracosta_terawater",
            "required": false
        }
    ]
}