{
    "replace": false,
    "values": [
        {
            "id": "cobblemonraiddens:carvanha_stellar",
            "required": false
        },
        {
            "id": "cobblemonraiddens:carvanha_terabug",
            "required": false
        },
        {
            "id": "cobblemonraiddens:carvanha_teradark",
            "required": false
        },
        {
            "id": "cobblemonraiddens:carvanha_teradragon",
            "required": false
        },
        {
            "id": "cobblemonraiddens:carvanha_teraelectric",
            "required": false
        },
        {
            "id": "cobblemonraiddens:carvanha_terafairy",
            "required": false
        },
        {
            "id": "cobblemonraiddens:carvanha_terafighting",
            "required": false
        },
        {
            "id": "cobblemonraiddens:carvanha_terafire",
            "required": false
        },
        {
            "id": "cobblemonraiddens:carvanha_teraflying",
            "required": false
        },
        {
            "id": "cobblemonraiddens:carvanha_teraghost",
            "required": false
        },
        {
            "id": "cobblemonraiddens:carvanha_teragrass",
            "required": false
        },
        {
            "id": "cobblemonraiddens:carvanha_teraground",
            "required": false
        },
        {
            "id": "cobblemonraiddens:carvanha_teraice",
            "required": false
        },
        {
            "id": "cobblemonraiddens:carvanha_teranormal",
            "required": false
        },
        {
            "id": "cobblemonraiddens:carvanha_terapoison",
            "required": false
        },
        {
            "id": "cobblemonraiddens:carvanha_terapsychic",
            "required": false
        },
        {
            "id": "cobblemonraiddens:carvanha_terarock",
            "required": false
        },
        {
            "id": "cobblemonraiddens:carvanha_terasteel",
            "required": false
        },
        {
            "id": "cobblemonraiddens:carvanha_terawater",
            "required": false
        }
    ]
}