{
    "replace": false,
    "values": [
        {
            "id": "cobblemonraiddens:cascoon_stellar",
            "required": false
        },
        {
            "id": "cobblemonraiddens:cascoon_terabug",
            "required": false
        },
        {
            "id": "cobblemonraiddens:cascoon_teradark",
            "required": false
        },
        {
            "id": "cobblemonraiddens:cascoon_teradragon",
            "required": false
        },
        {
            "id": "cobblemonraiddens:cascoon_teraelectric",
            "required": false
        },
        {
            "id": "cobblemonraiddens:cascoon_terafairy",
            "required": false
        },
        {
            "id": "cobblemonraiddens:cascoon_terafighting",
            "required": false
        },
        {
            "id": "cobblemonraiddens:cascoon_terafire",
            "required": false
        },
        {
            "id": "cobblemonraiddens:cascoon_teraflying",
            "required": false
        },
        {
            "id": "cobblemonraiddens:cascoon_teraghost",
            "required": false
        },
        {
            "id": "cobblemonraiddens:cascoon_teragrass",
            "required": false
        },
        {
            "id": "cobblemonraiddens:cascoon_teraground",
            "required": false
        },
        {
            "id": "cobblemonraiddens:cascoon_teraice",
            "required": false
        },
        {
            "id": "cobblemonraiddens:cascoon_teranormal",
            "required": false
        },
        {
            "id": "cobblemonraiddens:cascoon_terapoison",
            "required": false
        },
        {
            "id": "cobblemonraiddens:cascoon_terapsychic",
            "required": false
        },
        {
            "id": "cobblemonraiddens:cascoon_terarock",
            "required": false
        },
        {
            "id": "cobblemonraiddens:cascoon_terasteel",
            "required": false
        },
        {
            "id": "cobblemonraiddens:cascoon_terawater",
            "required": false
        }
    ]
}