{
    "replace": false,
    "values": [
        {
            "id": "cobblemonraiddens:castform_stellar",
            "required": false
        },
        {
            "id": "cobblemonraiddens:castform_terabug",
            "required": false
        },
        {
            "id": "cobblemonraiddens:castform_teradark",
            "required": false
        },
        {
            "id": "cobblemonraiddens:castform_teradragon",
            "required": false
        },
        {
            "id": "cobblemonraiddens:castform_teraelectric",
            "required": false
        },
        {
            "id": "cobblemonraiddens:castform_terafairy",
            "required": false
        },
        {
            "id": "cobblemonraiddens:castform_terafighting",
            "required": false
        },
        {
            "id": "cobblemonraiddens:castform_terafire",
            "required": false
        },
        {
            "id": "cobblemonraiddens:castform_teraflying",
            "required": false
        },
        {
            "id": "cobblemonraiddens:castform_teraghost",
            "required": false
        },
        {
            "id": "cobblemonraiddens:castform_teragrass",
            "required": false
        },
        {
            "id": "cobblemonraiddens:castform_teraground",
            "required": false
        },
        {
            "id": "cobblemonraiddens:castform_teraice",
            "required": false
        },
        {
            "id": "cobblemonraiddens:castform_teranormal",
            "required": false
        },
        {
            "id": "cobblemonraiddens:castform_terapoison",
            "required": false
        },
        {
            "id": "cobblemonraiddens:castform_terapsychic",
            "required": false
        },
        {
            "id": "cobblemonraiddens:castform_terarock",
            "required": false
        },
        {
            "id": "cobblemonraiddens:castform_terasteel",
            "required": false
        },
        {
            "id": "cobblemonraiddens:castform_terawater",
            "required": false
        }
    ]
}