{
    "replace": false,
    "values": [
        {
            "id": "cobblemonraiddens:caterpie_stellar",
            "required": false
        },
        {
            "id": "cobblemonraiddens:caterpie_terabug",
            "required": false
        },
        {
            "id": "cobblemonraiddens:caterpie_teradark",
            "required": false
        },
        {
            "id": "cobblemonraiddens:caterpie_teradragon",
            "required": false
        },
        {
            "id": "cobblemonraiddens:caterpie_teraelectric",
            "required": false
        },
        {
            "id": "cobblemonraiddens:caterpie_terafairy",
            "required": false
        },
        {
            "id": "cobblemonraiddens:caterpie_terafighting",
            "required": false
        },
        {
            "id": "cobblemonraiddens:caterpie_terafire",
            "required": false
        },
        {
            "id": "cobblemonraiddens:caterpie_teraflying",
            "required": false
        },
        {
            "id": "cobblemonraiddens:caterpie_teraghost",
            "required": false
        },
        {
            "id": "cobblemonraiddens:caterpie_teragrass",
            "required": false
        },
        {
            "id": "cobblemonraiddens:caterpie_teraground",
            "required": false
        },
        {
            "id": "cobblemonraiddens:caterpie_teraice",
            "required": false
        },
        {
            "id": "cobblemonraiddens:caterpie_teranormal",
            "required": false
        },
        {
            "id": "cobblemonraiddens:caterpie_terapoison",
            "required": false
        },
        {
            "id": "cobblemonraiddens:caterpie_terapsychic",
            "required": false
        },
        {
            "id": "cobblemonraiddens:caterpie_terarock",
            "required": false
        },
        {
            "id": "cobblemonraiddens:caterpie_terasteel",
            "required": false
        },
        {
            "id": "cobblemonraiddens:caterpie_terawater",
            "required": false
        }
    ]
}