{
    "replace": false,
    "values": [
        {
            "id": "cobblemonraiddens:celebi_stellar",
            "required": false
        },
        {
            "id": "cobblemonraiddens:celebi_terabug",
            "required": false
        },
        {
            "id": "cobblemonraiddens:celebi_teradark",
            "required": false
        },
        {
            "id": "cobblemonraiddens:celebi_teradragon",
            "required": false
        },
        {
            "id": "cobblemonraiddens:celebi_teraelectric",
            "required": false
        },
        {
            "id": "cobblemonraiddens:celebi_terafairy",
            "required": false
        },
        {
            "id": "cobblemonraiddens:celebi_terafighting",
            "required": false
        },
        {
            "id": "cobblemonraiddens:celebi_terafire",
            "required": false
        },
        {
            "id": "cobblemonraiddens:celebi_teraflying",
            "required": false
        },
        {
            "id": "cobblemonraiddens:celebi_teraghost",
            "required": false
        },
        {
            "id": "cobblemonraiddens:celebi_teragrass",
            "required": false
        },
        {
            "id": "cobblemonraiddens:celebi_teraground",
            "required": false
        },
        {
            "id": "cobblemonraiddens:celebi_teraice",
            "required": false
        },
        {
            "id": "cobblemonraiddens:celebi_teranormal",
            "required": false
        },
        {
            "id": "cobblemonraiddens:celebi_terapoison",
            "required": false
        },
        {
            "id": "cobblemonraiddens:celebi_terapsychic",
            "required": false
        },
        {
            "id": "cobblemonraiddens:celebi_terarock",
            "required": false
        },
        {
            "id": "cobblemonraiddens:celebi_terasteel",
            "required": false
        },
        {
            "id": "cobblemonraiddens:celebi_terawater",
            "required": false
        }
    ]
}