{
    "replace": false,
    "values": [
        {
            "id": "cobblemonraiddens:celesteela_stellar",
            "required": false
        },
        {
            "id": "cobblemonraiddens:celesteela_terabug",
            "required": false
        },
        {
            "id": "cobblemonraiddens:celesteela_teradark",
            "required": false
        },
        {
            "id": "cobblemonraiddens:celesteela_teradragon",
            "required": false
        },
        {
            "id": "cobblemonraiddens:celesteela_teraelectric",
            "required": false
        },
        {
            "id": "cobblemonraiddens:celesteela_terafairy",
            "required": false
        },
        {
            "id": "cobblemonraiddens:celesteela_terafighting",
            "required": false
        },
        {
            "id": "cobblemonraiddens:celesteela_terafire",
            "required": false
        },
        {
            "id": "cobblemonraiddens:celesteela_teraflying",
            "required": false
        },
        {
            "id": "cobblemonraiddens:celesteela_teraghost",
            "required": false
        },
        {
            "id": "cobblemonraiddens:celesteela_teragrass",
            "required": false
        },
        {
            "id": "cobblemonraiddens:celesteela_teraground",
            "required": false
        },
        {
            "id": "cobblemonraiddens:celesteela_teraice",
            "required": false
        },
        {
            "id": "cobblemonraiddens:celesteela_teranormal",
            "required": false
        },
        {
            "id": "cobblemonraiddens:celesteela_terapoison",
            "required": false
        },
        {
            "id": "cobblemonraiddens:celesteela_terapsychic",
            "required": false
        },
        {
            "id": "cobblemonraiddens:celesteela_terarock",
            "required": false
        },
        {
            "id": "cobblemonraiddens:celesteela_terasteel",
            "required": false
        },
        {
            "id": "cobblemonraiddens:celesteela_terawater",
            "required": false
        }
    ]
}