{
    "replace": false,
    "values": [
        {
            "id": "cobblemonraiddens:centiskorch_stellar",
            "required": false
        },
        {
            "id": "cobblemonraiddens:centiskorch_terabug",
            "required": false
        },
        {
            "id": "cobblemonraiddens:centiskorch_teradark",
            "required": false
        },
        {
            "id": "cobblemonraiddens:centiskorch_teradragon",
            "required": false
        },
        {
            "id": "cobblemonraiddens:centiskorch_teraelectric",
            "required": false
        },
        {
            "id": "cobblemonraiddens:centiskorch_terafairy",
            "required": false
        },
        {
            "id": "cobblemonraiddens:centiskorch_terafighting",
            "required": false
        },
        {
            "id": "cobblemonraiddens:centiskorch_terafire",
            "required": false
        },
        {
            "id": "cobblemonraiddens:centiskorch_teraflying",
            "required": false
        },
        {
            "id": "cobblemonraiddens:centiskorch_teraghost",
            "required": false
        },
        {
            "id": "cobblemonraiddens:centiskorch_teragrass",
            "required": false
        },
        {
            "id": "cobblemonraiddens:centiskorch_teraground",
            "required": false
        },
        {
            "id": "cobblemonraiddens:centiskorch_teraice",
            "required": false
        },
        {
            "id": "cobblemonraiddens:centiskorch_teranormal",
            "required": false
        },
        {
            "id": "cobblemonraiddens:centiskorch_terapoison",
            "required": false
        },
        {
            "id": "cobblemonraiddens:centiskorch_terapsychic",
            "required": false
        },
        {
            "id": "cobblemonraiddens:centiskorch_terarock",
            "required": false
        },
        {
            "id": "cobblemonraiddens:centiskorch_terasteel",
            "required": false
        },
        {
            "id": "cobblemonraiddens:centiskorch_terawater",
            "required": false
        }
    ]
}