{
    "replace": false,
    "values": [
        {
            "id": "cobblemonraiddens:ceruledge_stellar",
            "required": false
        },
        {
            "id": "cobblemonraiddens:ceruledge_terabug",
            "required": false
        },
        {
            "id": "cobblemonraiddens:ceruledge_teradark",
            "required": false
        },
        {
            "id": "cobblemonraiddens:ceruledge_teradragon",
            "required": false
        },
        {
            "id": "cobblemonraiddens:ceruledge_teraelectric",
            "required": false
        },
        {
            "id": "cobblemonraiddens:ceruledge_terafairy",
            "required": false
        },
        {
            "id": "cobblemonraiddens:ceruledge_terafighting",
            "required": false
        },
        {
            "id": "cobblemonraiddens:ceruledge_terafire",
            "required": false
        },
        {
            "id": "cobblemonraiddens:ceruledge_teraflying",
            "required": false
        },
        {
            "id": "cobblemonraiddens:ceruledge_teraghost",
            "required": false
        },
        {
            "id": "cobblemonraiddens:ceruledge_teragrass",
            "required": false
        },
        {
            "id": "cobblemonraiddens:ceruledge_teraground",
            "required": false
        },
        {
            "id": "cobblemonraiddens:ceruledge_teraice",
            "required": false
        },
        {
            "id": "cobblemonraiddens:ceruledge_teranormal",
            "required": false
        },
        {
            "id": "cobblemonraiddens:ceruledge_terapoison",
            "required": false
        },
        {
            "id": "cobblemonraiddens:ceruledge_terapsychic",
            "required": false
        },
        {
            "id": "cobblemonraiddens:ceruledge_terarock",
            "required": false
        },
        {
            "id": "cobblemonraiddens:ceruledge_terasteel",
            "required": false
        },
        {
            "id": "cobblemonraiddens:ceruledge_terawater",
            "required": false
        }
    ]
}