{
    "replace": false,
    "values": [
        {
            "id": "cobblemonraiddens:cetitan_stellar",
            "required": false
        },
        {
            "id": "cobblemonraiddens:cetitan_terabug",
            "required": false
        },
        {
            "id": "cobblemonraiddens:cetitan_teradark",
            "required": false
        },
        {
            "id": "cobblemonraiddens:cetitan_teradragon",
            "required": false
        },
        {
            "id": "cobblemonraiddens:cetitan_teraelectric",
            "required": false
        },
        {
            "id": "cobblemonraiddens:cetitan_terafairy",
            "required": false
        },
        {
            "id": "cobblemonraiddens:cetitan_terafighting",
            "required": false
        },
        {
            "id": "cobblemonraiddens:cetitan_terafire",
            "required": false
        },
        {
            "id": "cobblemonraiddens:cetitan_teraflying",
            "required": false
        },
        {
            "id": "cobblemonraiddens:cetitan_teraghost",
            "required": false
        },
        {
            "id": "cobblemonraiddens:cetitan_teragrass",
            "required": false
        },
        {
            "id": "cobblemonraiddens:cetitan_teraground",
            "required": false
        },
        {
            "id": "cobblemonraiddens:cetitan_teraice",
            "required": false
        },
        {
            "id": "cobblemonraiddens:cetitan_teranormal",
            "required": false
        },
        {
            "id": "cobblemonraiddens:cetitan_terapoison",
            "required": false
        },
        {
            "id": "cobblemonraiddens:cetitan_terapsychic",
            "required": false
        },
        {
            "id": "cobblemonraiddens:cetitan_terarock",
            "required": false
        },
        {
            "id": "cobblemonraiddens:cetitan_terasteel",
            "required": false
        },
        {
            "id": "cobblemonraiddens:cetitan_terawater",
            "required": false
        }
    ]
}