{
    "replace": false,
    "values": [
        {
            "id": "cobblemonraiddens:cetoddle_stellar",
            "required": false
        },
        {
            "id": "cobblemonraiddens:cetoddle_terabug",
            "required": false
        },
        {
            "id": "cobblemonraiddens:cetoddle_teradark",
            "required": false
        },
        {
            "id": "cobblemonraiddens:cetoddle_teradragon",
            "required": false
        },
        {
            "id": "cobblemonraiddens:cetoddle_teraelectric",
            "required": false
        },
        {
            "id": "cobblemonraiddens:cetoddle_terafairy",
            "required": false
        },
        {
            "id": "cobblemonraiddens:cetoddle_terafighting",
            "required": false
        },
        {
            "id": "cobblemonraiddens:cetoddle_terafire",
            "required": false
        },
        {
            "id": "cobblemonraiddens:cetoddle_teraflying",
            "required": false
        },
        {
            "id": "cobblemonraiddens:cetoddle_teraghost",
            "required": false
        },
        {
            "id": "cobblemonraiddens:cetoddle_teragrass",
            "required": false
        },
        {
            "id": "cobblemonraiddens:cetoddle_teraground",
            "required": false
        },
        {
            "id": "cobblemonraiddens:cetoddle_teraice",
            "required": false
        },
        {
            "id": "cobblemonraiddens:cetoddle_teranormal",
            "required": false
        },
        {
            "id": "cobblemonraiddens:cetoddle_terapoison",
            "required": false
        },
        {
            "id": "cobblemonraiddens:cetoddle_terapsychic",
            "required": false
        },
        {
            "id": "cobblemonraiddens:cetoddle_terarock",
            "required": false
        },
        {
            "id": "cobblemonraiddens:cetoddle_terasteel",
            "required": false
        },
        {
            "id": "cobblemonraiddens:cetoddle_terawater",
            "required": false
        }
    ]
}