{
    "replace": false,
    "values": [
        {
            "id": "cobblemonraiddens:chandelure_stellar",
            "required": false
        },
        {
            "id": "cobblemonraiddens:chandelure_terabug",
            "required": false
        },
        {
            "id": "cobblemonraiddens:chandelure_teradark",
            "required": false
        },
        {
            "id": "cobblemonraiddens:chandelure_teradragon",
            "required": false
        },
        {
            "id": "cobblemonraiddens:chandelure_teraelectric",
            "required": false
        },
        {
            "id": "cobblemonraiddens:chandelure_terafairy",
            "required": false
        },
        {
            "id": "cobblemonraiddens:chandelure_terafighting",
            "required": false
        },
        {
            "id": "cobblemonraiddens:chandelure_terafire",
            "required": false
        },
        {
            "id": "cobblemonraiddens:chandelure_teraflying",
            "required": false
        },
        {
            "id": "cobblemonraiddens:chandelure_teraghost",
            "required": false
        },
        {
            "id": "cobblemonraiddens:chandelure_teragrass",
            "required": false
        },
        {
            "id": "cobblemonraiddens:chandelure_teraground",
            "required": false
        },
        {
            "id": "cobblemonraiddens:chandelure_teraice",
            "required": false
        },
        {
            "id": "cobblemonraiddens:chandelure_teranormal",
            "required": false
        },
        {
            "id": "cobblemonraiddens:chandelure_terapoison",
            "required": false
        },
        {
            "id": "cobblemonraiddens:chandelure_terapsychic",
            "required": false
        },
        {
            "id": "cobblemonraiddens:chandelure_terarock",
            "required": false
        },
        {
            "id": "cobblemonraiddens:chandelure_terasteel",
            "required": false
        },
        {
            "id": "cobblemonraiddens:chandelure_terawater",
            "required": false
        }
    ]
}