{
    "replace": false,
    "values": [
        {
            "id": "cobblemonraiddens:chansey_stellar",
            "required": false
        },
        {
            "id": "cobblemonraiddens:chansey_terabug",
            "required": false
        },
        {
            "id": "cobblemonraiddens:chansey_teradark",
            "required": false
        },
        {
            "id": "cobblemonraiddens:chansey_teradragon",
            "required": false
        },
        {
            "id": "cobblemonraiddens:chansey_teraelectric",
            "required": false
        },
        {
            "id": "cobblemonraiddens:chansey_terafairy",
            "required": false
        },
        {
            "id": "cobblemonraiddens:chansey_terafighting",
            "required": false
        },
        {
            "id": "cobblemonraiddens:chansey_terafire",
            "required": false
        },
        {
            "id": "cobblemonraiddens:chansey_teraflying",
            "required": false
        },
        {
            "id": "cobblemonraiddens:chansey_teraghost",
            "required": false
        },
        {
            "id": "cobblemonraiddens:chansey_teragrass",
            "required": false
        },
        {
            "id": "cobblemonraiddens:chansey_teraground",
            "required": false
        },
        {
            "id": "cobblemonraiddens:chansey_teraice",
            "required": false
        },
        {
            "id": "cobblemonraiddens:chansey_teranormal",
            "required": false
        },
        {
            "id": "cobblemonraiddens:chansey_terapoison",
            "required": false
        },
        {
            "id": "cobblemonraiddens:chansey_terapsychic",
            "required": false
        },
        {
            "id": "cobblemonraiddens:chansey_terarock",
            "required": false
        },
        {
            "id": "cobblemonraiddens:chansey_terasteel",
            "required": false
        },
        {
            "id": "cobblemonraiddens:chansey_terawater",
            "required": false
        }
    ]
}