{
    "replace": false,
    "values": [
        {
            "id": "cobblemonraiddens:charcadet_stellar",
            "required": false
        },
        {
            "id": "cobblemonraiddens:charcadet_terabug",
            "required": false
        },
        {
            "id": "cobblemonraiddens:charcadet_teradark",
            "required": false
        },
        {
            "id": "cobblemonraiddens:charcadet_teradragon",
            "required": false
        },
        {
            "id": "cobblemonraiddens:charcadet_teraelectric",
            "required": false
        },
        {
            "id": "cobblemonraiddens:charcadet_terafairy",
            "required": false
        },
        {
            "id": "cobblemonraiddens:charcadet_terafighting",
            "required": false
        },
        {
            "id": "cobblemonraiddens:charcadet_terafire",
            "required": false
        },
        {
            "id": "cobblemonraiddens:charcadet_teraflying",
            "required": false
        },
        {
            "id": "cobblemonraiddens:charcadet_teraghost",
            "required": false
        },
        {
            "id": "cobblemonraiddens:charcadet_teragrass",
            "required": false
        },
        {
            "id": "cobblemonraiddens:charcadet_teraground",
            "required": false
        },
        {
            "id": "cobblemonraiddens:charcadet_teraice",
            "required": false
        },
        {
            "id": "cobblemonraiddens:charcadet_teranormal",
            "required": false
        },
        {
            "id": "cobblemonraiddens:charcadet_terapoison",
            "required": false
        },
        {
            "id": "cobblemonraiddens:charcadet_terapsychic",
            "required": false
        },
        {
            "id": "cobblemonraiddens:charcadet_terarock",
            "required": false
        },
        {
            "id": "cobblemonraiddens:charcadet_terasteel",
            "required": false
        },
        {
            "id": "cobblemonraiddens:charcadet_terawater",
            "required": false
        }
    ]
}