{
    "replace": false,
    "values": [
        {
            "id": "cobblemonraiddens:charmander_stellar",
            "required": false
        },
        {
            "id": "cobblemonraiddens:charmander_terabug",
            "required": false
        },
        {
            "id": "cobblemonraiddens:charmander_teradark",
            "required": false
        },
        {
            "id": "cobblemonraiddens:charmander_teradragon",
            "required": false
        },
        {
            "id": "cobblemonraiddens:charmander_teraelectric",
            "required": false
        },
        {
            "id": "cobblemonraiddens:charmander_terafairy",
            "required": false
        },
        {
            "id": "cobblemonraiddens:charmander_terafighting",
            "required": false
        },
        {
            "id": "cobblemonraiddens:charmander_terafire",
            "required": false
        },
        {
            "id": "cobblemonraiddens:charmander_teraflying",
            "required": false
        },
        {
            "id": "cobblemonraiddens:charmander_teraghost",
            "required": false
        },
        {
            "id": "cobblemonraiddens:charmander_teragrass",
            "required": false
        },
        {
            "id": "cobblemonraiddens:charmander_teraground",
            "required": false
        },
        {
            "id": "cobblemonraiddens:charmander_teraice",
            "required": false
        },
        {
            "id": "cobblemonraiddens:charmander_teranormal",
            "required": false
        },
        {
            "id": "cobblemonraiddens:charmander_terapoison",
            "required": false
        },
        {
            "id": "cobblemonraiddens:charmander_terapsychic",
            "required": false
        },
        {
            "id": "cobblemonraiddens:charmander_terarock",
            "required": false
        },
        {
            "id": "cobblemonraiddens:charmander_terasteel",
            "required": false
        },
        {
            "id": "cobblemonraiddens:charmander_terawater",
            "required": false
        }
    ]
}