{
    "replace": false,
    "values": [
        {
            "id": "cobblemonraiddens:charizard_stellar",
            "required": false
        },
        {
            "id": "cobblemonraiddens:charizard_terabug",
            "required": false
        },
        {
            "id": "cobblemonraiddens:charizard_teradark",
            "required": false
        },
        {
            "id": "cobblemonraiddens:charizard_teradragon",
            "required": false
        },
        {
            "id": "cobblemonraiddens:charizard_teraelectric",
            "required": false
        },
        {
            "id": "cobblemonraiddens:charizard_terafairy",
            "required": false
        },
        {
            "id": "cobblemonraiddens:charizard_terafighting",
            "required": false
        },
        {
            "id": "cobblemonraiddens:charizard_terafire",
            "required": false
        },
        {
            "id": "cobblemonraiddens:charizard_teraflying",
            "required": false
        },
        {
            "id": "cobblemonraiddens:charizard_teraghost",
            "required": false
        },
        {
            "id": "cobblemonraiddens:charizard_teragrass",
            "required": false
        },
        {
            "id": "cobblemonraiddens:charizard_teraground",
            "required": false
        },
        {
            "id": "cobblemonraiddens:charizard_teraice",
            "required": false
        },
        {
            "id": "cobblemonraiddens:charizard_teranormal",
            "required": false
        },
        {
            "id": "cobblemonraiddens:charizard_terapoison",
            "required": false
        },
        {
            "id": "cobblemonraiddens:charizard_terapsychic",
            "required": false
        },
        {
            "id": "cobblemonraiddens:charizard_terarock",
            "required": false
        },
        {
            "id": "cobblemonraiddens:charizard_terasteel",
            "required": false
        },
        {
            "id": "cobblemonraiddens:charizard_terawater",
            "required": false
        }
    ]
}