{
    "replace": false,
    "values": [
        {
            "id": "cobblemonraiddens:charjabug_stellar",
            "required": false
        },
        {
            "id": "cobblemonraiddens:charjabug_terabug",
            "required": false
        },
        {
            "id": "cobblemonraiddens:charjabug_teradark",
            "required": false
        },
        {
            "id": "cobblemonraiddens:charjabug_teradragon",
            "required": false
        },
        {
            "id": "cobblemonraiddens:charjabug_teraelectric",
            "required": false
        },
        {
            "id": "cobblemonraiddens:charjabug_terafairy",
            "required": false
        },
        {
            "id": "cobblemonraiddens:charjabug_terafighting",
            "required": false
        },
        {
            "id": "cobblemonraiddens:charjabug_terafire",
            "required": false
        },
        {
            "id": "cobblemonraiddens:charjabug_teraflying",
            "required": false
        },
        {
            "id": "cobblemonraiddens:charjabug_teraghost",
            "required": false
        },
        {
            "id": "cobblemonraiddens:charjabug_teragrass",
            "required": false
        },
        {
            "id": "cobblemonraiddens:charjabug_teraground",
            "required": false
        },
        {
            "id": "cobblemonraiddens:charjabug_teraice",
            "required": false
        },
        {
            "id": "cobblemonraiddens:charjabug_teranormal",
            "required": false
        },
        {
            "id": "cobblemonraiddens:charjabug_terapoison",
            "required": false
        },
        {
            "id": "cobblemonraiddens:charjabug_terapsychic",
            "required": false
        },
        {
            "id": "cobblemonraiddens:charjabug_terarock",
            "required": false
        },
        {
            "id": "cobblemonraiddens:charjabug_terasteel",
            "required": false
        },
        {
            "id": "cobblemonraiddens:charjabug_terawater",
            "required": false
        }
    ]
}