{
    "replace": false,
    "values": [
        {
            "id": "cobblemonraiddens:charmeleon_stellar",
            "required": false
        },
        {
            "id": "cobblemonraiddens:charmeleon_terabug",
            "required": false
        },
        {
            "id": "cobblemonraiddens:charmeleon_teradark",
            "required": false
        },
        {
            "id": "cobblemonraiddens:charmeleon_teradragon",
            "required": false
        },
        {
            "id": "cobblemonraiddens:charmeleon_teraelectric",
            "required": false
        },
        {
            "id": "cobblemonraiddens:charmeleon_terafairy",
            "required": false
        },
        {
            "id": "cobblemonraiddens:charmeleon_terafighting",
            "required": false
        },
        {
            "id": "cobblemonraiddens:charmeleon_terafire",
            "required": false
        },
        {
            "id": "cobblemonraiddens:charmeleon_teraflying",
            "required": false
        },
        {
            "id": "cobblemonraiddens:charmeleon_teraghost",
            "required": false
        },
        {
            "id": "cobblemonraiddens:charmeleon_teragrass",
            "required": false
        },
        {
            "id": "cobblemonraiddens:charmeleon_teraground",
            "required": false
        },
        {
            "id": "cobblemonraiddens:charmeleon_teraice",
            "required": false
        },
        {
            "id": "cobblemonraiddens:charmeleon_teranormal",
            "required": false
        },
        {
            "id": "cobblemonraiddens:charmeleon_terapoison",
            "required": false
        },
        {
            "id": "cobblemonraiddens:charmeleon_terapsychic",
            "required": false
        },
        {
            "id": "cobblemonraiddens:charmeleon_terarock",
            "required": false
        },
        {
            "id": "cobblemonraiddens:charmeleon_terasteel",
            "required": false
        },
        {
            "id": "cobblemonraiddens:charmeleon_terawater",
            "required": false
        }
    ]
}