{
    "replace": false,
    "values": [
        {
            "id": "cobblemonraiddens:chatot_stellar",
            "required": false
        },
        {
            "id": "cobblemonraiddens:chatot_terabug",
            "required": false
        },
        {
            "id": "cobblemonraiddens:chatot_teradark",
            "required": false
        },
        {
            "id": "cobblemonraiddens:chatot_teradragon",
            "required": false
        },
        {
            "id": "cobblemonraiddens:chatot_teraelectric",
            "required": false
        },
        {
            "id": "cobblemonraiddens:chatot_terafairy",
            "required": false
        },
        {
            "id": "cobblemonraiddens:chatot_terafighting",
            "required": false
        },
        {
            "id": "cobblemonraiddens:chatot_terafire",
            "required": false
        },
        {
            "id": "cobblemonraiddens:chatot_teraflying",
            "required": false
        },
        {
            "id": "cobblemonraiddens:chatot_teraghost",
            "required": false
        },
        {
            "id": "cobblemonraiddens:chatot_teragrass",
            "required": false
        },
        {
            "id": "cobblemonraiddens:chatot_teraground",
            "required": false
        },
        {
            "id": "cobblemonraiddens:chatot_teraice",
            "required": false
        },
        {
            "id": "cobblemonraiddens:chatot_teranormal",
            "required": false
        },
        {
            "id": "cobblemonraiddens:chatot_terapoison",
            "required": false
        },
        {
            "id": "cobblemonraiddens:chatot_terapsychic",
            "required": false
        },
        {
            "id": "cobblemonraiddens:chatot_terarock",
            "required": false
        },
        {
            "id": "cobblemonraiddens:chatot_terasteel",
            "required": false
        },
        {
            "id": "cobblemonraiddens:chatot_terawater",
            "required": false
        }
    ]
}