{
    "replace": false,
    "values": [
        {
            "id": "cobblemonraiddens:cherubi_stellar",
            "required": false
        },
        {
            "id": "cobblemonraiddens:cherubi_terabug",
            "required": false
        },
        {
            "id": "cobblemonraiddens:cherubi_teradark",
            "required": false
        },
        {
            "id": "cobblemonraiddens:cherubi_teradragon",
            "required": false
        },
        {
            "id": "cobblemonraiddens:cherubi_teraelectric",
            "required": false
        },
        {
            "id": "cobblemonraiddens:cherubi_terafairy",
            "required": false
        },
        {
            "id": "cobblemonraiddens:cherubi_terafighting",
            "required": false
        },
        {
            "id": "cobblemonraiddens:cherubi_terafire",
            "required": false
        },
        {
            "id": "cobblemonraiddens:cherubi_teraflying",
            "required": false
        },
        {
            "id": "cobblemonraiddens:cherubi_teraghost",
            "required": false
        },
        {
            "id": "cobblemonraiddens:cherubi_teragrass",
            "required": false
        },
        {
            "id": "cobblemonraiddens:cherubi_teraground",
            "required": false
        },
        {
            "id": "cobblemonraiddens:cherubi_teraice",
            "required": false
        },
        {
            "id": "cobblemonraiddens:cherubi_teranormal",
            "required": false
        },
        {
            "id": "cobblemonraiddens:cherubi_terapoison",
            "required": false
        },
        {
            "id": "cobblemonraiddens:cherubi_terapsychic",
            "required": false
        },
        {
            "id": "cobblemonraiddens:cherubi_terarock",
            "required": false
        },
        {
            "id": "cobblemonraiddens:cherubi_terasteel",
            "required": false
        },
        {
            "id": "cobblemonraiddens:cherubi_terawater",
            "required": false
        }
    ]
}