{
    "replace": false,
    "values": [
        {
            "id": "cobblemonraiddens:cherrim_stellar",
            "required": false
        },
        {
            "id": "cobblemonraiddens:cherrim_terabug",
            "required": false
        },
        {
            "id": "cobblemonraiddens:cherrim_teradark",
            "required": false
        },
        {
            "id": "cobblemonraiddens:cherrim_teradragon",
            "required": false
        },
        {
            "id": "cobblemonraiddens:cherrim_teraelectric",
            "required": false
        },
        {
            "id": "cobblemonraiddens:cherrim_terafairy",
            "required": false
        },
        {
            "id": "cobblemonraiddens:cherrim_terafighting",
            "required": false
        },
        {
            "id": "cobblemonraiddens:cherrim_terafire",
            "required": false
        },
        {
            "id": "cobblemonraiddens:cherrim_teraflying",
            "required": false
        },
        {
            "id": "cobblemonraiddens:cherrim_teraghost",
            "required": false
        },
        {
            "id": "cobblemonraiddens:cherrim_teragrass",
            "required": false
        },
        {
            "id": "cobblemonraiddens:cherrim_teraground",
            "required": false
        },
        {
            "id": "cobblemonraiddens:cherrim_teraice",
            "required": false
        },
        {
            "id": "cobblemonraiddens:cherrim_teranormal",
            "required": false
        },
        {
            "id": "cobblemonraiddens:cherrim_terapoison",
            "required": false
        },
        {
            "id": "cobblemonraiddens:cherrim_terapsychic",
            "required": false
        },
        {
            "id": "cobblemonraiddens:cherrim_terarock",
            "required": false
        },
        {
            "id": "cobblemonraiddens:cherrim_terasteel",
            "required": false
        },
        {
            "id": "cobblemonraiddens:cherrim_terawater",
            "required": false
        }
    ]
}