{
    "replace": false,
    "values": [
        {
            "id": "cobblemonraiddens:chesnaught_stellar",
            "required": false
        },
        {
            "id": "cobblemonraiddens:chesnaught_terabug",
            "required": false
        },
        {
            "id": "cobblemonraiddens:chesnaught_teradark",
            "required": false
        },
        {
            "id": "cobblemonraiddens:chesnaught_teradragon",
            "required": false
        },
        {
            "id": "cobblemonraiddens:chesnaught_teraelectric",
            "required": false
        },
        {
            "id": "cobblemonraiddens:chesnaught_terafairy",
            "required": false
        },
        {
            "id": "cobblemonraiddens:chesnaught_terafighting",
            "required": false
        },
        {
            "id": "cobblemonraiddens:chesnaught_terafire",
            "required": false
        },
        {
            "id": "cobblemonraiddens:chesnaught_teraflying",
            "required": false
        },
        {
            "id": "cobblemonraiddens:chesnaught_teraghost",
            "required": false
        },
        {
            "id": "cobblemonraiddens:chesnaught_teragrass",
            "required": false
        },
        {
            "id": "cobblemonraiddens:chesnaught_teraground",
            "required": false
        },
        {
            "id": "cobblemonraiddens:chesnaught_teraice",
            "required": false
        },
        {
            "id": "cobblemonraiddens:chesnaught_teranormal",
            "required": false
        },
        {
            "id": "cobblemonraiddens:chesnaught_terapoison",
            "required": false
        },
        {
            "id": "cobblemonraiddens:chesnaught_terapsychic",
            "required": false
        },
        {
            "id": "cobblemonraiddens:chesnaught_terarock",
            "required": false
        },
        {
            "id": "cobblemonraiddens:chesnaught_terasteel",
            "required": false
        },
        {
            "id": "cobblemonraiddens:chesnaught_terawater",
            "required": false
        }
    ]
}