{
    "replace": false,
    "values": [
        {
            "id": "cobblemonraiddens:chespin_stellar",
            "required": false
        },
        {
            "id": "cobblemonraiddens:chespin_terabug",
            "required": false
        },
        {
            "id": "cobblemonraiddens:chespin_teradark",
            "required": false
        },
        {
            "id": "cobblemonraiddens:chespin_teradragon",
            "required": false
        },
        {
            "id": "cobblemonraiddens:chespin_teraelectric",
            "required": false
        },
        {
            "id": "cobblemonraiddens:chespin_terafairy",
            "required": false
        },
        {
            "id": "cobblemonraiddens:chespin_terafighting",
            "required": false
        },
        {
            "id": "cobblemonraiddens:chespin_terafire",
            "required": false
        },
        {
            "id": "cobblemonraiddens:chespin_teraflying",
            "required": false
        },
        {
            "id": "cobblemonraiddens:chespin_teraghost",
            "required": false
        },
        {
            "id": "cobblemonraiddens:chespin_teragrass",
            "required": false
        },
        {
            "id": "cobblemonraiddens:chespin_teraground",
            "required": false
        },
        {
            "id": "cobblemonraiddens:chespin_teraice",
            "required": false
        },
        {
            "id": "cobblemonraiddens:chespin_teranormal",
            "required": false
        },
        {
            "id": "cobblemonraiddens:chespin_terapoison",
            "required": false
        },
        {
            "id": "cobblemonraiddens:chespin_terapsychic",
            "required": false
        },
        {
            "id": "cobblemonraiddens:chespin_terarock",
            "required": false
        },
        {
            "id": "cobblemonraiddens:chespin_terasteel",
            "required": false
        },
        {
            "id": "cobblemonraiddens:chespin_terawater",
            "required": false
        }
    ]
}