{
    "replace": false,
    "values": [
        {
            "id": "cobblemonraiddens:chewtle_stellar",
            "required": false
        },
        {
            "id": "cobblemonraiddens:chewtle_terabug",
            "required": false
        },
        {
            "id": "cobblemonraiddens:chewtle_teradark",
            "required": false
        },
        {
            "id": "cobblemonraiddens:chewtle_teradragon",
            "required": false
        },
        {
            "id": "cobblemonraiddens:chewtle_teraelectric",
            "required": false
        },
        {
            "id": "cobblemonraiddens:chewtle_terafairy",
            "required": false
        },
        {
            "id": "cobblemonraiddens:chewtle_terafighting",
            "required": false
        },
        {
            "id": "cobblemonraiddens:chewtle_terafire",
            "required": false
        },
        {
            "id": "cobblemonraiddens:chewtle_teraflying",
            "required": false
        },
        {
            "id": "cobblemonraiddens:chewtle_teraghost",
            "required": false
        },
        {
            "id": "cobblemonraiddens:chewtle_teragrass",
            "required": false
        },
        {
            "id": "cobblemonraiddens:chewtle_teraground",
            "required": false
        },
        {
            "id": "cobblemonraiddens:chewtle_teraice",
            "required": false
        },
        {
            "id": "cobblemonraiddens:chewtle_teranormal",
            "required": false
        },
        {
            "id": "cobblemonraiddens:chewtle_terapoison",
            "required": false
        },
        {
            "id": "cobblemonraiddens:chewtle_terapsychic",
            "required": false
        },
        {
            "id": "cobblemonraiddens:chewtle_terarock",
            "required": false
        },
        {
            "id": "cobblemonraiddens:chewtle_terasteel",
            "required": false
        },
        {
            "id": "cobblemonraiddens:chewtle_terawater",
            "required": false
        }
    ]
}