{
    "replace": false,
    "values": [
        {
            "id": "cobblemonraiddens:chienpao_stellar",
            "required": false
        },
        {
            "id": "cobblemonraiddens:chienpao_terabug",
            "required": false
        },
        {
            "id": "cobblemonraiddens:chienpao_teradark",
            "required": false
        },
        {
            "id": "cobblemonraiddens:chienpao_teradragon",
            "required": false
        },
        {
            "id": "cobblemonraiddens:chienpao_teraelectric",
            "required": false
        },
        {
            "id": "cobblemonraiddens:chienpao_terafairy",
            "required": false
        },
        {
            "id": "cobblemonraiddens:chienpao_terafighting",
            "required": false
        },
        {
            "id": "cobblemonraiddens:chienpao_terafire",
            "required": false
        },
        {
            "id": "cobblemonraiddens:chienpao_teraflying",
            "required": false
        },
        {
            "id": "cobblemonraiddens:chienpao_teraghost",
            "required": false
        },
        {
            "id": "cobblemonraiddens:chienpao_teragrass",
            "required": false
        },
        {
            "id": "cobblemonraiddens:chienpao_teraground",
            "required": false
        },
        {
            "id": "cobblemonraiddens:chienpao_teraice",
            "required": false
        },
        {
            "id": "cobblemonraiddens:chienpao_teranormal",
            "required": false
        },
        {
            "id": "cobblemonraiddens:chienpao_terapoison",
            "required": false
        },
        {
            "id": "cobblemonraiddens:chienpao_terapsychic",
            "required": false
        },
        {
            "id": "cobblemonraiddens:chienpao_terarock",
            "required": false
        },
        {
            "id": "cobblemonraiddens:chienpao_terasteel",
            "required": false
        },
        {
            "id": "cobblemonraiddens:chienpao_terawater",
            "required": false
        }
    ]
}