{
    "replace": false,
    "values": [
        {
            "id": "cobblemonraiddens:chikorita_stellar",
            "required": false
        },
        {
            "id": "cobblemonraiddens:chikorita_terabug",
            "required": false
        },
        {
            "id": "cobblemonraiddens:chikorita_teradark",
            "required": false
        },
        {
            "id": "cobblemonraiddens:chikorita_teradragon",
            "required": false
        },
        {
            "id": "cobblemonraiddens:chikorita_teraelectric",
            "required": false
        },
        {
            "id": "cobblemonraiddens:chikorita_terafairy",
            "required": false
        },
        {
            "id": "cobblemonraiddens:chikorita_terafighting",
            "required": false
        },
        {
            "id": "cobblemonraiddens:chikorita_terafire",
            "required": false
        },
        {
            "id": "cobblemonraiddens:chikorita_teraflying",
            "required": false
        },
        {
            "id": "cobblemonraiddens:chikorita_teraghost",
            "required": false
        },
        {
            "id": "cobblemonraiddens:chikorita_teragrass",
            "required": false
        },
        {
            "id": "cobblemonraiddens:chikorita_teraground",
            "required": false
        },
        {
            "id": "cobblemonraiddens:chikorita_teraice",
            "required": false
        },
        {
            "id": "cobblemonraiddens:chikorita_teranormal",
            "required": false
        },
        {
            "id": "cobblemonraiddens:chikorita_terapoison",
            "required": false
        },
        {
            "id": "cobblemonraiddens:chikorita_terapsychic",
            "required": false
        },
        {
            "id": "cobblemonraiddens:chikorita_terarock",
            "required": false
        },
        {
            "id": "cobblemonraiddens:chikorita_terasteel",
            "required": false
        },
        {
            "id": "cobblemonraiddens:chikorita_terawater",
            "required": false
        }
    ]
}