{
    "replace": false,
    "values": [
        {
            "id": "cobblemonraiddens:chimchar_stellar",
            "required": false
        },
        {
            "id": "cobblemonraiddens:chimchar_terabug",
            "required": false
        },
        {
            "id": "cobblemonraiddens:chimchar_teradark",
            "required": false
        },
        {
            "id": "cobblemonraiddens:chimchar_teradragon",
            "required": false
        },
        {
            "id": "cobblemonraiddens:chimchar_teraelectric",
            "required": false
        },
        {
            "id": "cobblemonraiddens:chimchar_terafairy",
            "required": false
        },
        {
            "id": "cobblemonraiddens:chimchar_terafighting",
            "required": false
        },
        {
            "id": "cobblemonraiddens:chimchar_terafire",
            "required": false
        },
        {
            "id": "cobblemonraiddens:chimchar_teraflying",
            "required": false
        },
        {
            "id": "cobblemonraiddens:chimchar_teraghost",
            "required": false
        },
        {
            "id": "cobblemonraiddens:chimchar_teragrass",
            "required": false
        },
        {
            "id": "cobblemonraiddens:chimchar_teraground",
            "required": false
        },
        {
            "id": "cobblemonraiddens:chimchar_teraice",
            "required": false
        },
        {
            "id": "cobblemonraiddens:chimchar_teranormal",
            "required": false
        },
        {
            "id": "cobblemonraiddens:chimchar_terapoison",
            "required": false
        },
        {
            "id": "cobblemonraiddens:chimchar_terapsychic",
            "required": false
        },
        {
            "id": "cobblemonraiddens:chimchar_terarock",
            "required": false
        },
        {
            "id": "cobblemonraiddens:chimchar_terasteel",
            "required": false
        },
        {
            "id": "cobblemonraiddens:chimchar_terawater",
            "required": false
        }
    ]
}