{
    "replace": false,
    "values": [
        {
            "id": "cobblemonraiddens:chimecho_stellar",
            "required": false
        },
        {
            "id": "cobblemonraiddens:chimecho_terabug",
            "required": false
        },
        {
            "id": "cobblemonraiddens:chimecho_teradark",
            "required": false
        },
        {
            "id": "cobblemonraiddens:chimecho_teradragon",
            "required": false
        },
        {
            "id": "cobblemonraiddens:chimecho_teraelectric",
            "required": false
        },
        {
            "id": "cobblemonraiddens:chimecho_terafairy",
            "required": false
        },
        {
            "id": "cobblemonraiddens:chimecho_terafighting",
            "required": false
        },
        {
            "id": "cobblemonraiddens:chimecho_terafire",
            "required": false
        },
        {
            "id": "cobblemonraiddens:chimecho_teraflying",
            "required": false
        },
        {
            "id": "cobblemonraiddens:chimecho_teraghost",
            "required": false
        },
        {
            "id": "cobblemonraiddens:chimecho_teragrass",
            "required": false
        },
        {
            "id": "cobblemonraiddens:chimecho_teraground",
            "required": false
        },
        {
            "id": "cobblemonraiddens:chimecho_teraice",
            "required": false
        },
        {
            "id": "cobblemonraiddens:chimecho_teranormal",
            "required": false
        },
        {
            "id": "cobblemonraiddens:chimecho_terapoison",
            "required": false
        },
        {
            "id": "cobblemonraiddens:chimecho_terapsychic",
            "required": false
        },
        {
            "id": "cobblemonraiddens:chimecho_terarock",
            "required": false
        },
        {
            "id": "cobblemonraiddens:chimecho_terasteel",
            "required": false
        },
        {
            "id": "cobblemonraiddens:chimecho_terawater",
            "required": false
        }
    ]
}