{
    "replace": false,
    "values": [
        {
            "id": "cobblemonraiddens:chingling_stellar",
            "required": false
        },
        {
            "id": "cobblemonraiddens:chingling_terabug",
            "required": false
        },
        {
            "id": "cobblemonraiddens:chingling_teradark",
            "required": false
        },
        {
            "id": "cobblemonraiddens:chingling_teradragon",
            "required": false
        },
        {
            "id": "cobblemonraiddens:chingling_teraelectric",
            "required": false
        },
        {
            "id": "cobblemonraiddens:chingling_terafairy",
            "required": false
        },
        {
            "id": "cobblemonraiddens:chingling_terafighting",
            "required": false
        },
        {
            "id": "cobblemonraiddens:chingling_terafire",
            "required": false
        },
        {
            "id": "cobblemonraiddens:chingling_teraflying",
            "required": false
        },
        {
            "id": "cobblemonraiddens:chingling_teraghost",
            "required": false
        },
        {
            "id": "cobblemonraiddens:chingling_teragrass",
            "required": false
        },
        {
            "id": "cobblemonraiddens:chingling_teraground",
            "required": false
        },
        {
            "id": "cobblemonraiddens:chingling_teraice",
            "required": false
        },
        {
            "id": "cobblemonraiddens:chingling_teranormal",
            "required": false
        },
        {
            "id": "cobblemonraiddens:chingling_terapoison",
            "required": false
        },
        {
            "id": "cobblemonraiddens:chingling_terapsychic",
            "required": false
        },
        {
            "id": "cobblemonraiddens:chingling_terarock",
            "required": false
        },
        {
            "id": "cobblemonraiddens:chingling_terasteel",
            "required": false
        },
        {
            "id": "cobblemonraiddens:chingling_terawater",
            "required": false
        }
    ]
}