{
    "replace": false,
    "values": [
        {
            "id": "cobblemonraiddens:chinchou_stellar",
            "required": false
        },
        {
            "id": "cobblemonraiddens:chinchou_terabug",
            "required": false
        },
        {
            "id": "cobblemonraiddens:chinchou_teradark",
            "required": false
        },
        {
            "id": "cobblemonraiddens:chinchou_teradragon",
            "required": false
        },
        {
            "id": "cobblemonraiddens:chinchou_teraelectric",
            "required": false
        },
        {
            "id": "cobblemonraiddens:chinchou_terafairy",
            "required": false
        },
        {
            "id": "cobblemonraiddens:chinchou_terafighting",
            "required": false
        },
        {
            "id": "cobblemonraiddens:chinchou_terafire",
            "required": false
        },
        {
            "id": "cobblemonraiddens:chinchou_teraflying",
            "required": false
        },
        {
            "id": "cobblemonraiddens:chinchou_teraghost",
            "required": false
        },
        {
            "id": "cobblemonraiddens:chinchou_teragrass",
            "required": false
        },
        {
            "id": "cobblemonraiddens:chinchou_teraground",
            "required": false
        },
        {
            "id": "cobblemonraiddens:chinchou_teraice",
            "required": false
        },
        {
            "id": "cobblemonraiddens:chinchou_teranormal",
            "required": false
        },
        {
            "id": "cobblemonraiddens:chinchou_terapoison",
            "required": false
        },
        {
            "id": "cobblemonraiddens:chinchou_terapsychic",
            "required": false
        },
        {
            "id": "cobblemonraiddens:chinchou_terarock",
            "required": false
        },
        {
            "id": "cobblemonraiddens:chinchou_terasteel",
            "required": false
        },
        {
            "id": "cobblemonraiddens:chinchou_terawater",
            "required": false
        }
    ]
}