{
    "replace": false,
    "values": [
        {
            "id": "cobblemonraiddens:chiyu_stellar",
            "required": false
        },
        {
            "id": "cobblemonraiddens:chiyu_terabug",
            "required": false
        },
        {
            "id": "cobblemonraiddens:chiyu_teradark",
            "required": false
        },
        {
            "id": "cobblemonraiddens:chiyu_teradragon",
            "required": false
        },
        {
            "id": "cobblemonraiddens:chiyu_teraelectric",
            "required": false
        },
        {
            "id": "cobblemonraiddens:chiyu_terafairy",
            "required": false
        },
        {
            "id": "cobblemonraiddens:chiyu_terafighting",
            "required": false
        },
        {
            "id": "cobblemonraiddens:chiyu_terafire",
            "required": false
        },
        {
            "id": "cobblemonraiddens:chiyu_teraflying",
            "required": false
        },
        {
            "id": "cobblemonraiddens:chiyu_teraghost",
            "required": false
        },
        {
            "id": "cobblemonraiddens:chiyu_teragrass",
            "required": false
        },
        {
            "id": "cobblemonraiddens:chiyu_teraground",
            "required": false
        },
        {
            "id": "cobblemonraiddens:chiyu_teraice",
            "required": false
        },
        {
            "id": "cobblemonraiddens:chiyu_teranormal",
            "required": false
        },
        {
            "id": "cobblemonraiddens:chiyu_terapoison",
            "required": false
        },
        {
            "id": "cobblemonraiddens:chiyu_terapsychic",
            "required": false
        },
        {
            "id": "cobblemonraiddens:chiyu_terarock",
            "required": false
        },
        {
            "id": "cobblemonraiddens:chiyu_terasteel",
            "required": false
        },
        {
            "id": "cobblemonraiddens:chiyu_terawater",
            "required": false
        }
    ]
}