{
    "replace": false,
    "values": [
        {
            "id": "cobblemonraiddens:cinccino_stellar",
            "required": false
        },
        {
            "id": "cobblemonraiddens:cinccino_terabug",
            "required": false
        },
        {
            "id": "cobblemonraiddens:cinccino_teradark",
            "required": false
        },
        {
            "id": "cobblemonraiddens:cinccino_teradragon",
            "required": false
        },
        {
            "id": "cobblemonraiddens:cinccino_teraelectric",
            "required": false
        },
        {
            "id": "cobblemonraiddens:cinccino_terafairy",
            "required": false
        },
        {
            "id": "cobblemonraiddens:cinccino_terafighting",
            "required": false
        },
        {
            "id": "cobblemonraiddens:cinccino_terafire",
            "required": false
        },
        {
            "id": "cobblemonraiddens:cinccino_teraflying",
            "required": false
        },
        {
            "id": "cobblemonraiddens:cinccino_teraghost",
            "required": false
        },
        {
            "id": "cobblemonraiddens:cinccino_teragrass",
            "required": false
        },
        {
            "id": "cobblemonraiddens:cinccino_teraground",
            "required": false
        },
        {
            "id": "cobblemonraiddens:cinccino_teraice",
            "required": false
        },
        {
            "id": "cobblemonraiddens:cinccino_teranormal",
            "required": false
        },
        {
            "id": "cobblemonraiddens:cinccino_terapoison",
            "required": false
        },
        {
            "id": "cobblemonraiddens:cinccino_terapsychic",
            "required": false
        },
        {
            "id": "cobblemonraiddens:cinccino_terarock",
            "required": false
        },
        {
            "id": "cobblemonraiddens:cinccino_terasteel",
            "required": false
        },
        {
            "id": "cobblemonraiddens:cinccino_terawater",
            "required": false
        }
    ]
}