{
    "replace": false,
    "values": [
        {
            "id": "cobblemonraiddens:cinderace_stellar",
            "required": false
        },
        {
            "id": "cobblemonraiddens:cinderace_terabug",
            "required": false
        },
        {
            "id": "cobblemonraiddens:cinderace_teradark",
            "required": false
        },
        {
            "id": "cobblemonraiddens:cinderace_teradragon",
            "required": false
        },
        {
            "id": "cobblemonraiddens:cinderace_teraelectric",
            "required": false
        },
        {
            "id": "cobblemonraiddens:cinderace_terafairy",
            "required": false
        },
        {
            "id": "cobblemonraiddens:cinderace_terafighting",
            "required": false
        },
        {
            "id": "cobblemonraiddens:cinderace_terafire",
            "required": false
        },
        {
            "id": "cobblemonraiddens:cinderace_teraflying",
            "required": false
        },
        {
            "id": "cobblemonraiddens:cinderace_teraghost",
            "required": false
        },
        {
            "id": "cobblemonraiddens:cinderace_teragrass",
            "required": false
        },
        {
            "id": "cobblemonraiddens:cinderace_teraground",
            "required": false
        },
        {
            "id": "cobblemonraiddens:cinderace_teraice",
            "required": false
        },
        {
            "id": "cobblemonraiddens:cinderace_teranormal",
            "required": false
        },
        {
            "id": "cobblemonraiddens:cinderace_terapoison",
            "required": false
        },
        {
            "id": "cobblemonraiddens:cinderace_terapsychic",
            "required": false
        },
        {
            "id": "cobblemonraiddens:cinderace_terarock",
            "required": false
        },
        {
            "id": "cobblemonraiddens:cinderace_terasteel",
            "required": false
        },
        {
            "id": "cobblemonraiddens:cinderace_terawater",
            "required": false
        }
    ]
}