{
    "replace": false,
    "values": [
        {
            "id": "cobblemonraiddens:clamperl_stellar",
            "required": false
        },
        {
            "id": "cobblemonraiddens:clamperl_terabug",
            "required": false
        },
        {
            "id": "cobblemonraiddens:clamperl_teradark",
            "required": false
        },
        {
            "id": "cobblemonraiddens:clamperl_teradragon",
            "required": false
        },
        {
            "id": "cobblemonraiddens:clamperl_teraelectric",
            "required": false
        },
        {
            "id": "cobblemonraiddens:clamperl_terafairy",
            "required": false
        },
        {
            "id": "cobblemonraiddens:clamperl_terafighting",
            "required": false
        },
        {
            "id": "cobblemonraiddens:clamperl_terafire",
            "required": false
        },
        {
            "id": "cobblemonraiddens:clamperl_teraflying",
            "required": false
        },
        {
            "id": "cobblemonraiddens:clamperl_teraghost",
            "required": false
        },
        {
            "id": "cobblemonraiddens:clamperl_teragrass",
            "required": false
        },
        {
            "id": "cobblemonraiddens:clamperl_teraground",
            "required": false
        },
        {
            "id": "cobblemonraiddens:clamperl_teraice",
            "required": false
        },
        {
            "id": "cobblemonraiddens:clamperl_teranormal",
            "required": false
        },
        {
            "id": "cobblemonraiddens:clamperl_terapoison",
            "required": false
        },
        {
            "id": "cobblemonraiddens:clamperl_terapsychic",
            "required": false
        },
        {
            "id": "cobblemonraiddens:clamperl_terarock",
            "required": false
        },
        {
            "id": "cobblemonraiddens:clamperl_terasteel",
            "required": false
        },
        {
            "id": "cobblemonraiddens:clamperl_terawater",
            "required": false
        }
    ]
}