{
    "replace": false,
    "values": [
        {
            "id": "cobblemonraiddens:clauncher_stellar",
            "required": false
        },
        {
            "id": "cobblemonraiddens:clauncher_terabug",
            "required": false
        },
        {
            "id": "cobblemonraiddens:clauncher_teradark",
            "required": false
        },
        {
            "id": "cobblemonraiddens:clauncher_teradragon",
            "required": false
        },
        {
            "id": "cobblemonraiddens:clauncher_teraelectric",
            "required": false
        },
        {
            "id": "cobblemonraiddens:clauncher_terafairy",
            "required": false
        },
        {
            "id": "cobblemonraiddens:clauncher_terafighting",
            "required": false
        },
        {
            "id": "cobblemonraiddens:clauncher_terafire",
            "required": false
        },
        {
            "id": "cobblemonraiddens:clauncher_teraflying",
            "required": false
        },
        {
            "id": "cobblemonraiddens:clauncher_teraghost",
            "required": false
        },
        {
            "id": "cobblemonraiddens:clauncher_teragrass",
            "required": false
        },
        {
            "id": "cobblemonraiddens:clauncher_teraground",
            "required": false
        },
        {
            "id": "cobblemonraiddens:clauncher_teraice",
            "required": false
        },
        {
            "id": "cobblemonraiddens:clauncher_teranormal",
            "required": false
        },
        {
            "id": "cobblemonraiddens:clauncher_terapoison",
            "required": false
        },
        {
            "id": "cobblemonraiddens:clauncher_terapsychic",
            "required": false
        },
        {
            "id": "cobblemonraiddens:clauncher_terarock",
            "required": false
        },
        {
            "id": "cobblemonraiddens:clauncher_terasteel",
            "required": false
        },
        {
            "id": "cobblemonraiddens:clauncher_terawater",
            "required": false
        }
    ]
}