{
    "replace": false,
    "values": [
        {
            "id": "cobblemonraiddens:clawitzer_stellar",
            "required": false
        },
        {
            "id": "cobblemonraiddens:clawitzer_terabug",
            "required": false
        },
        {
            "id": "cobblemonraiddens:clawitzer_teradark",
            "required": false
        },
        {
            "id": "cobblemonraiddens:clawitzer_teradragon",
            "required": false
        },
        {
            "id": "cobblemonraiddens:clawitzer_teraelectric",
            "required": false
        },
        {
            "id": "cobblemonraiddens:clawitzer_terafairy",
            "required": false
        },
        {
            "id": "cobblemonraiddens:clawitzer_terafighting",
            "required": false
        },
        {
            "id": "cobblemonraiddens:clawitzer_terafire",
            "required": false
        },
        {
            "id": "cobblemonraiddens:clawitzer_teraflying",
            "required": false
        },
        {
            "id": "cobblemonraiddens:clawitzer_teraghost",
            "required": false
        },
        {
            "id": "cobblemonraiddens:clawitzer_teragrass",
            "required": false
        },
        {
            "id": "cobblemonraiddens:clawitzer_teraground",
            "required": false
        },
        {
            "id": "cobblemonraiddens:clawitzer_teraice",
            "required": false
        },
        {
            "id": "cobblemonraiddens:clawitzer_teranormal",
            "required": false
        },
        {
            "id": "cobblemonraiddens:clawitzer_terapoison",
            "required": false
        },
        {
            "id": "cobblemonraiddens:clawitzer_terapsychic",
            "required": false
        },
        {
            "id": "cobblemonraiddens:clawitzer_terarock",
            "required": false
        },
        {
            "id": "cobblemonraiddens:clawitzer_terasteel",
            "required": false
        },
        {
            "id": "cobblemonraiddens:clawitzer_terawater",
            "required": false
        }
    ]
}