{
    "replace": false,
    "values": [
        {
            "id": "cobblemonraiddens:claydol_stellar",
            "required": false
        },
        {
            "id": "cobblemonraiddens:claydol_terabug",
            "required": false
        },
        {
            "id": "cobblemonraiddens:claydol_teradark",
            "required": false
        },
        {
            "id": "cobblemonraiddens:claydol_teradragon",
            "required": false
        },
        {
            "id": "cobblemonraiddens:claydol_teraelectric",
            "required": false
        },
        {
            "id": "cobblemonraiddens:claydol_terafairy",
            "required": false
        },
        {
            "id": "cobblemonraiddens:claydol_terafighting",
            "required": false
        },
        {
            "id": "cobblemonraiddens:claydol_terafire",
            "required": false
        },
        {
            "id": "cobblemonraiddens:claydol_teraflying",
            "required": false
        },
        {
            "id": "cobblemonraiddens:claydol_teraghost",
            "required": false
        },
        {
            "id": "cobblemonraiddens:claydol_teragrass",
            "required": false
        },
        {
            "id": "cobblemonraiddens:claydol_teraground",
            "required": false
        },
        {
            "id": "cobblemonraiddens:claydol_teraice",
            "required": false
        },
        {
            "id": "cobblemonraiddens:claydol_teranormal",
            "required": false
        },
        {
            "id": "cobblemonraiddens:claydol_terapoison",
            "required": false
        },
        {
            "id": "cobblemonraiddens:claydol_terapsychic",
            "required": false
        },
        {
            "id": "cobblemonraiddens:claydol_terarock",
            "required": false
        },
        {
            "id": "cobblemonraiddens:claydol_terasteel",
            "required": false
        },
        {
            "id": "cobblemonraiddens:claydol_terawater",
            "required": false
        }
    ]
}