{
    "replace": false,
    "values": [
        {
            "id": "cobblemonraiddens:clefable_stellar",
            "required": false
        },
        {
            "id": "cobblemonraiddens:clefable_terabug",
            "required": false
        },
        {
            "id": "cobblemonraiddens:clefable_teradark",
            "required": false
        },
        {
            "id": "cobblemonraiddens:clefable_teradragon",
            "required": false
        },
        {
            "id": "cobblemonraiddens:clefable_teraelectric",
            "required": false
        },
        {
            "id": "cobblemonraiddens:clefable_terafairy",
            "required": false
        },
        {
            "id": "cobblemonraiddens:clefable_terafighting",
            "required": false
        },
        {
            "id": "cobblemonraiddens:clefable_terafire",
            "required": false
        },
        {
            "id": "cobblemonraiddens:clefable_teraflying",
            "required": false
        },
        {
            "id": "cobblemonraiddens:clefable_teraghost",
            "required": false
        },
        {
            "id": "cobblemonraiddens:clefable_teragrass",
            "required": false
        },
        {
            "id": "cobblemonraiddens:clefable_teraground",
            "required": false
        },
        {
            "id": "cobblemonraiddens:clefable_teraice",
            "required": false
        },
        {
            "id": "cobblemonraiddens:clefable_teranormal",
            "required": false
        },
        {
            "id": "cobblemonraiddens:clefable_terapoison",
            "required": false
        },
        {
            "id": "cobblemonraiddens:clefable_terapsychic",
            "required": false
        },
        {
            "id": "cobblemonraiddens:clefable_terarock",
            "required": false
        },
        {
            "id": "cobblemonraiddens:clefable_terasteel",
            "required": false
        },
        {
            "id": "cobblemonraiddens:clefable_terawater",
            "required": false
        }
    ]
}