{
    "replace": false,
    "values": [
        {
            "id": "cobblemonraiddens:clefairy_stellar",
            "required": false
        },
        {
            "id": "cobblemonraiddens:clefairy_terabug",
            "required": false
        },
        {
            "id": "cobblemonraiddens:clefairy_teradark",
            "required": false
        },
        {
            "id": "cobblemonraiddens:clefairy_teradragon",
            "required": false
        },
        {
            "id": "cobblemonraiddens:clefairy_teraelectric",
            "required": false
        },
        {
            "id": "cobblemonraiddens:clefairy_terafairy",
            "required": false
        },
        {
            "id": "cobblemonraiddens:clefairy_terafighting",
            "required": false
        },
        {
            "id": "cobblemonraiddens:clefairy_terafire",
            "required": false
        },
        {
            "id": "cobblemonraiddens:clefairy_teraflying",
            "required": false
        },
        {
            "id": "cobblemonraiddens:clefairy_teraghost",
            "required": false
        },
        {
            "id": "cobblemonraiddens:clefairy_teragrass",
            "required": false
        },
        {
            "id": "cobblemonraiddens:clefairy_teraground",
            "required": false
        },
        {
            "id": "cobblemonraiddens:clefairy_teraice",
            "required": false
        },
        {
            "id": "cobblemonraiddens:clefairy_teranormal",
            "required": false
        },
        {
            "id": "cobblemonraiddens:clefairy_terapoison",
            "required": false
        },
        {
            "id": "cobblemonraiddens:clefairy_terapsychic",
            "required": false
        },
        {
            "id": "cobblemonraiddens:clefairy_terarock",
            "required": false
        },
        {
            "id": "cobblemonraiddens:clefairy_terasteel",
            "required": false
        },
        {
            "id": "cobblemonraiddens:clefairy_terawater",
            "required": false
        }
    ]
}