{
    "replace": false,
    "values": [
        {
            "id": "cobblemonraiddens:cleffa_stellar",
            "required": false
        },
        {
            "id": "cobblemonraiddens:cleffa_terabug",
            "required": false
        },
        {
            "id": "cobblemonraiddens:cleffa_teradark",
            "required": false
        },
        {
            "id": "cobblemonraiddens:cleffa_teradragon",
            "required": false
        },
        {
            "id": "cobblemonraiddens:cleffa_teraelectric",
            "required": false
        },
        {
            "id": "cobblemonraiddens:cleffa_terafairy",
            "required": false
        },
        {
            "id": "cobblemonraiddens:cleffa_terafighting",
            "required": false
        },
        {
            "id": "cobblemonraiddens:cleffa_terafire",
            "required": false
        },
        {
            "id": "cobblemonraiddens:cleffa_teraflying",
            "required": false
        },
        {
            "id": "cobblemonraiddens:cleffa_teraghost",
            "required": false
        },
        {
            "id": "cobblemonraiddens:cleffa_teragrass",
            "required": false
        },
        {
            "id": "cobblemonraiddens:cleffa_teraground",
            "required": false
        },
        {
            "id": "cobblemonraiddens:cleffa_teraice",
            "required": false
        },
        {
            "id": "cobblemonraiddens:cleffa_teranormal",
            "required": false
        },
        {
            "id": "cobblemonraiddens:cleffa_terapoison",
            "required": false
        },
        {
            "id": "cobblemonraiddens:cleffa_terapsychic",
            "required": false
        },
        {
            "id": "cobblemonraiddens:cleffa_terarock",
            "required": false
        },
        {
            "id": "cobblemonraiddens:cleffa_terasteel",
            "required": false
        },
        {
            "id": "cobblemonraiddens:cleffa_terawater",
            "required": false
        }
    ]
}