{
    "replace": false,
    "values": [
        {
            "id": "cobblemonraiddens:clobbopus_stellar",
            "required": false
        },
        {
            "id": "cobblemonraiddens:clobbopus_terabug",
            "required": false
        },
        {
            "id": "cobblemonraiddens:clobbopus_teradark",
            "required": false
        },
        {
            "id": "cobblemonraiddens:clobbopus_teradragon",
            "required": false
        },
        {
            "id": "cobblemonraiddens:clobbopus_teraelectric",
            "required": false
        },
        {
            "id": "cobblemonraiddens:clobbopus_terafairy",
            "required": false
        },
        {
            "id": "cobblemonraiddens:clobbopus_terafighting",
            "required": false
        },
        {
            "id": "cobblemonraiddens:clobbopus_terafire",
            "required": false
        },
        {
            "id": "cobblemonraiddens:clobbopus_teraflying",
            "required": false
        },
        {
            "id": "cobblemonraiddens:clobbopus_teraghost",
            "required": false
        },
        {
            "id": "cobblemonraiddens:clobbopus_teragrass",
            "required": false
        },
        {
            "id": "cobblemonraiddens:clobbopus_teraground",
            "required": false
        },
        {
            "id": "cobblemonraiddens:clobbopus_teraice",
            "required": false
        },
        {
            "id": "cobblemonraiddens:clobbopus_teranormal",
            "required": false
        },
        {
            "id": "cobblemonraiddens:clobbopus_terapoison",
            "required": false
        },
        {
            "id": "cobblemonraiddens:clobbopus_terapsychic",
            "required": false
        },
        {
            "id": "cobblemonraiddens:clobbopus_terarock",
            "required": false
        },
        {
            "id": "cobblemonraiddens:clobbopus_terasteel",
            "required": false
        },
        {
            "id": "cobblemonraiddens:clobbopus_terawater",
            "required": false
        }
    ]
}