{
    "replace": false,
    "values": [
        {
            "id": "cobblemonraiddens:clodsire_stellar",
            "required": false
        },
        {
            "id": "cobblemonraiddens:clodsire_terabug",
            "required": false
        },
        {
            "id": "cobblemonraiddens:clodsire_teradark",
            "required": false
        },
        {
            "id": "cobblemonraiddens:clodsire_teradragon",
            "required": false
        },
        {
            "id": "cobblemonraiddens:clodsire_teraelectric",
            "required": false
        },
        {
            "id": "cobblemonraiddens:clodsire_terafairy",
            "required": false
        },
        {
            "id": "cobblemonraiddens:clodsire_terafighting",
            "required": false
        },
        {
            "id": "cobblemonraiddens:clodsire_terafire",
            "required": false
        },
        {
            "id": "cobblemonraiddens:clodsire_teraflying",
            "required": false
        },
        {
            "id": "cobblemonraiddens:clodsire_teraghost",
            "required": false
        },
        {
            "id": "cobblemonraiddens:clodsire_teragrass",
            "required": false
        },
        {
            "id": "cobblemonraiddens:clodsire_teraground",
            "required": false
        },
        {
            "id": "cobblemonraiddens:clodsire_teraice",
            "required": false
        },
        {
            "id": "cobblemonraiddens:clodsire_teranormal",
            "required": false
        },
        {
            "id": "cobblemonraiddens:clodsire_terapoison",
            "required": false
        },
        {
            "id": "cobblemonraiddens:clodsire_terapsychic",
            "required": false
        },
        {
            "id": "cobblemonraiddens:clodsire_terarock",
            "required": false
        },
        {
            "id": "cobblemonraiddens:clodsire_terasteel",
            "required": false
        },
        {
            "id": "cobblemonraiddens:clodsire_terawater",
            "required": false
        }
    ]
}