{
    "replace": false,
    "values": [
        {
            "id": "cobblemonraiddens:cloyster_stellar",
            "required": false
        },
        {
            "id": "cobblemonraiddens:cloyster_terabug",
            "required": false
        },
        {
            "id": "cobblemonraiddens:cloyster_teradark",
            "required": false
        },
        {
            "id": "cobblemonraiddens:cloyster_teradragon",
            "required": false
        },
        {
            "id": "cobblemonraiddens:cloyster_teraelectric",
            "required": false
        },
        {
            "id": "cobblemonraiddens:cloyster_terafairy",
            "required": false
        },
        {
            "id": "cobblemonraiddens:cloyster_terafighting",
            "required": false
        },
        {
            "id": "cobblemonraiddens:cloyster_terafire",
            "required": false
        },
        {
            "id": "cobblemonraiddens:cloyster_teraflying",
            "required": false
        },
        {
            "id": "cobblemonraiddens:cloyster_teraghost",
            "required": false
        },
        {
            "id": "cobblemonraiddens:cloyster_teragrass",
            "required": false
        },
        {
            "id": "cobblemonraiddens:cloyster_teraground",
            "required": false
        },
        {
            "id": "cobblemonraiddens:cloyster_teraice",
            "required": false
        },
        {
            "id": "cobblemonraiddens:cloyster_teranormal",
            "required": false
        },
        {
            "id": "cobblemonraiddens:cloyster_terapoison",
            "required": false
        },
        {
            "id": "cobblemonraiddens:cloyster_terapsychic",
            "required": false
        },
        {
            "id": "cobblemonraiddens:cloyster_terarock",
            "required": false
        },
        {
            "id": "cobblemonraiddens:cloyster_terasteel",
            "required": false
        },
        {
            "id": "cobblemonraiddens:cloyster_terawater",
            "required": false
        }
    ]
}