{
    "replace": false,
    "values": [
        {
            "id": "cobblemonraiddens:coalossal_stellar",
            "required": false
        },
        {
            "id": "cobblemonraiddens:coalossal_terabug",
            "required": false
        },
        {
            "id": "cobblemonraiddens:coalossal_teradark",
            "required": false
        },
        {
            "id": "cobblemonraiddens:coalossal_teradragon",
            "required": false
        },
        {
            "id": "cobblemonraiddens:coalossal_teraelectric",
            "required": false
        },
        {
            "id": "cobblemonraiddens:coalossal_terafairy",
            "required": false
        },
        {
            "id": "cobblemonraiddens:coalossal_terafighting",
            "required": false
        },
        {
            "id": "cobblemonraiddens:coalossal_terafire",
            "required": false
        },
        {
            "id": "cobblemonraiddens:coalossal_teraflying",
            "required": false
        },
        {
            "id": "cobblemonraiddens:coalossal_teraghost",
            "required": false
        },
        {
            "id": "cobblemonraiddens:coalossal_teragrass",
            "required": false
        },
        {
            "id": "cobblemonraiddens:coalossal_teraground",
            "required": false
        },
        {
            "id": "cobblemonraiddens:coalossal_teraice",
            "required": false
        },
        {
            "id": "cobblemonraiddens:coalossal_teranormal",
            "required": false
        },
        {
            "id": "cobblemonraiddens:coalossal_terapoison",
            "required": false
        },
        {
            "id": "cobblemonraiddens:coalossal_terapsychic",
            "required": false
        },
        {
            "id": "cobblemonraiddens:coalossal_terarock",
            "required": false
        },
        {
            "id": "cobblemonraiddens:coalossal_terasteel",
            "required": false
        },
        {
            "id": "cobblemonraiddens:coalossal_terawater",
            "required": false
        }
    ]
}