{
    "replace": false,
    "values": [
        {
            "id": "cobblemonraiddens:cobalion_stellar",
            "required": false
        },
        {
            "id": "cobblemonraiddens:cobalion_terabug",
            "required": false
        },
        {
            "id": "cobblemonraiddens:cobalion_teradark",
            "required": false
        },
        {
            "id": "cobblemonraiddens:cobalion_teradragon",
            "required": false
        },
        {
            "id": "cobblemonraiddens:cobalion_teraelectric",
            "required": false
        },
        {
            "id": "cobblemonraiddens:cobalion_terafairy",
            "required": false
        },
        {
            "id": "cobblemonraiddens:cobalion_terafighting",
            "required": false
        },
        {
            "id": "cobblemonraiddens:cobalion_terafire",
            "required": false
        },
        {
            "id": "cobblemonraiddens:cobalion_teraflying",
            "required": false
        },
        {
            "id": "cobblemonraiddens:cobalion_teraghost",
            "required": false
        },
        {
            "id": "cobblemonraiddens:cobalion_teragrass",
            "required": false
        },
        {
            "id": "cobblemonraiddens:cobalion_teraground",
            "required": false
        },
        {
            "id": "cobblemonraiddens:cobalion_teraice",
            "required": false
        },
        {
            "id": "cobblemonraiddens:cobalion_teranormal",
            "required": false
        },
        {
            "id": "cobblemonraiddens:cobalion_terapoison",
            "required": false
        },
        {
            "id": "cobblemonraiddens:cobalion_terapsychic",
            "required": false
        },
        {
            "id": "cobblemonraiddens:cobalion_terarock",
            "required": false
        },
        {
            "id": "cobblemonraiddens:cobalion_terasteel",
            "required": false
        },
        {
            "id": "cobblemonraiddens:cobalion_terawater",
            "required": false
        }
    ]
}