{
    "replace": false,
    "values": [
        {
            "id": "cobblemonraiddens:cofagrigus_stellar",
            "required": false
        },
        {
            "id": "cobblemonraiddens:cofagrigus_terabug",
            "required": false
        },
        {
            "id": "cobblemonraiddens:cofagrigus_teradark",
            "required": false
        },
        {
            "id": "cobblemonraiddens:cofagrigus_teradragon",
            "required": false
        },
        {
            "id": "cobblemonraiddens:cofagrigus_teraelectric",
            "required": false
        },
        {
            "id": "cobblemonraiddens:cofagrigus_terafairy",
            "required": false
        },
        {
            "id": "cobblemonraiddens:cofagrigus_terafighting",
            "required": false
        },
        {
            "id": "cobblemonraiddens:cofagrigus_terafire",
            "required": false
        },
        {
            "id": "cobblemonraiddens:cofagrigus_teraflying",
            "required": false
        },
        {
            "id": "cobblemonraiddens:cofagrigus_teraghost",
            "required": false
        },
        {
            "id": "cobblemonraiddens:cofagrigus_teragrass",
            "required": false
        },
        {
            "id": "cobblemonraiddens:cofagrigus_teraground",
            "required": false
        },
        {
            "id": "cobblemonraiddens:cofagrigus_teraice",
            "required": false
        },
        {
            "id": "cobblemonraiddens:cofagrigus_teranormal",
            "required": false
        },
        {
            "id": "cobblemonraiddens:cofagrigus_terapoison",
            "required": false
        },
        {
            "id": "cobblemonraiddens:cofagrigus_terapsychic",
            "required": false
        },
        {
            "id": "cobblemonraiddens:cofagrigus_terarock",
            "required": false
        },
        {
            "id": "cobblemonraiddens:cofagrigus_terasteel",
            "required": false
        },
        {
            "id": "cobblemonraiddens:cofagrigus_terawater",
            "required": false
        }
    ]
}