{
    "replace": false,
    "values": [
        {
            "id": "cobblemonraiddens:combusken_stellar",
            "required": false
        },
        {
            "id": "cobblemonraiddens:combusken_terabug",
            "required": false
        },
        {
            "id": "cobblemonraiddens:combusken_teradark",
            "required": false
        },
        {
            "id": "cobblemonraiddens:combusken_teradragon",
            "required": false
        },
        {
            "id": "cobblemonraiddens:combusken_teraelectric",
            "required": false
        },
        {
            "id": "cobblemonraiddens:combusken_terafairy",
            "required": false
        },
        {
            "id": "cobblemonraiddens:combusken_terafighting",
            "required": false
        },
        {
            "id": "cobblemonraiddens:combusken_terafire",
            "required": false
        },
        {
            "id": "cobblemonraiddens:combusken_teraflying",
            "required": false
        },
        {
            "id": "cobblemonraiddens:combusken_teraghost",
            "required": false
        },
        {
            "id": "cobblemonraiddens:combusken_teragrass",
            "required": false
        },
        {
            "id": "cobblemonraiddens:combusken_teraground",
            "required": false
        },
        {
            "id": "cobblemonraiddens:combusken_teraice",
            "required": false
        },
        {
            "id": "cobblemonraiddens:combusken_teranormal",
            "required": false
        },
        {
            "id": "cobblemonraiddens:combusken_terapoison",
            "required": false
        },
        {
            "id": "cobblemonraiddens:combusken_terapsychic",
            "required": false
        },
        {
            "id": "cobblemonraiddens:combusken_terarock",
            "required": false
        },
        {
            "id": "cobblemonraiddens:combusken_terasteel",
            "required": false
        },
        {
            "id": "cobblemonraiddens:combusken_terawater",
            "required": false
        }
    ]
}