{
    "replace": false,
    "values": [
        {
            "id": "cobblemonraiddens:combee_stellar",
            "required": false
        },
        {
            "id": "cobblemonraiddens:combee_terabug",
            "required": false
        },
        {
            "id": "cobblemonraiddens:combee_teradark",
            "required": false
        },
        {
            "id": "cobblemonraiddens:combee_teradragon",
            "required": false
        },
        {
            "id": "cobblemonraiddens:combee_teraelectric",
            "required": false
        },
        {
            "id": "cobblemonraiddens:combee_terafairy",
            "required": false
        },
        {
            "id": "cobblemonraiddens:combee_terafighting",
            "required": false
        },
        {
            "id": "cobblemonraiddens:combee_terafire",
            "required": false
        },
        {
            "id": "cobblemonraiddens:combee_teraflying",
            "required": false
        },
        {
            "id": "cobblemonraiddens:combee_teraghost",
            "required": false
        },
        {
            "id": "cobblemonraiddens:combee_teragrass",
            "required": false
        },
        {
            "id": "cobblemonraiddens:combee_teraground",
            "required": false
        },
        {
            "id": "cobblemonraiddens:combee_teraice",
            "required": false
        },
        {
            "id": "cobblemonraiddens:combee_teranormal",
            "required": false
        },
        {
            "id": "cobblemonraiddens:combee_terapoison",
            "required": false
        },
        {
            "id": "cobblemonraiddens:combee_terapsychic",
            "required": false
        },
        {
            "id": "cobblemonraiddens:combee_terarock",
            "required": false
        },
        {
            "id": "cobblemonraiddens:combee_terasteel",
            "required": false
        },
        {
            "id": "cobblemonraiddens:combee_terawater",
            "required": false
        }
    ]
}