{
    "replace": false,
    "values": [
        {
            "id": "cobblemonraiddens:comfey_stellar",
            "required": false
        },
        {
            "id": "cobblemonraiddens:comfey_terabug",
            "required": false
        },
        {
            "id": "cobblemonraiddens:comfey_teradark",
            "required": false
        },
        {
            "id": "cobblemonraiddens:comfey_teradragon",
            "required": false
        },
        {
            "id": "cobblemonraiddens:comfey_teraelectric",
            "required": false
        },
        {
            "id": "cobblemonraiddens:comfey_terafairy",
            "required": false
        },
        {
            "id": "cobblemonraiddens:comfey_terafighting",
            "required": false
        },
        {
            "id": "cobblemonraiddens:comfey_terafire",
            "required": false
        },
        {
            "id": "cobblemonraiddens:comfey_teraflying",
            "required": false
        },
        {
            "id": "cobblemonraiddens:comfey_teraghost",
            "required": false
        },
        {
            "id": "cobblemonraiddens:comfey_teragrass",
            "required": false
        },
        {
            "id": "cobblemonraiddens:comfey_teraground",
            "required": false
        },
        {
            "id": "cobblemonraiddens:comfey_teraice",
            "required": false
        },
        {
            "id": "cobblemonraiddens:comfey_teranormal",
            "required": false
        },
        {
            "id": "cobblemonraiddens:comfey_terapoison",
            "required": false
        },
        {
            "id": "cobblemonraiddens:comfey_terapsychic",
            "required": false
        },
        {
            "id": "cobblemonraiddens:comfey_terarock",
            "required": false
        },
        {
            "id": "cobblemonraiddens:comfey_terasteel",
            "required": false
        },
        {
            "id": "cobblemonraiddens:comfey_terawater",
            "required": false
        }
    ]
}