{
    "replace": false,
    "values": [
        {
            "id": "cobblemonraiddens:conkeldurr_stellar",
            "required": false
        },
        {
            "id": "cobblemonraiddens:conkeldurr_terabug",
            "required": false
        },
        {
            "id": "cobblemonraiddens:conkeldurr_teradark",
            "required": false
        },
        {
            "id": "cobblemonraiddens:conkeldurr_teradragon",
            "required": false
        },
        {
            "id": "cobblemonraiddens:conkeldurr_teraelectric",
            "required": false
        },
        {
            "id": "cobblemonraiddens:conkeldurr_terafairy",
            "required": false
        },
        {
            "id": "cobblemonraiddens:conkeldurr_terafighting",
            "required": false
        },
        {
            "id": "cobblemonraiddens:conkeldurr_terafire",
            "required": false
        },
        {
            "id": "cobblemonraiddens:conkeldurr_teraflying",
            "required": false
        },
        {
            "id": "cobblemonraiddens:conkeldurr_teraghost",
            "required": false
        },
        {
            "id": "cobblemonraiddens:conkeldurr_teragrass",
            "required": false
        },
        {
            "id": "cobblemonraiddens:conkeldurr_teraground",
            "required": false
        },
        {
            "id": "cobblemonraiddens:conkeldurr_teraice",
            "required": false
        },
        {
            "id": "cobblemonraiddens:conkeldurr_teranormal",
            "required": false
        },
        {
            "id": "cobblemonraiddens:conkeldurr_terapoison",
            "required": false
        },
        {
            "id": "cobblemonraiddens:conkeldurr_terapsychic",
            "required": false
        },
        {
            "id": "cobblemonraiddens:conkeldurr_terarock",
            "required": false
        },
        {
            "id": "cobblemonraiddens:conkeldurr_terasteel",
            "required": false
        },
        {
            "id": "cobblemonraiddens:conkeldurr_terawater",
            "required": false
        }
    ]
}