{
    "replace": false,
    "values": [
        {
            "id": "cobblemonraiddens:copperajah_stellar",
            "required": false
        },
        {
            "id": "cobblemonraiddens:copperajah_terabug",
            "required": false
        },
        {
            "id": "cobblemonraiddens:copperajah_teradark",
            "required": false
        },
        {
            "id": "cobblemonraiddens:copperajah_teradragon",
            "required": false
        },
        {
            "id": "cobblemonraiddens:copperajah_teraelectric",
            "required": false
        },
        {
            "id": "cobblemonraiddens:copperajah_terafairy",
            "required": false
        },
        {
            "id": "cobblemonraiddens:copperajah_terafighting",
            "required": false
        },
        {
            "id": "cobblemonraiddens:copperajah_terafire",
            "required": false
        },
        {
            "id": "cobblemonraiddens:copperajah_teraflying",
            "required": false
        },
        {
            "id": "cobblemonraiddens:copperajah_teraghost",
            "required": false
        },
        {
            "id": "cobblemonraiddens:copperajah_teragrass",
            "required": false
        },
        {
            "id": "cobblemonraiddens:copperajah_teraground",
            "required": false
        },
        {
            "id": "cobblemonraiddens:copperajah_teraice",
            "required": false
        },
        {
            "id": "cobblemonraiddens:copperajah_teranormal",
            "required": false
        },
        {
            "id": "cobblemonraiddens:copperajah_terapoison",
            "required": false
        },
        {
            "id": "cobblemonraiddens:copperajah_terapsychic",
            "required": false
        },
        {
            "id": "cobblemonraiddens:copperajah_terarock",
            "required": false
        },
        {
            "id": "cobblemonraiddens:copperajah_terasteel",
            "required": false
        },
        {
            "id": "cobblemonraiddens:copperajah_terawater",
            "required": false
        }
    ]
}