{
    "replace": false,
    "values": [
        {
            "id": "cobblemonraiddens:corphish_stellar",
            "required": false
        },
        {
            "id": "cobblemonraiddens:corphish_terabug",
            "required": false
        },
        {
            "id": "cobblemonraiddens:corphish_teradark",
            "required": false
        },
        {
            "id": "cobblemonraiddens:corphish_teradragon",
            "required": false
        },
        {
            "id": "cobblemonraiddens:corphish_teraelectric",
            "required": false
        },
        {
            "id": "cobblemonraiddens:corphish_terafairy",
            "required": false
        },
        {
            "id": "cobblemonraiddens:corphish_terafighting",
            "required": false
        },
        {
            "id": "cobblemonraiddens:corphish_terafire",
            "required": false
        },
        {
            "id": "cobblemonraiddens:corphish_teraflying",
            "required": false
        },
        {
            "id": "cobblemonraiddens:corphish_teraghost",
            "required": false
        },
        {
            "id": "cobblemonraiddens:corphish_teragrass",
            "required": false
        },
        {
            "id": "cobblemonraiddens:corphish_teraground",
            "required": false
        },
        {
            "id": "cobblemonraiddens:corphish_teraice",
            "required": false
        },
        {
            "id": "cobblemonraiddens:corphish_teranormal",
            "required": false
        },
        {
            "id": "cobblemonraiddens:corphish_terapoison",
            "required": false
        },
        {
            "id": "cobblemonraiddens:corphish_terapsychic",
            "required": false
        },
        {
            "id": "cobblemonraiddens:corphish_terarock",
            "required": false
        },
        {
            "id": "cobblemonraiddens:corphish_terasteel",
            "required": false
        },
        {
            "id": "cobblemonraiddens:corphish_terawater",
            "required": false
        }
    ]
}