{
    "replace": false,
    "values": [
        {
            "id": "cobblemonraiddens:corsola_stellar",
            "required": false
        },
        {
            "id": "cobblemonraiddens:corsola_terabug",
            "required": false
        },
        {
            "id": "cobblemonraiddens:corsola_teradark",
            "required": false
        },
        {
            "id": "cobblemonraiddens:corsola_teradragon",
            "required": false
        },
        {
            "id": "cobblemonraiddens:corsola_teraelectric",
            "required": false
        },
        {
            "id": "cobblemonraiddens:corsola_terafairy",
            "required": false
        },
        {
            "id": "cobblemonraiddens:corsola_terafighting",
            "required": false
        },
        {
            "id": "cobblemonraiddens:corsola_terafire",
            "required": false
        },
        {
            "id": "cobblemonraiddens:corsola_teraflying",
            "required": false
        },
        {
            "id": "cobblemonraiddens:corsola_teraghost",
            "required": false
        },
        {
            "id": "cobblemonraiddens:corsola_teragrass",
            "required": false
        },
        {
            "id": "cobblemonraiddens:corsola_teraground",
            "required": false
        },
        {
            "id": "cobblemonraiddens:corsola_teraice",
            "required": false
        },
        {
            "id": "cobblemonraiddens:corsola_teranormal",
            "required": false
        },
        {
            "id": "cobblemonraiddens:corsola_terapoison",
            "required": false
        },
        {
            "id": "cobblemonraiddens:corsola_terapsychic",
            "required": false
        },
        {
            "id": "cobblemonraiddens:corsola_terarock",
            "required": false
        },
        {
            "id": "cobblemonraiddens:corsola_terasteel",
            "required": false
        },
        {
            "id": "cobblemonraiddens:corsola_terawater",
            "required": false
        }
    ]
}