{
    "replace": false,
    "values": [
        {
            "id": "cobblemonraiddens:corvisquire_stellar",
            "required": false
        },
        {
            "id": "cobblemonraiddens:corvisquire_terabug",
            "required": false
        },
        {
            "id": "cobblemonraiddens:corvisquire_teradark",
            "required": false
        },
        {
            "id": "cobblemonraiddens:corvisquire_teradragon",
            "required": false
        },
        {
            "id": "cobblemonraiddens:corvisquire_teraelectric",
            "required": false
        },
        {
            "id": "cobblemonraiddens:corvisquire_terafairy",
            "required": false
        },
        {
            "id": "cobblemonraiddens:corvisquire_terafighting",
            "required": false
        },
        {
            "id": "cobblemonraiddens:corvisquire_terafire",
            "required": false
        },
        {
            "id": "cobblemonraiddens:corvisquire_teraflying",
            "required": false
        },
        {
            "id": "cobblemonraiddens:corvisquire_teraghost",
            "required": false
        },
        {
            "id": "cobblemonraiddens:corvisquire_teragrass",
            "required": false
        },
        {
            "id": "cobblemonraiddens:corvisquire_teraground",
            "required": false
        },
        {
            "id": "cobblemonraiddens:corvisquire_teraice",
            "required": false
        },
        {
            "id": "cobblemonraiddens:corvisquire_teranormal",
            "required": false
        },
        {
            "id": "cobblemonraiddens:corvisquire_terapoison",
            "required": false
        },
        {
            "id": "cobblemonraiddens:corvisquire_terapsychic",
            "required": false
        },
        {
            "id": "cobblemonraiddens:corvisquire_terarock",
            "required": false
        },
        {
            "id": "cobblemonraiddens:corvisquire_terasteel",
            "required": false
        },
        {
            "id": "cobblemonraiddens:corvisquire_terawater",
            "required": false
        }
    ]
}