{
    "replace": false,
    "values": [
        {
            "id": "cobblemonraiddens:corviknight_stellar",
            "required": false
        },
        {
            "id": "cobblemonraiddens:corviknight_terabug",
            "required": false
        },
        {
            "id": "cobblemonraiddens:corviknight_teradark",
            "required": false
        },
        {
            "id": "cobblemonraiddens:corviknight_teradragon",
            "required": false
        },
        {
            "id": "cobblemonraiddens:corviknight_teraelectric",
            "required": false
        },
        {
            "id": "cobblemonraiddens:corviknight_terafairy",
            "required": false
        },
        {
            "id": "cobblemonraiddens:corviknight_terafighting",
            "required": false
        },
        {
            "id": "cobblemonraiddens:corviknight_terafire",
            "required": false
        },
        {
            "id": "cobblemonraiddens:corviknight_teraflying",
            "required": false
        },
        {
            "id": "cobblemonraiddens:corviknight_teraghost",
            "required": false
        },
        {
            "id": "cobblemonraiddens:corviknight_teragrass",
            "required": false
        },
        {
            "id": "cobblemonraiddens:corviknight_teraground",
            "required": false
        },
        {
            "id": "cobblemonraiddens:corviknight_teraice",
            "required": false
        },
        {
            "id": "cobblemonraiddens:corviknight_teranormal",
            "required": false
        },
        {
            "id": "cobblemonraiddens:corviknight_terapoison",
            "required": false
        },
        {
            "id": "cobblemonraiddens:corviknight_terapsychic",
            "required": false
        },
        {
            "id": "cobblemonraiddens:corviknight_terarock",
            "required": false
        },
        {
            "id": "cobblemonraiddens:corviknight_terasteel",
            "required": false
        },
        {
            "id": "cobblemonraiddens:corviknight_terawater",
            "required": false
        }
    ]
}