{
    "replace": false,
    "values": [
        {
            "id": "cobblemonraiddens:cottonee_stellar",
            "required": false
        },
        {
            "id": "cobblemonraiddens:cottonee_terabug",
            "required": false
        },
        {
            "id": "cobblemonraiddens:cottonee_teradark",
            "required": false
        },
        {
            "id": "cobblemonraiddens:cottonee_teradragon",
            "required": false
        },
        {
            "id": "cobblemonraiddens:cottonee_teraelectric",
            "required": false
        },
        {
            "id": "cobblemonraiddens:cottonee_terafairy",
            "required": false
        },
        {
            "id": "cobblemonraiddens:cottonee_terafighting",
            "required": false
        },
        {
            "id": "cobblemonraiddens:cottonee_terafire",
            "required": false
        },
        {
            "id": "cobblemonraiddens:cottonee_teraflying",
            "required": false
        },
        {
            "id": "cobblemonraiddens:cottonee_teraghost",
            "required": false
        },
        {
            "id": "cobblemonraiddens:cottonee_teragrass",
            "required": false
        },
        {
            "id": "cobblemonraiddens:cottonee_teraground",
            "required": false
        },
        {
            "id": "cobblemonraiddens:cottonee_teraice",
            "required": false
        },
        {
            "id": "cobblemonraiddens:cottonee_teranormal",
            "required": false
        },
        {
            "id": "cobblemonraiddens:cottonee_terapoison",
            "required": false
        },
        {
            "id": "cobblemonraiddens:cottonee_terapsychic",
            "required": false
        },
        {
            "id": "cobblemonraiddens:cottonee_terarock",
            "required": false
        },
        {
            "id": "cobblemonraiddens:cottonee_terasteel",
            "required": false
        },
        {
            "id": "cobblemonraiddens:cottonee_terawater",
            "required": false
        }
    ]
}