{
    "replace": false,
    "values": [
        {
            "id": "cobblemonraiddens:crabrawler_stellar",
            "required": false
        },
        {
            "id": "cobblemonraiddens:crabrawler_terabug",
            "required": false
        },
        {
            "id": "cobblemonraiddens:crabrawler_teradark",
            "required": false
        },
        {
            "id": "cobblemonraiddens:crabrawler_teradragon",
            "required": false
        },
        {
            "id": "cobblemonraiddens:crabrawler_teraelectric",
            "required": false
        },
        {
            "id": "cobblemonraiddens:crabrawler_terafairy",
            "required": false
        },
        {
            "id": "cobblemonraiddens:crabrawler_terafighting",
            "required": false
        },
        {
            "id": "cobblemonraiddens:crabrawler_terafire",
            "required": false
        },
        {
            "id": "cobblemonraiddens:crabrawler_teraflying",
            "required": false
        },
        {
            "id": "cobblemonraiddens:crabrawler_teraghost",
            "required": false
        },
        {
            "id": "cobblemonraiddens:crabrawler_teragrass",
            "required": false
        },
        {
            "id": "cobblemonraiddens:crabrawler_teraground",
            "required": false
        },
        {
            "id": "cobblemonraiddens:crabrawler_teraice",
            "required": false
        },
        {
            "id": "cobblemonraiddens:crabrawler_teranormal",
            "required": false
        },
        {
            "id": "cobblemonraiddens:crabrawler_terapoison",
            "required": false
        },
        {
            "id": "cobblemonraiddens:crabrawler_terapsychic",
            "required": false
        },
        {
            "id": "cobblemonraiddens:crabrawler_terarock",
            "required": false
        },
        {
            "id": "cobblemonraiddens:crabrawler_terasteel",
            "required": false
        },
        {
            "id": "cobblemonraiddens:crabrawler_terawater",
            "required": false
        }
    ]
}