{
    "replace": false,
    "values": [
        {
            "id": "cobblemonraiddens:crabominable_stellar",
            "required": false
        },
        {
            "id": "cobblemonraiddens:crabominable_terabug",
            "required": false
        },
        {
            "id": "cobblemonraiddens:crabominable_teradark",
            "required": false
        },
        {
            "id": "cobblemonraiddens:crabominable_teradragon",
            "required": false
        },
        {
            "id": "cobblemonraiddens:crabominable_teraelectric",
            "required": false
        },
        {
            "id": "cobblemonraiddens:crabominable_terafairy",
            "required": false
        },
        {
            "id": "cobblemonraiddens:crabominable_terafighting",
            "required": false
        },
        {
            "id": "cobblemonraiddens:crabominable_terafire",
            "required": false
        },
        {
            "id": "cobblemonraiddens:crabominable_teraflying",
            "required": false
        },
        {
            "id": "cobblemonraiddens:crabominable_teraghost",
            "required": false
        },
        {
            "id": "cobblemonraiddens:crabominable_teragrass",
            "required": false
        },
        {
            "id": "cobblemonraiddens:crabominable_teraground",
            "required": false
        },
        {
            "id": "cobblemonraiddens:crabominable_teraice",
            "required": false
        },
        {
            "id": "cobblemonraiddens:crabominable_teranormal",
            "required": false
        },
        {
            "id": "cobblemonraiddens:crabominable_terapoison",
            "required": false
        },
        {
            "id": "cobblemonraiddens:crabominable_terapsychic",
            "required": false
        },
        {
            "id": "cobblemonraiddens:crabominable_terarock",
            "required": false
        },
        {
            "id": "cobblemonraiddens:crabominable_terasteel",
            "required": false
        },
        {
            "id": "cobblemonraiddens:crabominable_terawater",
            "required": false
        }
    ]
}