{
    "replace": false,
    "values": [
        {
            "id": "cobblemonraiddens:cradily_stellar",
            "required": false
        },
        {
            "id": "cobblemonraiddens:cradily_terabug",
            "required": false
        },
        {
            "id": "cobblemonraiddens:cradily_teradark",
            "required": false
        },
        {
            "id": "cobblemonraiddens:cradily_teradragon",
            "required": false
        },
        {
            "id": "cobblemonraiddens:cradily_teraelectric",
            "required": false
        },
        {
            "id": "cobblemonraiddens:cradily_terafairy",
            "required": false
        },
        {
            "id": "cobblemonraiddens:cradily_terafighting",
            "required": false
        },
        {
            "id": "cobblemonraiddens:cradily_terafire",
            "required": false
        },
        {
            "id": "cobblemonraiddens:cradily_teraflying",
            "required": false
        },
        {
            "id": "cobblemonraiddens:cradily_teraghost",
            "required": false
        },
        {
            "id": "cobblemonraiddens:cradily_teragrass",
            "required": false
        },
        {
            "id": "cobblemonraiddens:cradily_teraground",
            "required": false
        },
        {
            "id": "cobblemonraiddens:cradily_teraice",
            "required": false
        },
        {
            "id": "cobblemonraiddens:cradily_teranormal",
            "required": false
        },
        {
            "id": "cobblemonraiddens:cradily_terapoison",
            "required": false
        },
        {
            "id": "cobblemonraiddens:cradily_terapsychic",
            "required": false
        },
        {
            "id": "cobblemonraiddens:cradily_terarock",
            "required": false
        },
        {
            "id": "cobblemonraiddens:cradily_terasteel",
            "required": false
        },
        {
            "id": "cobblemonraiddens:cradily_terawater",
            "required": false
        }
    ]
}