{
    "replace": false,
    "values": [
        {
            "id": "cobblemonraiddens:cramorant_stellar",
            "required": false
        },
        {
            "id": "cobblemonraiddens:cramorant_terabug",
            "required": false
        },
        {
            "id": "cobblemonraiddens:cramorant_teradark",
            "required": false
        },
        {
            "id": "cobblemonraiddens:cramorant_teradragon",
            "required": false
        },
        {
            "id": "cobblemonraiddens:cramorant_teraelectric",
            "required": false
        },
        {
            "id": "cobblemonraiddens:cramorant_terafairy",
            "required": false
        },
        {
            "id": "cobblemonraiddens:cramorant_terafighting",
            "required": false
        },
        {
            "id": "cobblemonraiddens:cramorant_terafire",
            "required": false
        },
        {
            "id": "cobblemonraiddens:cramorant_teraflying",
            "required": false
        },
        {
            "id": "cobblemonraiddens:cramorant_teraghost",
            "required": false
        },
        {
            "id": "cobblemonraiddens:cramorant_teragrass",
            "required": false
        },
        {
            "id": "cobblemonraiddens:cramorant_teraground",
            "required": false
        },
        {
            "id": "cobblemonraiddens:cramorant_teraice",
            "required": false
        },
        {
            "id": "cobblemonraiddens:cramorant_teranormal",
            "required": false
        },
        {
            "id": "cobblemonraiddens:cramorant_terapoison",
            "required": false
        },
        {
            "id": "cobblemonraiddens:cramorant_terapsychic",
            "required": false
        },
        {
            "id": "cobblemonraiddens:cramorant_terarock",
            "required": false
        },
        {
            "id": "cobblemonraiddens:cramorant_terasteel",
            "required": false
        },
        {
            "id": "cobblemonraiddens:cramorant_terawater",
            "required": false
        }
    ]
}