{
    "replace": false,
    "values": [
        {
            "id": "cobblemonraiddens:cranidos_stellar",
            "required": false
        },
        {
            "id": "cobblemonraiddens:cranidos_terabug",
            "required": false
        },
        {
            "id": "cobblemonraiddens:cranidos_teradark",
            "required": false
        },
        {
            "id": "cobblemonraiddens:cranidos_teradragon",
            "required": false
        },
        {
            "id": "cobblemonraiddens:cranidos_teraelectric",
            "required": false
        },
        {
            "id": "cobblemonraiddens:cranidos_terafairy",
            "required": false
        },
        {
            "id": "cobblemonraiddens:cranidos_terafighting",
            "required": false
        },
        {
            "id": "cobblemonraiddens:cranidos_terafire",
            "required": false
        },
        {
            "id": "cobblemonraiddens:cranidos_teraflying",
            "required": false
        },
        {
            "id": "cobblemonraiddens:cranidos_teraghost",
            "required": false
        },
        {
            "id": "cobblemonraiddens:cranidos_teragrass",
            "required": false
        },
        {
            "id": "cobblemonraiddens:cranidos_teraground",
            "required": false
        },
        {
            "id": "cobblemonraiddens:cranidos_teraice",
            "required": false
        },
        {
            "id": "cobblemonraiddens:cranidos_teranormal",
            "required": false
        },
        {
            "id": "cobblemonraiddens:cranidos_terapoison",
            "required": false
        },
        {
            "id": "cobblemonraiddens:cranidos_terapsychic",
            "required": false
        },
        {
            "id": "cobblemonraiddens:cranidos_terarock",
            "required": false
        },
        {
            "id": "cobblemonraiddens:cranidos_terasteel",
            "required": false
        },
        {
            "id": "cobblemonraiddens:cranidos_terawater",
            "required": false
        }
    ]
}