{
    "replace": false,
    "values": [
        {
            "id": "cobblemonraiddens:crawdaunt_stellar",
            "required": false
        },
        {
            "id": "cobblemonraiddens:crawdaunt_terabug",
            "required": false
        },
        {
            "id": "cobblemonraiddens:crawdaunt_teradark",
            "required": false
        },
        {
            "id": "cobblemonraiddens:crawdaunt_teradragon",
            "required": false
        },
        {
            "id": "cobblemonraiddens:crawdaunt_teraelectric",
            "required": false
        },
        {
            "id": "cobblemonraiddens:crawdaunt_terafairy",
            "required": false
        },
        {
            "id": "cobblemonraiddens:crawdaunt_terafighting",
            "required": false
        },
        {
            "id": "cobblemonraiddens:crawdaunt_terafire",
            "required": false
        },
        {
            "id": "cobblemonraiddens:crawdaunt_teraflying",
            "required": false
        },
        {
            "id": "cobblemonraiddens:crawdaunt_teraghost",
            "required": false
        },
        {
            "id": "cobblemonraiddens:crawdaunt_teragrass",
            "required": false
        },
        {
            "id": "cobblemonraiddens:crawdaunt_teraground",
            "required": false
        },
        {
            "id": "cobblemonraiddens:crawdaunt_teraice",
            "required": false
        },
        {
            "id": "cobblemonraiddens:crawdaunt_teranormal",
            "required": false
        },
        {
            "id": "cobblemonraiddens:crawdaunt_terapoison",
            "required": false
        },
        {
            "id": "cobblemonraiddens:crawdaunt_terapsychic",
            "required": false
        },
        {
            "id": "cobblemonraiddens:crawdaunt_terarock",
            "required": false
        },
        {
            "id": "cobblemonraiddens:crawdaunt_terasteel",
            "required": false
        },
        {
            "id": "cobblemonraiddens:crawdaunt_terawater",
            "required": false
        }
    ]
}