{
    "replace": false,
    "values": [
        {
            "id": "cobblemonraiddens:cresselia_stellar",
            "required": false
        },
        {
            "id": "cobblemonraiddens:cresselia_terabug",
            "required": false
        },
        {
            "id": "cobblemonraiddens:cresselia_teradark",
            "required": false
        },
        {
            "id": "cobblemonraiddens:cresselia_teradragon",
            "required": false
        },
        {
            "id": "cobblemonraiddens:cresselia_teraelectric",
            "required": false
        },
        {
            "id": "cobblemonraiddens:cresselia_terafairy",
            "required": false
        },
        {
            "id": "cobblemonraiddens:cresselia_terafighting",
            "required": false
        },
        {
            "id": "cobblemonraiddens:cresselia_terafire",
            "required": false
        },
        {
            "id": "cobblemonraiddens:cresselia_teraflying",
            "required": false
        },
        {
            "id": "cobblemonraiddens:cresselia_teraghost",
            "required": false
        },
        {
            "id": "cobblemonraiddens:cresselia_teragrass",
            "required": false
        },
        {
            "id": "cobblemonraiddens:cresselia_teraground",
            "required": false
        },
        {
            "id": "cobblemonraiddens:cresselia_teraice",
            "required": false
        },
        {
            "id": "cobblemonraiddens:cresselia_teranormal",
            "required": false
        },
        {
            "id": "cobblemonraiddens:cresselia_terapoison",
            "required": false
        },
        {
            "id": "cobblemonraiddens:cresselia_terapsychic",
            "required": false
        },
        {
            "id": "cobblemonraiddens:cresselia_terarock",
            "required": false
        },
        {
            "id": "cobblemonraiddens:cresselia_terasteel",
            "required": false
        },
        {
            "id": "cobblemonraiddens:cresselia_terawater",
            "required": false
        }
    ]
}