{
    "replace": false,
    "values": [
        {
            "id": "cobblemonraiddens:croagunk_stellar",
            "required": false
        },
        {
            "id": "cobblemonraiddens:croagunk_terabug",
            "required": false
        },
        {
            "id": "cobblemonraiddens:croagunk_teradark",
            "required": false
        },
        {
            "id": "cobblemonraiddens:croagunk_teradragon",
            "required": false
        },
        {
            "id": "cobblemonraiddens:croagunk_teraelectric",
            "required": false
        },
        {
            "id": "cobblemonraiddens:croagunk_terafairy",
            "required": false
        },
        {
            "id": "cobblemonraiddens:croagunk_terafighting",
            "required": false
        },
        {
            "id": "cobblemonraiddens:croagunk_terafire",
            "required": false
        },
        {
            "id": "cobblemonraiddens:croagunk_teraflying",
            "required": false
        },
        {
            "id": "cobblemonraiddens:croagunk_teraghost",
            "required": false
        },
        {
            "id": "cobblemonraiddens:croagunk_teragrass",
            "required": false
        },
        {
            "id": "cobblemonraiddens:croagunk_teraground",
            "required": false
        },
        {
            "id": "cobblemonraiddens:croagunk_teraice",
            "required": false
        },
        {
            "id": "cobblemonraiddens:croagunk_teranormal",
            "required": false
        },
        {
            "id": "cobblemonraiddens:croagunk_terapoison",
            "required": false
        },
        {
            "id": "cobblemonraiddens:croagunk_terapsychic",
            "required": false
        },
        {
            "id": "cobblemonraiddens:croagunk_terarock",
            "required": false
        },
        {
            "id": "cobblemonraiddens:croagunk_terasteel",
            "required": false
        },
        {
            "id": "cobblemonraiddens:croagunk_terawater",
            "required": false
        }
    ]
}