{
    "replace": false,
    "values": [
        {
            "id": "cobblemonraiddens:crobat_stellar",
            "required": false
        },
        {
            "id": "cobblemonraiddens:crobat_terabug",
            "required": false
        },
        {
            "id": "cobblemonraiddens:crobat_teradark",
            "required": false
        },
        {
            "id": "cobblemonraiddens:crobat_teradragon",
            "required": false
        },
        {
            "id": "cobblemonraiddens:crobat_teraelectric",
            "required": false
        },
        {
            "id": "cobblemonraiddens:crobat_terafairy",
            "required": false
        },
        {
            "id": "cobblemonraiddens:crobat_terafighting",
            "required": false
        },
        {
            "id": "cobblemonraiddens:crobat_terafire",
            "required": false
        },
        {
            "id": "cobblemonraiddens:crobat_teraflying",
            "required": false
        },
        {
            "id": "cobblemonraiddens:crobat_teraghost",
            "required": false
        },
        {
            "id": "cobblemonraiddens:crobat_teragrass",
            "required": false
        },
        {
            "id": "cobblemonraiddens:crobat_teraground",
            "required": false
        },
        {
            "id": "cobblemonraiddens:crobat_teraice",
            "required": false
        },
        {
            "id": "cobblemonraiddens:crobat_teranormal",
            "required": false
        },
        {
            "id": "cobblemonraiddens:crobat_terapoison",
            "required": false
        },
        {
            "id": "cobblemonraiddens:crobat_terapsychic",
            "required": false
        },
        {
            "id": "cobblemonraiddens:crobat_terarock",
            "required": false
        },
        {
            "id": "cobblemonraiddens:crobat_terasteel",
            "required": false
        },
        {
            "id": "cobblemonraiddens:crobat_terawater",
            "required": false
        }
    ]
}