{
    "replace": false,
    "values": [
        {
            "id": "cobblemonraiddens:croconaw_stellar",
            "required": false
        },
        {
            "id": "cobblemonraiddens:croconaw_terabug",
            "required": false
        },
        {
            "id": "cobblemonraiddens:croconaw_teradark",
            "required": false
        },
        {
            "id": "cobblemonraiddens:croconaw_teradragon",
            "required": false
        },
        {
            "id": "cobblemonraiddens:croconaw_teraelectric",
            "required": false
        },
        {
            "id": "cobblemonraiddens:croconaw_terafairy",
            "required": false
        },
        {
            "id": "cobblemonraiddens:croconaw_terafighting",
            "required": false
        },
        {
            "id": "cobblemonraiddens:croconaw_terafire",
            "required": false
        },
        {
            "id": "cobblemonraiddens:croconaw_teraflying",
            "required": false
        },
        {
            "id": "cobblemonraiddens:croconaw_teraghost",
            "required": false
        },
        {
            "id": "cobblemonraiddens:croconaw_teragrass",
            "required": false
        },
        {
            "id": "cobblemonraiddens:croconaw_teraground",
            "required": false
        },
        {
            "id": "cobblemonraiddens:croconaw_teraice",
            "required": false
        },
        {
            "id": "cobblemonraiddens:croconaw_teranormal",
            "required": false
        },
        {
            "id": "cobblemonraiddens:croconaw_terapoison",
            "required": false
        },
        {
            "id": "cobblemonraiddens:croconaw_terapsychic",
            "required": false
        },
        {
            "id": "cobblemonraiddens:croconaw_terarock",
            "required": false
        },
        {
            "id": "cobblemonraiddens:croconaw_terasteel",
            "required": false
        },
        {
            "id": "cobblemonraiddens:croconaw_terawater",
            "required": false
        }
    ]
}