{
    "replace": false,
    "values": [
        {
            "id": "cobblemonraiddens:crocalor_stellar",
            "required": false
        },
        {
            "id": "cobblemonraiddens:crocalor_terabug",
            "required": false
        },
        {
            "id": "cobblemonraiddens:crocalor_teradark",
            "required": false
        },
        {
            "id": "cobblemonraiddens:crocalor_teradragon",
            "required": false
        },
        {
            "id": "cobblemonraiddens:crocalor_teraelectric",
            "required": false
        },
        {
            "id": "cobblemonraiddens:crocalor_terafairy",
            "required": false
        },
        {
            "id": "cobblemonraiddens:crocalor_terafighting",
            "required": false
        },
        {
            "id": "cobblemonraiddens:crocalor_terafire",
            "required": false
        },
        {
            "id": "cobblemonraiddens:crocalor_teraflying",
            "required": false
        },
        {
            "id": "cobblemonraiddens:crocalor_teraghost",
            "required": false
        },
        {
            "id": "cobblemonraiddens:crocalor_teragrass",
            "required": false
        },
        {
            "id": "cobblemonraiddens:crocalor_teraground",
            "required": false
        },
        {
            "id": "cobblemonraiddens:crocalor_teraice",
            "required": false
        },
        {
            "id": "cobblemonraiddens:crocalor_teranormal",
            "required": false
        },
        {
            "id": "cobblemonraiddens:crocalor_terapoison",
            "required": false
        },
        {
            "id": "cobblemonraiddens:crocalor_terapsychic",
            "required": false
        },
        {
            "id": "cobblemonraiddens:crocalor_terarock",
            "required": false
        },
        {
            "id": "cobblemonraiddens:crocalor_terasteel",
            "required": false
        },
        {
            "id": "cobblemonraiddens:crocalor_terawater",
            "required": false
        }
    ]
}