{
    "replace": false,
    "values": [
        {
            "id": "cobblemonraiddens:crustle_stellar",
            "required": false
        },
        {
            "id": "cobblemonraiddens:crustle_terabug",
            "required": false
        },
        {
            "id": "cobblemonraiddens:crustle_teradark",
            "required": false
        },
        {
            "id": "cobblemonraiddens:crustle_teradragon",
            "required": false
        },
        {
            "id": "cobblemonraiddens:crustle_teraelectric",
            "required": false
        },
        {
            "id": "cobblemonraiddens:crustle_terafairy",
            "required": false
        },
        {
            "id": "cobblemonraiddens:crustle_terafighting",
            "required": false
        },
        {
            "id": "cobblemonraiddens:crustle_terafire",
            "required": false
        },
        {
            "id": "cobblemonraiddens:crustle_teraflying",
            "required": false
        },
        {
            "id": "cobblemonraiddens:crustle_teraghost",
            "required": false
        },
        {
            "id": "cobblemonraiddens:crustle_teragrass",
            "required": false
        },
        {
            "id": "cobblemonraiddens:crustle_teraground",
            "required": false
        },
        {
            "id": "cobblemonraiddens:crustle_teraice",
            "required": false
        },
        {
            "id": "cobblemonraiddens:crustle_teranormal",
            "required": false
        },
        {
            "id": "cobblemonraiddens:crustle_terapoison",
            "required": false
        },
        {
            "id": "cobblemonraiddens:crustle_terapsychic",
            "required": false
        },
        {
            "id": "cobblemonraiddens:crustle_terarock",
            "required": false
        },
        {
            "id": "cobblemonraiddens:crustle_terasteel",
            "required": false
        },
        {
            "id": "cobblemonraiddens:crustle_terawater",
            "required": false
        }
    ]
}