{
    "replace": false,
    "values": [
        {
            "id": "cobblemonraiddens:cryogonal_stellar",
            "required": false
        },
        {
            "id": "cobblemonraiddens:cryogonal_terabug",
            "required": false
        },
        {
            "id": "cobblemonraiddens:cryogonal_teradark",
            "required": false
        },
        {
            "id": "cobblemonraiddens:cryogonal_teradragon",
            "required": false
        },
        {
            "id": "cobblemonraiddens:cryogonal_teraelectric",
            "required": false
        },
        {
            "id": "cobblemonraiddens:cryogonal_terafairy",
            "required": false
        },
        {
            "id": "cobblemonraiddens:cryogonal_terafighting",
            "required": false
        },
        {
            "id": "cobblemonraiddens:cryogonal_terafire",
            "required": false
        },
        {
            "id": "cobblemonraiddens:cryogonal_teraflying",
            "required": false
        },
        {
            "id": "cobblemonraiddens:cryogonal_teraghost",
            "required": false
        },
        {
            "id": "cobblemonraiddens:cryogonal_teragrass",
            "required": false
        },
        {
            "id": "cobblemonraiddens:cryogonal_teraground",
            "required": false
        },
        {
            "id": "cobblemonraiddens:cryogonal_teraice",
            "required": false
        },
        {
            "id": "cobblemonraiddens:cryogonal_teranormal",
            "required": false
        },
        {
            "id": "cobblemonraiddens:cryogonal_terapoison",
            "required": false
        },
        {
            "id": "cobblemonraiddens:cryogonal_terapsychic",
            "required": false
        },
        {
            "id": "cobblemonraiddens:cryogonal_terarock",
            "required": false
        },
        {
            "id": "cobblemonraiddens:cryogonal_terasteel",
            "required": false
        },
        {
            "id": "cobblemonraiddens:cryogonal_terawater",
            "required": false
        }
    ]
}