{
    "replace": false,
    "values": [
        {
            "id": "cobblemonraiddens:cubchoo_stellar",
            "required": false
        },
        {
            "id": "cobblemonraiddens:cubchoo_terabug",
            "required": false
        },
        {
            "id": "cobblemonraiddens:cubchoo_teradark",
            "required": false
        },
        {
            "id": "cobblemonraiddens:cubchoo_teradragon",
            "required": false
        },
        {
            "id": "cobblemonraiddens:cubchoo_teraelectric",
            "required": false
        },
        {
            "id": "cobblemonraiddens:cubchoo_terafairy",
            "required": false
        },
        {
            "id": "cobblemonraiddens:cubchoo_terafighting",
            "required": false
        },
        {
            "id": "cobblemonraiddens:cubchoo_terafire",
            "required": false
        },
        {
            "id": "cobblemonraiddens:cubchoo_teraflying",
            "required": false
        },
        {
            "id": "cobblemonraiddens:cubchoo_teraghost",
            "required": false
        },
        {
            "id": "cobblemonraiddens:cubchoo_teragrass",
            "required": false
        },
        {
            "id": "cobblemonraiddens:cubchoo_teraground",
            "required": false
        },
        {
            "id": "cobblemonraiddens:cubchoo_teraice",
            "required": false
        },
        {
            "id": "cobblemonraiddens:cubchoo_teranormal",
            "required": false
        },
        {
            "id": "cobblemonraiddens:cubchoo_terapoison",
            "required": false
        },
        {
            "id": "cobblemonraiddens:cubchoo_terapsychic",
            "required": false
        },
        {
            "id": "cobblemonraiddens:cubchoo_terarock",
            "required": false
        },
        {
            "id": "cobblemonraiddens:cubchoo_terasteel",
            "required": false
        },
        {
            "id": "cobblemonraiddens:cubchoo_terawater",
            "required": false
        }
    ]
}