{
    "replace": false,
    "values": [
        {
            "id": "cobblemonraiddens:cubone_stellar",
            "required": false
        },
        {
            "id": "cobblemonraiddens:cubone_terabug",
            "required": false
        },
        {
            "id": "cobblemonraiddens:cubone_teradark",
            "required": false
        },
        {
            "id": "cobblemonraiddens:cubone_teradragon",
            "required": false
        },
        {
            "id": "cobblemonraiddens:cubone_teraelectric",
            "required": false
        },
        {
            "id": "cobblemonraiddens:cubone_terafairy",
            "required": false
        },
        {
            "id": "cobblemonraiddens:cubone_terafighting",
            "required": false
        },
        {
            "id": "cobblemonraiddens:cubone_terafire",
            "required": false
        },
        {
            "id": "cobblemonraiddens:cubone_teraflying",
            "required": false
        },
        {
            "id": "cobblemonraiddens:cubone_teraghost",
            "required": false
        },
        {
            "id": "cobblemonraiddens:cubone_teragrass",
            "required": false
        },
        {
            "id": "cobblemonraiddens:cubone_teraground",
            "required": false
        },
        {
            "id": "cobblemonraiddens:cubone_teraice",
            "required": false
        },
        {
            "id": "cobblemonraiddens:cubone_teranormal",
            "required": false
        },
        {
            "id": "cobblemonraiddens:cubone_terapoison",
            "required": false
        },
        {
            "id": "cobblemonraiddens:cubone_terapsychic",
            "required": false
        },
        {
            "id": "cobblemonraiddens:cubone_terarock",
            "required": false
        },
        {
            "id": "cobblemonraiddens:cubone_terasteel",
            "required": false
        },
        {
            "id": "cobblemonraiddens:cubone_terawater",
            "required": false
        }
    ]
}