{
    "replace": false,
    "values": [
        {
            "id": "cobblemonraiddens:cufant_stellar",
            "required": false
        },
        {
            "id": "cobblemonraiddens:cufant_terabug",
            "required": false
        },
        {
            "id": "cobblemonraiddens:cufant_teradark",
            "required": false
        },
        {
            "id": "cobblemonraiddens:cufant_teradragon",
            "required": false
        },
        {
            "id": "cobblemonraiddens:cufant_teraelectric",
            "required": false
        },
        {
            "id": "cobblemonraiddens:cufant_terafairy",
            "required": false
        },
        {
            "id": "cobblemonraiddens:cufant_terafighting",
            "required": false
        },
        {
            "id": "cobblemonraiddens:cufant_terafire",
            "required": false
        },
        {
            "id": "cobblemonraiddens:cufant_teraflying",
            "required": false
        },
        {
            "id": "cobblemonraiddens:cufant_teraghost",
            "required": false
        },
        {
            "id": "cobblemonraiddens:cufant_teragrass",
            "required": false
        },
        {
            "id": "cobblemonraiddens:cufant_teraground",
            "required": false
        },
        {
            "id": "cobblemonraiddens:cufant_teraice",
            "required": false
        },
        {
            "id": "cobblemonraiddens:cufant_teranormal",
            "required": false
        },
        {
            "id": "cobblemonraiddens:cufant_terapoison",
            "required": false
        },
        {
            "id": "cobblemonraiddens:cufant_terapsychic",
            "required": false
        },
        {
            "id": "cobblemonraiddens:cufant_terarock",
            "required": false
        },
        {
            "id": "cobblemonraiddens:cufant_terasteel",
            "required": false
        },
        {
            "id": "cobblemonraiddens:cufant_terawater",
            "required": false
        }
    ]
}