{
    "replace": false,
    "values": [
        {
            "id": "cobblemonraiddens:cursola_stellar",
            "required": false
        },
        {
            "id": "cobblemonraiddens:cursola_terabug",
            "required": false
        },
        {
            "id": "cobblemonraiddens:cursola_teradark",
            "required": false
        },
        {
            "id": "cobblemonraiddens:cursola_teradragon",
            "required": false
        },
        {
            "id": "cobblemonraiddens:cursola_teraelectric",
            "required": false
        },
        {
            "id": "cobblemonraiddens:cursola_terafairy",
            "required": false
        },
        {
            "id": "cobblemonraiddens:cursola_terafighting",
            "required": false
        },
        {
            "id": "cobblemonraiddens:cursola_terafire",
            "required": false
        },
        {
            "id": "cobblemonraiddens:cursola_teraflying",
            "required": false
        },
        {
            "id": "cobblemonraiddens:cursola_teraghost",
            "required": false
        },
        {
            "id": "cobblemonraiddens:cursola_teragrass",
            "required": false
        },
        {
            "id": "cobblemonraiddens:cursola_teraground",
            "required": false
        },
        {
            "id": "cobblemonraiddens:cursola_teraice",
            "required": false
        },
        {
            "id": "cobblemonraiddens:cursola_teranormal",
            "required": false
        },
        {
            "id": "cobblemonraiddens:cursola_terapoison",
            "required": false
        },
        {
            "id": "cobblemonraiddens:cursola_terapsychic",
            "required": false
        },
        {
            "id": "cobblemonraiddens:cursola_terarock",
            "required": false
        },
        {
            "id": "cobblemonraiddens:cursola_terasteel",
            "required": false
        },
        {
            "id": "cobblemonraiddens:cursola_terawater",
            "required": false
        }
    ]
}