{
    "replace": false,
    "values": [
        {
            "id": "cobblemonraiddens:cutiefly_stellar",
            "required": false
        },
        {
            "id": "cobblemonraiddens:cutiefly_terabug",
            "required": false
        },
        {
            "id": "cobblemonraiddens:cutiefly_teradark",
            "required": false
        },
        {
            "id": "cobblemonraiddens:cutiefly_teradragon",
            "required": false
        },
        {
            "id": "cobblemonraiddens:cutiefly_teraelectric",
            "required": false
        },
        {
            "id": "cobblemonraiddens:cutiefly_terafairy",
            "required": false
        },
        {
            "id": "cobblemonraiddens:cutiefly_terafighting",
            "required": false
        },
        {
            "id": "cobblemonraiddens:cutiefly_terafire",
            "required": false
        },
        {
            "id": "cobblemonraiddens:cutiefly_teraflying",
            "required": false
        },
        {
            "id": "cobblemonraiddens:cutiefly_teraghost",
            "required": false
        },
        {
            "id": "cobblemonraiddens:cutiefly_teragrass",
            "required": false
        },
        {
            "id": "cobblemonraiddens:cutiefly_teraground",
            "required": false
        },
        {
            "id": "cobblemonraiddens:cutiefly_teraice",
            "required": false
        },
        {
            "id": "cobblemonraiddens:cutiefly_teranormal",
            "required": false
        },
        {
            "id": "cobblemonraiddens:cutiefly_terapoison",
            "required": false
        },
        {
            "id": "cobblemonraiddens:cutiefly_terapsychic",
            "required": false
        },
        {
            "id": "cobblemonraiddens:cutiefly_terarock",
            "required": false
        },
        {
            "id": "cobblemonraiddens:cutiefly_terasteel",
            "required": false
        },
        {
            "id": "cobblemonraiddens:cutiefly_terawater",
            "required": false
        }
    ]
}