{
    "replace": false,
    "values": [
        {
            "id": "cobblemonraiddens:cyclizar_stellar",
            "required": false
        },
        {
            "id": "cobblemonraiddens:cyclizar_terabug",
            "required": false
        },
        {
            "id": "cobblemonraiddens:cyclizar_teradark",
            "required": false
        },
        {
            "id": "cobblemonraiddens:cyclizar_teradragon",
            "required": false
        },
        {
            "id": "cobblemonraiddens:cyclizar_teraelectric",
            "required": false
        },
        {
            "id": "cobblemonraiddens:cyclizar_terafairy",
            "required": false
        },
        {
            "id": "cobblemonraiddens:cyclizar_terafighting",
            "required": false
        },
        {
            "id": "cobblemonraiddens:cyclizar_terafire",
            "required": false
        },
        {
            "id": "cobblemonraiddens:cyclizar_teraflying",
            "required": false
        },
        {
            "id": "cobblemonraiddens:cyclizar_teraghost",
            "required": false
        },
        {
            "id": "cobblemonraiddens:cyclizar_teragrass",
            "required": false
        },
        {
            "id": "cobblemonraiddens:cyclizar_teraground",
            "required": false
        },
        {
            "id": "cobblemonraiddens:cyclizar_teraice",
            "required": false
        },
        {
            "id": "cobblemonraiddens:cyclizar_teranormal",
            "required": false
        },
        {
            "id": "cobblemonraiddens:cyclizar_terapoison",
            "required": false
        },
        {
            "id": "cobblemonraiddens:cyclizar_terapsychic",
            "required": false
        },
        {
            "id": "cobblemonraiddens:cyclizar_terarock",
            "required": false
        },
        {
            "id": "cobblemonraiddens:cyclizar_terasteel",
            "required": false
        },
        {
            "id": "cobblemonraiddens:cyclizar_terawater",
            "required": false
        }
    ]
}