{
    "replace": false,
    "values": [
        {
            "id": "cobblemonraiddens:cyndaquil_stellar",
            "required": false
        },
        {
            "id": "cobblemonraiddens:cyndaquil_terabug",
            "required": false
        },
        {
            "id": "cobblemonraiddens:cyndaquil_teradark",
            "required": false
        },
        {
            "id": "cobblemonraiddens:cyndaquil_teradragon",
            "required": false
        },
        {
            "id": "cobblemonraiddens:cyndaquil_teraelectric",
            "required": false
        },
        {
            "id": "cobblemonraiddens:cyndaquil_terafairy",
            "required": false
        },
        {
            "id": "cobblemonraiddens:cyndaquil_terafighting",
            "required": false
        },
        {
            "id": "cobblemonraiddens:cyndaquil_terafire",
            "required": false
        },
        {
            "id": "cobblemonraiddens:cyndaquil_teraflying",
            "required": false
        },
        {
            "id": "cobblemonraiddens:cyndaquil_teraghost",
            "required": false
        },
        {
            "id": "cobblemonraiddens:cyndaquil_teragrass",
            "required": false
        },
        {
            "id": "cobblemonraiddens:cyndaquil_teraground",
            "required": false
        },
        {
            "id": "cobblemonraiddens:cyndaquil_teraice",
            "required": false
        },
        {
            "id": "cobblemonraiddens:cyndaquil_teranormal",
            "required": false
        },
        {
            "id": "cobblemonraiddens:cyndaquil_terapoison",
            "required": false
        },
        {
            "id": "cobblemonraiddens:cyndaquil_terapsychic",
            "required": false
        },
        {
            "id": "cobblemonraiddens:cyndaquil_terarock",
            "required": false
        },
        {
            "id": "cobblemonraiddens:cyndaquil_terasteel",
            "required": false
        },
        {
            "id": "cobblemonraiddens:cyndaquil_terawater",
            "required": false
        }
    ]
}