{
    "replace": false,
    "values": [
        {
            "id": "cobblemonraiddens:dachsbun_stellar",
            "required": false
        },
        {
            "id": "cobblemonraiddens:dachsbun_terabug",
            "required": false
        },
        {
            "id": "cobblemonraiddens:dachsbun_teradark",
            "required": false
        },
        {
            "id": "cobblemonraiddens:dachsbun_teradragon",
            "required": false
        },
        {
            "id": "cobblemonraiddens:dachsbun_teraelectric",
            "required": false
        },
        {
            "id": "cobblemonraiddens:dachsbun_terafairy",
            "required": false
        },
        {
            "id": "cobblemonraiddens:dachsbun_terafighting",
            "required": false
        },
        {
            "id": "cobblemonraiddens:dachsbun_terafire",
            "required": false
        },
        {
            "id": "cobblemonraiddens:dachsbun_teraflying",
            "required": false
        },
        {
            "id": "cobblemonraiddens:dachsbun_teraghost",
            "required": false
        },
        {
            "id": "cobblemonraiddens:dachsbun_teragrass",
            "required": false
        },
        {
            "id": "cobblemonraiddens:dachsbun_teraground",
            "required": false
        },
        {
            "id": "cobblemonraiddens:dachsbun_teraice",
            "required": false
        },
        {
            "id": "cobblemonraiddens:dachsbun_teranormal",
            "required": false
        },
        {
            "id": "cobblemonraiddens:dachsbun_terapoison",
            "required": false
        },
        {
            "id": "cobblemonraiddens:dachsbun_terapsychic",
            "required": false
        },
        {
            "id": "cobblemonraiddens:dachsbun_terarock",
            "required": false
        },
        {
            "id": "cobblemonraiddens:dachsbun_terasteel",
            "required": false
        },
        {
            "id": "cobblemonraiddens:dachsbun_terawater",
            "required": false
        }
    ]
}