{
    "replace": false,
    "values": [
        {
            "id": "cobblemonraiddens:darkrai_stellar",
            "required": false
        },
        {
            "id": "cobblemonraiddens:darkrai_terabug",
            "required": false
        },
        {
            "id": "cobblemonraiddens:darkrai_teradark",
            "required": false
        },
        {
            "id": "cobblemonraiddens:darkrai_teradragon",
            "required": false
        },
        {
            "id": "cobblemonraiddens:darkrai_teraelectric",
            "required": false
        },
        {
            "id": "cobblemonraiddens:darkrai_terafairy",
            "required": false
        },
        {
            "id": "cobblemonraiddens:darkrai_terafighting",
            "required": false
        },
        {
            "id": "cobblemonraiddens:darkrai_terafire",
            "required": false
        },
        {
            "id": "cobblemonraiddens:darkrai_teraflying",
            "required": false
        },
        {
            "id": "cobblemonraiddens:darkrai_teraghost",
            "required": false
        },
        {
            "id": "cobblemonraiddens:darkrai_teragrass",
            "required": false
        },
        {
            "id": "cobblemonraiddens:darkrai_teraground",
            "required": false
        },
        {
            "id": "cobblemonraiddens:darkrai_teraice",
            "required": false
        },
        {
            "id": "cobblemonraiddens:darkrai_teranormal",
            "required": false
        },
        {
            "id": "cobblemonraiddens:darkrai_terapoison",
            "required": false
        },
        {
            "id": "cobblemonraiddens:darkrai_terapsychic",
            "required": false
        },
        {
            "id": "cobblemonraiddens:darkrai_terarock",
            "required": false
        },
        {
            "id": "cobblemonraiddens:darkrai_terasteel",
            "required": false
        },
        {
            "id": "cobblemonraiddens:darkrai_terawater",
            "required": false
        }
    ]
}