{
    "replace": false,
    "values": [
        {
            "id": "cobblemonraiddens:darmanitan_stellar",
            "required": false
        },
        {
            "id": "cobblemonraiddens:darmanitan_terabug",
            "required": false
        },
        {
            "id": "cobblemonraiddens:darmanitan_teradark",
            "required": false
        },
        {
            "id": "cobblemonraiddens:darmanitan_teradragon",
            "required": false
        },
        {
            "id": "cobblemonraiddens:darmanitan_teraelectric",
            "required": false
        },
        {
            "id": "cobblemonraiddens:darmanitan_terafairy",
            "required": false
        },
        {
            "id": "cobblemonraiddens:darmanitan_terafighting",
            "required": false
        },
        {
            "id": "cobblemonraiddens:darmanitan_terafire",
            "required": false
        },
        {
            "id": "cobblemonraiddens:darmanitan_teraflying",
            "required": false
        },
        {
            "id": "cobblemonraiddens:darmanitan_teraghost",
            "required": false
        },
        {
            "id": "cobblemonraiddens:darmanitan_teragrass",
            "required": false
        },
        {
            "id": "cobblemonraiddens:darmanitan_teraground",
            "required": false
        },
        {
            "id": "cobblemonraiddens:darmanitan_teraice",
            "required": false
        },
        {
            "id": "cobblemonraiddens:darmanitan_teranormal",
            "required": false
        },
        {
            "id": "cobblemonraiddens:darmanitan_terapoison",
            "required": false
        },
        {
            "id": "cobblemonraiddens:darmanitan_terapsychic",
            "required": false
        },
        {
            "id": "cobblemonraiddens:darmanitan_terarock",
            "required": false
        },
        {
            "id": "cobblemonraiddens:darmanitan_terasteel",
            "required": false
        },
        {
            "id": "cobblemonraiddens:darmanitan_terawater",
            "required": false
        }
    ]
}