{
    "replace": false,
    "values": [
        {
            "id": "cobblemonraiddens:darmanitan_galarian_stellar",
            "required": false
        },
        {
            "id": "cobblemonraiddens:darmanitan_galarian_terabug",
            "required": false
        },
        {
            "id": "cobblemonraiddens:darmanitan_galarian_teradark",
            "required": false
        },
        {
            "id": "cobblemonraiddens:darmanitan_galarian_teradragon",
            "required": false
        },
        {
            "id": "cobblemonraiddens:darmanitan_galarian_teraelectric",
            "required": false
        },
        {
            "id": "cobblemonraiddens:darmanitan_galarian_terafairy",
            "required": false
        },
        {
            "id": "cobblemonraiddens:darmanitan_galarian_terafighting",
            "required": false
        },
        {
            "id": "cobblemonraiddens:darmanitan_galarian_terafire",
            "required": false
        },
        {
            "id": "cobblemonraiddens:darmanitan_galarian_teraflying",
            "required": false
        },
        {
            "id": "cobblemonraiddens:darmanitan_galarian_teraghost",
            "required": false
        },
        {
            "id": "cobblemonraiddens:darmanitan_galarian_teragrass",
            "required": false
        },
        {
            "id": "cobblemonraiddens:darmanitan_galarian_teraground",
            "required": false
        },
        {
            "id": "cobblemonraiddens:darmanitan_galarian_teraice",
            "required": false
        },
        {
            "id": "cobblemonraiddens:darmanitan_galarian_teranormal",
            "required": false
        },
        {
            "id": "cobblemonraiddens:darmanitan_galarian_terapoison",
            "required": false
        },
        {
            "id": "cobblemonraiddens:darmanitan_galarian_terapsychic",
            "required": false
        },
        {
            "id": "cobblemonraiddens:darmanitan_galarian_terarock",
            "required": false
        },
        {
            "id": "cobblemonraiddens:darmanitan_galarian_terasteel",
            "required": false
        },
        {
            "id": "cobblemonraiddens:darmanitan_galarian_terawater",
            "required": false
        }
    ]
}