{
    "replace": false,
    "values": [
        {
            "id": "cobblemonraiddens:dartrix_stellar",
            "required": false
        },
        {
            "id": "cobblemonraiddens:dartrix_terabug",
            "required": false
        },
        {
            "id": "cobblemonraiddens:dartrix_teradark",
            "required": false
        },
        {
            "id": "cobblemonraiddens:dartrix_teradragon",
            "required": false
        },
        {
            "id": "cobblemonraiddens:dartrix_teraelectric",
            "required": false
        },
        {
            "id": "cobblemonraiddens:dartrix_terafairy",
            "required": false
        },
        {
            "id": "cobblemonraiddens:dartrix_terafighting",
            "required": false
        },
        {
            "id": "cobblemonraiddens:dartrix_terafire",
            "required": false
        },
        {
            "id": "cobblemonraiddens:dartrix_teraflying",
            "required": false
        },
        {
            "id": "cobblemonraiddens:dartrix_teraghost",
            "required": false
        },
        {
            "id": "cobblemonraiddens:dartrix_teragrass",
            "required": false
        },
        {
            "id": "cobblemonraiddens:dartrix_teraground",
            "required": false
        },
        {
            "id": "cobblemonraiddens:dartrix_teraice",
            "required": false
        },
        {
            "id": "cobblemonraiddens:dartrix_teranormal",
            "required": false
        },
        {
            "id": "cobblemonraiddens:dartrix_terapoison",
            "required": false
        },
        {
            "id": "cobblemonraiddens:dartrix_terapsychic",
            "required": false
        },
        {
            "id": "cobblemonraiddens:dartrix_terarock",
            "required": false
        },
        {
            "id": "cobblemonraiddens:dartrix_terasteel",
            "required": false
        },
        {
            "id": "cobblemonraiddens:dartrix_terawater",
            "required": false
        }
    ]
}