{
    "replace": false,
    "values": [
        {
            "id": "cobblemonraiddens:darumaka_stellar",
            "required": false
        },
        {
            "id": "cobblemonraiddens:darumaka_terabug",
            "required": false
        },
        {
            "id": "cobblemonraiddens:darumaka_teradark",
            "required": false
        },
        {
            "id": "cobblemonraiddens:darumaka_teradragon",
            "required": false
        },
        {
            "id": "cobblemonraiddens:darumaka_teraelectric",
            "required": false
        },
        {
            "id": "cobblemonraiddens:darumaka_terafairy",
            "required": false
        },
        {
            "id": "cobblemonraiddens:darumaka_terafighting",
            "required": false
        },
        {
            "id": "cobblemonraiddens:darumaka_terafire",
            "required": false
        },
        {
            "id": "cobblemonraiddens:darumaka_teraflying",
            "required": false
        },
        {
            "id": "cobblemonraiddens:darumaka_teraghost",
            "required": false
        },
        {
            "id": "cobblemonraiddens:darumaka_teragrass",
            "required": false
        },
        {
            "id": "cobblemonraiddens:darumaka_teraground",
            "required": false
        },
        {
            "id": "cobblemonraiddens:darumaka_teraice",
            "required": false
        },
        {
            "id": "cobblemonraiddens:darumaka_teranormal",
            "required": false
        },
        {
            "id": "cobblemonraiddens:darumaka_terapoison",
            "required": false
        },
        {
            "id": "cobblemonraiddens:darumaka_terapsychic",
            "required": false
        },
        {
            "id": "cobblemonraiddens:darumaka_terarock",
            "required": false
        },
        {
            "id": "cobblemonraiddens:darumaka_terasteel",
            "required": false
        },
        {
            "id": "cobblemonraiddens:darumaka_terawater",
            "required": false
        }
    ]
}