{
    "replace": false,
    "values": [
        {
            "id": "cobblemonraiddens:decidueye_stellar",
            "required": false
        },
        {
            "id": "cobblemonraiddens:decidueye_terabug",
            "required": false
        },
        {
            "id": "cobblemonraiddens:decidueye_teradark",
            "required": false
        },
        {
            "id": "cobblemonraiddens:decidueye_teradragon",
            "required": false
        },
        {
            "id": "cobblemonraiddens:decidueye_teraelectric",
            "required": false
        },
        {
            "id": "cobblemonraiddens:decidueye_terafairy",
            "required": false
        },
        {
            "id": "cobblemonraiddens:decidueye_terafighting",
            "required": false
        },
        {
            "id": "cobblemonraiddens:decidueye_terafire",
            "required": false
        },
        {
            "id": "cobblemonraiddens:decidueye_teraflying",
            "required": false
        },
        {
            "id": "cobblemonraiddens:decidueye_teraghost",
            "required": false
        },
        {
            "id": "cobblemonraiddens:decidueye_teragrass",
            "required": false
        },
        {
            "id": "cobblemonraiddens:decidueye_teraground",
            "required": false
        },
        {
            "id": "cobblemonraiddens:decidueye_teraice",
            "required": false
        },
        {
            "id": "cobblemonraiddens:decidueye_teranormal",
            "required": false
        },
        {
            "id": "cobblemonraiddens:decidueye_terapoison",
            "required": false
        },
        {
            "id": "cobblemonraiddens:decidueye_terapsychic",
            "required": false
        },
        {
            "id": "cobblemonraiddens:decidueye_terarock",
            "required": false
        },
        {
            "id": "cobblemonraiddens:decidueye_terasteel",
            "required": false
        },
        {
            "id": "cobblemonraiddens:decidueye_terawater",
            "required": false
        }
    ]
}