{
    "replace": false,
    "values": [
        {
            "id": "cobblemonraiddens:dedenne_stellar",
            "required": false
        },
        {
            "id": "cobblemonraiddens:dedenne_terabug",
            "required": false
        },
        {
            "id": "cobblemonraiddens:dedenne_teradark",
            "required": false
        },
        {
            "id": "cobblemonraiddens:dedenne_teradragon",
            "required": false
        },
        {
            "id": "cobblemonraiddens:dedenne_teraelectric",
            "required": false
        },
        {
            "id": "cobblemonraiddens:dedenne_terafairy",
            "required": false
        },
        {
            "id": "cobblemonraiddens:dedenne_terafighting",
            "required": false
        },
        {
            "id": "cobblemonraiddens:dedenne_terafire",
            "required": false
        },
        {
            "id": "cobblemonraiddens:dedenne_teraflying",
            "required": false
        },
        {
            "id": "cobblemonraiddens:dedenne_teraghost",
            "required": false
        },
        {
            "id": "cobblemonraiddens:dedenne_teragrass",
            "required": false
        },
        {
            "id": "cobblemonraiddens:dedenne_teraground",
            "required": false
        },
        {
            "id": "cobblemonraiddens:dedenne_teraice",
            "required": false
        },
        {
            "id": "cobblemonraiddens:dedenne_teranormal",
            "required": false
        },
        {
            "id": "cobblemonraiddens:dedenne_terapoison",
            "required": false
        },
        {
            "id": "cobblemonraiddens:dedenne_terapsychic",
            "required": false
        },
        {
            "id": "cobblemonraiddens:dedenne_terarock",
            "required": false
        },
        {
            "id": "cobblemonraiddens:dedenne_terasteel",
            "required": false
        },
        {
            "id": "cobblemonraiddens:dedenne_terawater",
            "required": false
        }
    ]
}