{
    "replace": false,
    "values": [
        {
            "id": "cobblemonraiddens:deerling_stellar",
            "required": false
        },
        {
            "id": "cobblemonraiddens:deerling_terabug",
            "required": false
        },
        {
            "id": "cobblemonraiddens:deerling_teradark",
            "required": false
        },
        {
            "id": "cobblemonraiddens:deerling_teradragon",
            "required": false
        },
        {
            "id": "cobblemonraiddens:deerling_teraelectric",
            "required": false
        },
        {
            "id": "cobblemonraiddens:deerling_terafairy",
            "required": false
        },
        {
            "id": "cobblemonraiddens:deerling_terafighting",
            "required": false
        },
        {
            "id": "cobblemonraiddens:deerling_terafire",
            "required": false
        },
        {
            "id": "cobblemonraiddens:deerling_teraflying",
            "required": false
        },
        {
            "id": "cobblemonraiddens:deerling_teraghost",
            "required": false
        },
        {
            "id": "cobblemonraiddens:deerling_teragrass",
            "required": false
        },
        {
            "id": "cobblemonraiddens:deerling_teraground",
            "required": false
        },
        {
            "id": "cobblemonraiddens:deerling_teraice",
            "required": false
        },
        {
            "id": "cobblemonraiddens:deerling_teranormal",
            "required": false
        },
        {
            "id": "cobblemonraiddens:deerling_terapoison",
            "required": false
        },
        {
            "id": "cobblemonraiddens:deerling_terapsychic",
            "required": false
        },
        {
            "id": "cobblemonraiddens:deerling_terarock",
            "required": false
        },
        {
            "id": "cobblemonraiddens:deerling_terasteel",
            "required": false
        },
        {
            "id": "cobblemonraiddens:deerling_terawater",
            "required": false
        }
    ]
}