{
    "replace": false,
    "values": [
        {
            "id": "cobblemonraiddens:deino_stellar",
            "required": false
        },
        {
            "id": "cobblemonraiddens:deino_terabug",
            "required": false
        },
        {
            "id": "cobblemonraiddens:deino_teradark",
            "required": false
        },
        {
            "id": "cobblemonraiddens:deino_teradragon",
            "required": false
        },
        {
            "id": "cobblemonraiddens:deino_teraelectric",
            "required": false
        },
        {
            "id": "cobblemonraiddens:deino_terafairy",
            "required": false
        },
        {
            "id": "cobblemonraiddens:deino_terafighting",
            "required": false
        },
        {
            "id": "cobblemonraiddens:deino_terafire",
            "required": false
        },
        {
            "id": "cobblemonraiddens:deino_teraflying",
            "required": false
        },
        {
            "id": "cobblemonraiddens:deino_teraghost",
            "required": false
        },
        {
            "id": "cobblemonraiddens:deino_teragrass",
            "required": false
        },
        {
            "id": "cobblemonraiddens:deino_teraground",
            "required": false
        },
        {
            "id": "cobblemonraiddens:deino_teraice",
            "required": false
        },
        {
            "id": "cobblemonraiddens:deino_teranormal",
            "required": false
        },
        {
            "id": "cobblemonraiddens:deino_terapoison",
            "required": false
        },
        {
            "id": "cobblemonraiddens:deino_terapsychic",
            "required": false
        },
        {
            "id": "cobblemonraiddens:deino_terarock",
            "required": false
        },
        {
            "id": "cobblemonraiddens:deino_terasteel",
            "required": false
        },
        {
            "id": "cobblemonraiddens:deino_terawater",
            "required": false
        }
    ]
}