{
    "replace": false,
    "values": [
        {
            "id": "cobblemonraiddens:delcatty_stellar",
            "required": false
        },
        {
            "id": "cobblemonraiddens:delcatty_terabug",
            "required": false
        },
        {
            "id": "cobblemonraiddens:delcatty_teradark",
            "required": false
        },
        {
            "id": "cobblemonraiddens:delcatty_teradragon",
            "required": false
        },
        {
            "id": "cobblemonraiddens:delcatty_teraelectric",
            "required": false
        },
        {
            "id": "cobblemonraiddens:delcatty_terafairy",
            "required": false
        },
        {
            "id": "cobblemonraiddens:delcatty_terafighting",
            "required": false
        },
        {
            "id": "cobblemonraiddens:delcatty_terafire",
            "required": false
        },
        {
            "id": "cobblemonraiddens:delcatty_teraflying",
            "required": false
        },
        {
            "id": "cobblemonraiddens:delcatty_teraghost",
            "required": false
        },
        {
            "id": "cobblemonraiddens:delcatty_teragrass",
            "required": false
        },
        {
            "id": "cobblemonraiddens:delcatty_teraground",
            "required": false
        },
        {
            "id": "cobblemonraiddens:delcatty_teraice",
            "required": false
        },
        {
            "id": "cobblemonraiddens:delcatty_teranormal",
            "required": false
        },
        {
            "id": "cobblemonraiddens:delcatty_terapoison",
            "required": false
        },
        {
            "id": "cobblemonraiddens:delcatty_terapsychic",
            "required": false
        },
        {
            "id": "cobblemonraiddens:delcatty_terarock",
            "required": false
        },
        {
            "id": "cobblemonraiddens:delcatty_terasteel",
            "required": false
        },
        {
            "id": "cobblemonraiddens:delcatty_terawater",
            "required": false
        }
    ]
}