{
    "replace": false,
    "values": [
        {
            "id": "cobblemonraiddens:delibird_stellar",
            "required": false
        },
        {
            "id": "cobblemonraiddens:delibird_terabug",
            "required": false
        },
        {
            "id": "cobblemonraiddens:delibird_teradark",
            "required": false
        },
        {
            "id": "cobblemonraiddens:delibird_teradragon",
            "required": false
        },
        {
            "id": "cobblemonraiddens:delibird_teraelectric",
            "required": false
        },
        {
            "id": "cobblemonraiddens:delibird_terafairy",
            "required": false
        },
        {
            "id": "cobblemonraiddens:delibird_terafighting",
            "required": false
        },
        {
            "id": "cobblemonraiddens:delibird_terafire",
            "required": false
        },
        {
            "id": "cobblemonraiddens:delibird_teraflying",
            "required": false
        },
        {
            "id": "cobblemonraiddens:delibird_teraghost",
            "required": false
        },
        {
            "id": "cobblemonraiddens:delibird_teragrass",
            "required": false
        },
        {
            "id": "cobblemonraiddens:delibird_teraground",
            "required": false
        },
        {
            "id": "cobblemonraiddens:delibird_teraice",
            "required": false
        },
        {
            "id": "cobblemonraiddens:delibird_teranormal",
            "required": false
        },
        {
            "id": "cobblemonraiddens:delibird_terapoison",
            "required": false
        },
        {
            "id": "cobblemonraiddens:delibird_terapsychic",
            "required": false
        },
        {
            "id": "cobblemonraiddens:delibird_terarock",
            "required": false
        },
        {
            "id": "cobblemonraiddens:delibird_terasteel",
            "required": false
        },
        {
            "id": "cobblemonraiddens:delibird_terawater",
            "required": false
        }
    ]
}