{
    "replace": false,
    "values": [
        {
            "id": "cobblemonraiddens:delphox_stellar",
            "required": false
        },
        {
            "id": "cobblemonraiddens:delphox_terabug",
            "required": false
        },
        {
            "id": "cobblemonraiddens:delphox_teradark",
            "required": false
        },
        {
            "id": "cobblemonraiddens:delphox_teradragon",
            "required": false
        },
        {
            "id": "cobblemonraiddens:delphox_teraelectric",
            "required": false
        },
        {
            "id": "cobblemonraiddens:delphox_terafairy",
            "required": false
        },
        {
            "id": "cobblemonraiddens:delphox_terafighting",
            "required": false
        },
        {
            "id": "cobblemonraiddens:delphox_terafire",
            "required": false
        },
        {
            "id": "cobblemonraiddens:delphox_teraflying",
            "required": false
        },
        {
            "id": "cobblemonraiddens:delphox_teraghost",
            "required": false
        },
        {
            "id": "cobblemonraiddens:delphox_teragrass",
            "required": false
        },
        {
            "id": "cobblemonraiddens:delphox_teraground",
            "required": false
        },
        {
            "id": "cobblemonraiddens:delphox_teraice",
            "required": false
        },
        {
            "id": "cobblemonraiddens:delphox_teranormal",
            "required": false
        },
        {
            "id": "cobblemonraiddens:delphox_terapoison",
            "required": false
        },
        {
            "id": "cobblemonraiddens:delphox_terapsychic",
            "required": false
        },
        {
            "id": "cobblemonraiddens:delphox_terarock",
            "required": false
        },
        {
            "id": "cobblemonraiddens:delphox_terasteel",
            "required": false
        },
        {
            "id": "cobblemonraiddens:delphox_terawater",
            "required": false
        }
    ]
}