{
    "replace": false,
    "values": [
        {
            "id": "cobblemonraiddens:deoxys_speed_stellar",
            "required": false
        },
        {
            "id": "cobblemonraiddens:deoxys_speed_terabug",
            "required": false
        },
        {
            "id": "cobblemonraiddens:deoxys_speed_teradark",
            "required": false
        },
        {
            "id": "cobblemonraiddens:deoxys_speed_teradragon",
            "required": false
        },
        {
            "id": "cobblemonraiddens:deoxys_speed_teraelectric",
            "required": false
        },
        {
            "id": "cobblemonraiddens:deoxys_speed_terafairy",
            "required": false
        },
        {
            "id": "cobblemonraiddens:deoxys_speed_terafighting",
            "required": false
        },
        {
            "id": "cobblemonraiddens:deoxys_speed_terafire",
            "required": false
        },
        {
            "id": "cobblemonraiddens:deoxys_speed_teraflying",
            "required": false
        },
        {
            "id": "cobblemonraiddens:deoxys_speed_teraghost",
            "required": false
        },
        {
            "id": "cobblemonraiddens:deoxys_speed_teragrass",
            "required": false
        },
        {
            "id": "cobblemonraiddens:deoxys_speed_teraground",
            "required": false
        },
        {
            "id": "cobblemonraiddens:deoxys_speed_teraice",
            "required": false
        },
        {
            "id": "cobblemonraiddens:deoxys_speed_teranormal",
            "required": false
        },
        {
            "id": "cobblemonraiddens:deoxys_speed_terapoison",
            "required": false
        },
        {
            "id": "cobblemonraiddens:deoxys_speed_terapsychic",
            "required": false
        },
        {
            "id": "cobblemonraiddens:deoxys_speed_terarock",
            "required": false
        },
        {
            "id": "cobblemonraiddens:deoxys_speed_terasteel",
            "required": false
        },
        {
            "id": "cobblemonraiddens:deoxys_speed_terawater",
            "required": false
        }
    ]
}