{
    "replace": false,
    "values": [
        {
            "id": "cobblemonraiddens:deoxys_attack_stellar",
            "required": false
        },
        {
            "id": "cobblemonraiddens:deoxys_attack_terabug",
            "required": false
        },
        {
            "id": "cobblemonraiddens:deoxys_attack_teradark",
            "required": false
        },
        {
            "id": "cobblemonraiddens:deoxys_attack_teradragon",
            "required": false
        },
        {
            "id": "cobblemonraiddens:deoxys_attack_teraelectric",
            "required": false
        },
        {
            "id": "cobblemonraiddens:deoxys_attack_terafairy",
            "required": false
        },
        {
            "id": "cobblemonraiddens:deoxys_attack_terafighting",
            "required": false
        },
        {
            "id": "cobblemonraiddens:deoxys_attack_terafire",
            "required": false
        },
        {
            "id": "cobblemonraiddens:deoxys_attack_teraflying",
            "required": false
        },
        {
            "id": "cobblemonraiddens:deoxys_attack_teraghost",
            "required": false
        },
        {
            "id": "cobblemonraiddens:deoxys_attack_teragrass",
            "required": false
        },
        {
            "id": "cobblemonraiddens:deoxys_attack_teraground",
            "required": false
        },
        {
            "id": "cobblemonraiddens:deoxys_attack_teraice",
            "required": false
        },
        {
            "id": "cobblemonraiddens:deoxys_attack_teranormal",
            "required": false
        },
        {
            "id": "cobblemonraiddens:deoxys_attack_terapoison",
            "required": false
        },
        {
            "id": "cobblemonraiddens:deoxys_attack_terapsychic",
            "required": false
        },
        {
            "id": "cobblemonraiddens:deoxys_attack_terarock",
            "required": false
        },
        {
            "id": "cobblemonraiddens:deoxys_attack_terasteel",
            "required": false
        },
        {
            "id": "cobblemonraiddens:deoxys_attack_terawater",
            "required": false
        }
    ]
}