{
    "replace": false,
    "values": [
        {
            "id": "cobblemonraiddens:deoxys_defense_stellar",
            "required": false
        },
        {
            "id": "cobblemonraiddens:deoxys_defense_terabug",
            "required": false
        },
        {
            "id": "cobblemonraiddens:deoxys_defense_teradark",
            "required": false
        },
        {
            "id": "cobblemonraiddens:deoxys_defense_teradragon",
            "required": false
        },
        {
            "id": "cobblemonraiddens:deoxys_defense_teraelectric",
            "required": false
        },
        {
            "id": "cobblemonraiddens:deoxys_defense_terafairy",
            "required": false
        },
        {
            "id": "cobblemonraiddens:deoxys_defense_terafighting",
            "required": false
        },
        {
            "id": "cobblemonraiddens:deoxys_defense_terafire",
            "required": false
        },
        {
            "id": "cobblemonraiddens:deoxys_defense_teraflying",
            "required": false
        },
        {
            "id": "cobblemonraiddens:deoxys_defense_teraghost",
            "required": false
        },
        {
            "id": "cobblemonraiddens:deoxys_defense_teragrass",
            "required": false
        },
        {
            "id": "cobblemonraiddens:deoxys_defense_teraground",
            "required": false
        },
        {
            "id": "cobblemonraiddens:deoxys_defense_teraice",
            "required": false
        },
        {
            "id": "cobblemonraiddens:deoxys_defense_teranormal",
            "required": false
        },
        {
            "id": "cobblemonraiddens:deoxys_defense_terapoison",
            "required": false
        },
        {
            "id": "cobblemonraiddens:deoxys_defense_terapsychic",
            "required": false
        },
        {
            "id": "cobblemonraiddens:deoxys_defense_terarock",
            "required": false
        },
        {
            "id": "cobblemonraiddens:deoxys_defense_terasteel",
            "required": false
        },
        {
            "id": "cobblemonraiddens:deoxys_defense_terawater",
            "required": false
        }
    ]
}