{
    "replace": false,
    "values": [
        {
            "id": "cobblemonraiddens:deoxys_normal_stellar",
            "required": false
        },
        {
            "id": "cobblemonraiddens:deoxys_normal_terabug",
            "required": false
        },
        {
            "id": "cobblemonraiddens:deoxys_normal_teradark",
            "required": false
        },
        {
            "id": "cobblemonraiddens:deoxys_normal_teradragon",
            "required": false
        },
        {
            "id": "cobblemonraiddens:deoxys_normal_teraelectric",
            "required": false
        },
        {
            "id": "cobblemonraiddens:deoxys_normal_terafairy",
            "required": false
        },
        {
            "id": "cobblemonraiddens:deoxys_normal_terafighting",
            "required": false
        },
        {
            "id": "cobblemonraiddens:deoxys_normal_terafire",
            "required": false
        },
        {
            "id": "cobblemonraiddens:deoxys_normal_teraflying",
            "required": false
        },
        {
            "id": "cobblemonraiddens:deoxys_normal_teraghost",
            "required": false
        },
        {
            "id": "cobblemonraiddens:deoxys_normal_teragrass",
            "required": false
        },
        {
            "id": "cobblemonraiddens:deoxys_normal_teraground",
            "required": false
        },
        {
            "id": "cobblemonraiddens:deoxys_normal_teraice",
            "required": false
        },
        {
            "id": "cobblemonraiddens:deoxys_normal_teranormal",
            "required": false
        },
        {
            "id": "cobblemonraiddens:deoxys_normal_terapoison",
            "required": false
        },
        {
            "id": "cobblemonraiddens:deoxys_normal_terapsychic",
            "required": false
        },
        {
            "id": "cobblemonraiddens:deoxys_normal_terarock",
            "required": false
        },
        {
            "id": "cobblemonraiddens:deoxys_normal_terasteel",
            "required": false
        },
        {
            "id": "cobblemonraiddens:deoxys_normal_terawater",
            "required": false
        }
    ]
}