{
    "replace": false,
    "values": [
        {
            "id": "cobblemonraiddens:dewgong_stellar",
            "required": false
        },
        {
            "id": "cobblemonraiddens:dewgong_terabug",
            "required": false
        },
        {
            "id": "cobblemonraiddens:dewgong_teradark",
            "required": false
        },
        {
            "id": "cobblemonraiddens:dewgong_teradragon",
            "required": false
        },
        {
            "id": "cobblemonraiddens:dewgong_teraelectric",
            "required": false
        },
        {
            "id": "cobblemonraiddens:dewgong_terafairy",
            "required": false
        },
        {
            "id": "cobblemonraiddens:dewgong_terafighting",
            "required": false
        },
        {
            "id": "cobblemonraiddens:dewgong_terafire",
            "required": false
        },
        {
            "id": "cobblemonraiddens:dewgong_teraflying",
            "required": false
        },
        {
            "id": "cobblemonraiddens:dewgong_teraghost",
            "required": false
        },
        {
            "id": "cobblemonraiddens:dewgong_teragrass",
            "required": false
        },
        {
            "id": "cobblemonraiddens:dewgong_teraground",
            "required": false
        },
        {
            "id": "cobblemonraiddens:dewgong_teraice",
            "required": false
        },
        {
            "id": "cobblemonraiddens:dewgong_teranormal",
            "required": false
        },
        {
            "id": "cobblemonraiddens:dewgong_terapoison",
            "required": false
        },
        {
            "id": "cobblemonraiddens:dewgong_terapsychic",
            "required": false
        },
        {
            "id": "cobblemonraiddens:dewgong_terarock",
            "required": false
        },
        {
            "id": "cobblemonraiddens:dewgong_terasteel",
            "required": false
        },
        {
            "id": "cobblemonraiddens:dewgong_terawater",
            "required": false
        }
    ]
}