{
    "replace": false,
    "values": [
        {
            "id": "cobblemonraiddens:dewott_stellar",
            "required": false
        },
        {
            "id": "cobblemonraiddens:dewott_terabug",
            "required": false
        },
        {
            "id": "cobblemonraiddens:dewott_teradark",
            "required": false
        },
        {
            "id": "cobblemonraiddens:dewott_teradragon",
            "required": false
        },
        {
            "id": "cobblemonraiddens:dewott_teraelectric",
            "required": false
        },
        {
            "id": "cobblemonraiddens:dewott_terafairy",
            "required": false
        },
        {
            "id": "cobblemonraiddens:dewott_terafighting",
            "required": false
        },
        {
            "id": "cobblemonraiddens:dewott_terafire",
            "required": false
        },
        {
            "id": "cobblemonraiddens:dewott_teraflying",
            "required": false
        },
        {
            "id": "cobblemonraiddens:dewott_teraghost",
            "required": false
        },
        {
            "id": "cobblemonraiddens:dewott_teragrass",
            "required": false
        },
        {
            "id": "cobblemonraiddens:dewott_teraground",
            "required": false
        },
        {
            "id": "cobblemonraiddens:dewott_teraice",
            "required": false
        },
        {
            "id": "cobblemonraiddens:dewott_teranormal",
            "required": false
        },
        {
            "id": "cobblemonraiddens:dewott_terapoison",
            "required": false
        },
        {
            "id": "cobblemonraiddens:dewott_terapsychic",
            "required": false
        },
        {
            "id": "cobblemonraiddens:dewott_terarock",
            "required": false
        },
        {
            "id": "cobblemonraiddens:dewott_terasteel",
            "required": false
        },
        {
            "id": "cobblemonraiddens:dewott_terawater",
            "required": false
        }
    ]
}