{
    "replace": false,
    "values": [
        {
            "id": "cobblemonraiddens:dewpider_stellar",
            "required": false
        },
        {
            "id": "cobblemonraiddens:dewpider_terabug",
            "required": false
        },
        {
            "id": "cobblemonraiddens:dewpider_teradark",
            "required": false
        },
        {
            "id": "cobblemonraiddens:dewpider_teradragon",
            "required": false
        },
        {
            "id": "cobblemonraiddens:dewpider_teraelectric",
            "required": false
        },
        {
            "id": "cobblemonraiddens:dewpider_terafairy",
            "required": false
        },
        {
            "id": "cobblemonraiddens:dewpider_terafighting",
            "required": false
        },
        {
            "id": "cobblemonraiddens:dewpider_terafire",
            "required": false
        },
        {
            "id": "cobblemonraiddens:dewpider_teraflying",
            "required": false
        },
        {
            "id": "cobblemonraiddens:dewpider_teraghost",
            "required": false
        },
        {
            "id": "cobblemonraiddens:dewpider_teragrass",
            "required": false
        },
        {
            "id": "cobblemonraiddens:dewpider_teraground",
            "required": false
        },
        {
            "id": "cobblemonraiddens:dewpider_teraice",
            "required": false
        },
        {
            "id": "cobblemonraiddens:dewpider_teranormal",
            "required": false
        },
        {
            "id": "cobblemonraiddens:dewpider_terapoison",
            "required": false
        },
        {
            "id": "cobblemonraiddens:dewpider_terapsychic",
            "required": false
        },
        {
            "id": "cobblemonraiddens:dewpider_terarock",
            "required": false
        },
        {
            "id": "cobblemonraiddens:dewpider_terasteel",
            "required": false
        },
        {
            "id": "cobblemonraiddens:dewpider_terawater",
            "required": false
        }
    ]
}