{
    "replace": false,
    "values": [
        {
            "id": "cobblemonraiddens:dhelmise_stellar",
            "required": false
        },
        {
            "id": "cobblemonraiddens:dhelmise_terabug",
            "required": false
        },
        {
            "id": "cobblemonraiddens:dhelmise_teradark",
            "required": false
        },
        {
            "id": "cobblemonraiddens:dhelmise_teradragon",
            "required": false
        },
        {
            "id": "cobblemonraiddens:dhelmise_teraelectric",
            "required": false
        },
        {
            "id": "cobblemonraiddens:dhelmise_terafairy",
            "required": false
        },
        {
            "id": "cobblemonraiddens:dhelmise_terafighting",
            "required": false
        },
        {
            "id": "cobblemonraiddens:dhelmise_terafire",
            "required": false
        },
        {
            "id": "cobblemonraiddens:dhelmise_teraflying",
            "required": false
        },
        {
            "id": "cobblemonraiddens:dhelmise_teraghost",
            "required": false
        },
        {
            "id": "cobblemonraiddens:dhelmise_teragrass",
            "required": false
        },
        {
            "id": "cobblemonraiddens:dhelmise_teraground",
            "required": false
        },
        {
            "id": "cobblemonraiddens:dhelmise_teraice",
            "required": false
        },
        {
            "id": "cobblemonraiddens:dhelmise_teranormal",
            "required": false
        },
        {
            "id": "cobblemonraiddens:dhelmise_terapoison",
            "required": false
        },
        {
            "id": "cobblemonraiddens:dhelmise_terapsychic",
            "required": false
        },
        {
            "id": "cobblemonraiddens:dhelmise_terarock",
            "required": false
        },
        {
            "id": "cobblemonraiddens:dhelmise_terasteel",
            "required": false
        },
        {
            "id": "cobblemonraiddens:dhelmise_terawater",
            "required": false
        }
    ]
}