{
    "replace": false,
    "values": [
        {
            "id": "cobblemonraiddens:dialga_stellar",
            "required": false
        },
        {
            "id": "cobblemonraiddens:dialga_terabug",
            "required": false
        },
        {
            "id": "cobblemonraiddens:dialga_teradark",
            "required": false
        },
        {
            "id": "cobblemonraiddens:dialga_teradragon",
            "required": false
        },
        {
            "id": "cobblemonraiddens:dialga_teraelectric",
            "required": false
        },
        {
            "id": "cobblemonraiddens:dialga_terafairy",
            "required": false
        },
        {
            "id": "cobblemonraiddens:dialga_terafighting",
            "required": false
        },
        {
            "id": "cobblemonraiddens:dialga_terafire",
            "required": false
        },
        {
            "id": "cobblemonraiddens:dialga_teraflying",
            "required": false
        },
        {
            "id": "cobblemonraiddens:dialga_teraghost",
            "required": false
        },
        {
            "id": "cobblemonraiddens:dialga_teragrass",
            "required": false
        },
        {
            "id": "cobblemonraiddens:dialga_teraground",
            "required": false
        },
        {
            "id": "cobblemonraiddens:dialga_teraice",
            "required": false
        },
        {
            "id": "cobblemonraiddens:dialga_teranormal",
            "required": false
        },
        {
            "id": "cobblemonraiddens:dialga_terapoison",
            "required": false
        },
        {
            "id": "cobblemonraiddens:dialga_terapsychic",
            "required": false
        },
        {
            "id": "cobblemonraiddens:dialga_terarock",
            "required": false
        },
        {
            "id": "cobblemonraiddens:dialga_terasteel",
            "required": false
        },
        {
            "id": "cobblemonraiddens:dialga_terawater",
            "required": false
        }
    ]
}