{
    "replace": false,
    "values": [
        {
            "id": "cobblemonraiddens:diancie_stellar",
            "required": false
        },
        {
            "id": "cobblemonraiddens:diancie_terabug",
            "required": false
        },
        {
            "id": "cobblemonraiddens:diancie_teradark",
            "required": false
        },
        {
            "id": "cobblemonraiddens:diancie_teradragon",
            "required": false
        },
        {
            "id": "cobblemonraiddens:diancie_teraelectric",
            "required": false
        },
        {
            "id": "cobblemonraiddens:diancie_terafairy",
            "required": false
        },
        {
            "id": "cobblemonraiddens:diancie_terafighting",
            "required": false
        },
        {
            "id": "cobblemonraiddens:diancie_terafire",
            "required": false
        },
        {
            "id": "cobblemonraiddens:diancie_teraflying",
            "required": false
        },
        {
            "id": "cobblemonraiddens:diancie_teraghost",
            "required": false
        },
        {
            "id": "cobblemonraiddens:diancie_teragrass",
            "required": false
        },
        {
            "id": "cobblemonraiddens:diancie_teraground",
            "required": false
        },
        {
            "id": "cobblemonraiddens:diancie_teraice",
            "required": false
        },
        {
            "id": "cobblemonraiddens:diancie_teranormal",
            "required": false
        },
        {
            "id": "cobblemonraiddens:diancie_terapoison",
            "required": false
        },
        {
            "id": "cobblemonraiddens:diancie_terapsychic",
            "required": false
        },
        {
            "id": "cobblemonraiddens:diancie_terarock",
            "required": false
        },
        {
            "id": "cobblemonraiddens:diancie_terasteel",
            "required": false
        },
        {
            "id": "cobblemonraiddens:diancie_terawater",
            "required": false
        }
    ]
}