{
    "replace": false,
    "values": [
        {
            "id": "cobblemonraiddens:diggersby_stellar",
            "required": false
        },
        {
            "id": "cobblemonraiddens:diggersby_terabug",
            "required": false
        },
        {
            "id": "cobblemonraiddens:diggersby_teradark",
            "required": false
        },
        {
            "id": "cobblemonraiddens:diggersby_teradragon",
            "required": false
        },
        {
            "id": "cobblemonraiddens:diggersby_teraelectric",
            "required": false
        },
        {
            "id": "cobblemonraiddens:diggersby_terafairy",
            "required": false
        },
        {
            "id": "cobblemonraiddens:diggersby_terafighting",
            "required": false
        },
        {
            "id": "cobblemonraiddens:diggersby_terafire",
            "required": false
        },
        {
            "id": "cobblemonraiddens:diggersby_teraflying",
            "required": false
        },
        {
            "id": "cobblemonraiddens:diggersby_teraghost",
            "required": false
        },
        {
            "id": "cobblemonraiddens:diggersby_teragrass",
            "required": false
        },
        {
            "id": "cobblemonraiddens:diggersby_teraground",
            "required": false
        },
        {
            "id": "cobblemonraiddens:diggersby_teraice",
            "required": false
        },
        {
            "id": "cobblemonraiddens:diggersby_teranormal",
            "required": false
        },
        {
            "id": "cobblemonraiddens:diggersby_terapoison",
            "required": false
        },
        {
            "id": "cobblemonraiddens:diggersby_terapsychic",
            "required": false
        },
        {
            "id": "cobblemonraiddens:diggersby_terarock",
            "required": false
        },
        {
            "id": "cobblemonraiddens:diggersby_terasteel",
            "required": false
        },
        {
            "id": "cobblemonraiddens:diggersby_terawater",
            "required": false
        }
    ]
}