{
    "replace": false,
    "values": [
        {
            "id": "cobblemonraiddens:diglett_stellar",
            "required": false
        },
        {
            "id": "cobblemonraiddens:diglett_terabug",
            "required": false
        },
        {
            "id": "cobblemonraiddens:diglett_teradark",
            "required": false
        },
        {
            "id": "cobblemonraiddens:diglett_teradragon",
            "required": false
        },
        {
            "id": "cobblemonraiddens:diglett_teraelectric",
            "required": false
        },
        {
            "id": "cobblemonraiddens:diglett_terafairy",
            "required": false
        },
        {
            "id": "cobblemonraiddens:diglett_terafighting",
            "required": false
        },
        {
            "id": "cobblemonraiddens:diglett_terafire",
            "required": false
        },
        {
            "id": "cobblemonraiddens:diglett_teraflying",
            "required": false
        },
        {
            "id": "cobblemonraiddens:diglett_teraghost",
            "required": false
        },
        {
            "id": "cobblemonraiddens:diglett_teragrass",
            "required": false
        },
        {
            "id": "cobblemonraiddens:diglett_teraground",
            "required": false
        },
        {
            "id": "cobblemonraiddens:diglett_teraice",
            "required": false
        },
        {
            "id": "cobblemonraiddens:diglett_teranormal",
            "required": false
        },
        {
            "id": "cobblemonraiddens:diglett_terapoison",
            "required": false
        },
        {
            "id": "cobblemonraiddens:diglett_terapsychic",
            "required": false
        },
        {
            "id": "cobblemonraiddens:diglett_terarock",
            "required": false
        },
        {
            "id": "cobblemonraiddens:diglett_terasteel",
            "required": false
        },
        {
            "id": "cobblemonraiddens:diglett_terawater",
            "required": false
        }
    ]
}