{
    "replace": false,
    "values": [
        {
            "id": "cobblemonraiddens:diglett_alolan_stellar",
            "required": false
        },
        {
            "id": "cobblemonraiddens:diglett_alolan_terabug",
            "required": false
        },
        {
            "id": "cobblemonraiddens:diglett_alolan_teradark",
            "required": false
        },
        {
            "id": "cobblemonraiddens:diglett_alolan_teradragon",
            "required": false
        },
        {
            "id": "cobblemonraiddens:diglett_alolan_teraelectric",
            "required": false
        },
        {
            "id": "cobblemonraiddens:diglett_alolan_terafairy",
            "required": false
        },
        {
            "id": "cobblemonraiddens:diglett_alolan_terafighting",
            "required": false
        },
        {
            "id": "cobblemonraiddens:diglett_alolan_terafire",
            "required": false
        },
        {
            "id": "cobblemonraiddens:diglett_alolan_teraflying",
            "required": false
        },
        {
            "id": "cobblemonraiddens:diglett_alolan_teraghost",
            "required": false
        },
        {
            "id": "cobblemonraiddens:diglett_alolan_teragrass",
            "required": false
        },
        {
            "id": "cobblemonraiddens:diglett_alolan_teraground",
            "required": false
        },
        {
            "id": "cobblemonraiddens:diglett_alolan_teraice",
            "required": false
        },
        {
            "id": "cobblemonraiddens:diglett_alolan_teranormal",
            "required": false
        },
        {
            "id": "cobblemonraiddens:diglett_alolan_terapoison",
            "required": false
        },
        {
            "id": "cobblemonraiddens:diglett_alolan_terapsychic",
            "required": false
        },
        {
            "id": "cobblemonraiddens:diglett_alolan_terarock",
            "required": false
        },
        {
            "id": "cobblemonraiddens:diglett_alolan_terasteel",
            "required": false
        },
        {
            "id": "cobblemonraiddens:diglett_alolan_terawater",
            "required": false
        }
    ]
}