{
    "replace": false,
    "values": [
        {
            "id": "cobblemonraiddens:dipplin_stellar",
            "required": false
        },
        {
            "id": "cobblemonraiddens:dipplin_terabug",
            "required": false
        },
        {
            "id": "cobblemonraiddens:dipplin_teradark",
            "required": false
        },
        {
            "id": "cobblemonraiddens:dipplin_teradragon",
            "required": false
        },
        {
            "id": "cobblemonraiddens:dipplin_teraelectric",
            "required": false
        },
        {
            "id": "cobblemonraiddens:dipplin_terafairy",
            "required": false
        },
        {
            "id": "cobblemonraiddens:dipplin_terafighting",
            "required": false
        },
        {
            "id": "cobblemonraiddens:dipplin_terafire",
            "required": false
        },
        {
            "id": "cobblemonraiddens:dipplin_teraflying",
            "required": false
        },
        {
            "id": "cobblemonraiddens:dipplin_teraghost",
            "required": false
        },
        {
            "id": "cobblemonraiddens:dipplin_teragrass",
            "required": false
        },
        {
            "id": "cobblemonraiddens:dipplin_teraground",
            "required": false
        },
        {
            "id": "cobblemonraiddens:dipplin_teraice",
            "required": false
        },
        {
            "id": "cobblemonraiddens:dipplin_teranormal",
            "required": false
        },
        {
            "id": "cobblemonraiddens:dipplin_terapoison",
            "required": false
        },
        {
            "id": "cobblemonraiddens:dipplin_terapsychic",
            "required": false
        },
        {
            "id": "cobblemonraiddens:dipplin_terarock",
            "required": false
        },
        {
            "id": "cobblemonraiddens:dipplin_terasteel",
            "required": false
        },
        {
            "id": "cobblemonraiddens:dipplin_terawater",
            "required": false
        }
    ]
}