{
    "replace": false,
    "values": [
        {
            "id": "cobblemonraiddens:ditto_stellar",
            "required": false
        },
        {
            "id": "cobblemonraiddens:ditto_terabug",
            "required": false
        },
        {
            "id": "cobblemonraiddens:ditto_teradark",
            "required": false
        },
        {
            "id": "cobblemonraiddens:ditto_teradragon",
            "required": false
        },
        {
            "id": "cobblemonraiddens:ditto_teraelectric",
            "required": false
        },
        {
            "id": "cobblemonraiddens:ditto_terafairy",
            "required": false
        },
        {
            "id": "cobblemonraiddens:ditto_terafighting",
            "required": false
        },
        {
            "id": "cobblemonraiddens:ditto_terafire",
            "required": false
        },
        {
            "id": "cobblemonraiddens:ditto_teraflying",
            "required": false
        },
        {
            "id": "cobblemonraiddens:ditto_teraghost",
            "required": false
        },
        {
            "id": "cobblemonraiddens:ditto_teragrass",
            "required": false
        },
        {
            "id": "cobblemonraiddens:ditto_teraground",
            "required": false
        },
        {
            "id": "cobblemonraiddens:ditto_teraice",
            "required": false
        },
        {
            "id": "cobblemonraiddens:ditto_teranormal",
            "required": false
        },
        {
            "id": "cobblemonraiddens:ditto_terapoison",
            "required": false
        },
        {
            "id": "cobblemonraiddens:ditto_terapsychic",
            "required": false
        },
        {
            "id": "cobblemonraiddens:ditto_terarock",
            "required": false
        },
        {
            "id": "cobblemonraiddens:ditto_terasteel",
            "required": false
        },
        {
            "id": "cobblemonraiddens:ditto_terawater",
            "required": false
        }
    ]
}