{
    "replace": false,
    "values": [
        {
            "id": "cobblemonraiddens:dodrio_stellar",
            "required": false
        },
        {
            "id": "cobblemonraiddens:dodrio_terabug",
            "required": false
        },
        {
            "id": "cobblemonraiddens:dodrio_teradark",
            "required": false
        },
        {
            "id": "cobblemonraiddens:dodrio_teradragon",
            "required": false
        },
        {
            "id": "cobblemonraiddens:dodrio_teraelectric",
            "required": false
        },
        {
            "id": "cobblemonraiddens:dodrio_terafairy",
            "required": false
        },
        {
            "id": "cobblemonraiddens:dodrio_terafighting",
            "required": false
        },
        {
            "id": "cobblemonraiddens:dodrio_terafire",
            "required": false
        },
        {
            "id": "cobblemonraiddens:dodrio_teraflying",
            "required": false
        },
        {
            "id": "cobblemonraiddens:dodrio_teraghost",
            "required": false
        },
        {
            "id": "cobblemonraiddens:dodrio_teragrass",
            "required": false
        },
        {
            "id": "cobblemonraiddens:dodrio_teraground",
            "required": false
        },
        {
            "id": "cobblemonraiddens:dodrio_teraice",
            "required": false
        },
        {
            "id": "cobblemonraiddens:dodrio_teranormal",
            "required": false
        },
        {
            "id": "cobblemonraiddens:dodrio_terapoison",
            "required": false
        },
        {
            "id": "cobblemonraiddens:dodrio_terapsychic",
            "required": false
        },
        {
            "id": "cobblemonraiddens:dodrio_terarock",
            "required": false
        },
        {
            "id": "cobblemonraiddens:dodrio_terasteel",
            "required": false
        },
        {
            "id": "cobblemonraiddens:dodrio_terawater",
            "required": false
        }
    ]
}