{
    "replace": false,
    "values": [
        {
            "id": "cobblemonraiddens:doduo_stellar",
            "required": false
        },
        {
            "id": "cobblemonraiddens:doduo_terabug",
            "required": false
        },
        {
            "id": "cobblemonraiddens:doduo_teradark",
            "required": false
        },
        {
            "id": "cobblemonraiddens:doduo_teradragon",
            "required": false
        },
        {
            "id": "cobblemonraiddens:doduo_teraelectric",
            "required": false
        },
        {
            "id": "cobblemonraiddens:doduo_terafairy",
            "required": false
        },
        {
            "id": "cobblemonraiddens:doduo_terafighting",
            "required": false
        },
        {
            "id": "cobblemonraiddens:doduo_terafire",
            "required": false
        },
        {
            "id": "cobblemonraiddens:doduo_teraflying",
            "required": false
        },
        {
            "id": "cobblemonraiddens:doduo_teraghost",
            "required": false
        },
        {
            "id": "cobblemonraiddens:doduo_teragrass",
            "required": false
        },
        {
            "id": "cobblemonraiddens:doduo_teraground",
            "required": false
        },
        {
            "id": "cobblemonraiddens:doduo_teraice",
            "required": false
        },
        {
            "id": "cobblemonraiddens:doduo_teranormal",
            "required": false
        },
        {
            "id": "cobblemonraiddens:doduo_terapoison",
            "required": false
        },
        {
            "id": "cobblemonraiddens:doduo_terapsychic",
            "required": false
        },
        {
            "id": "cobblemonraiddens:doduo_terarock",
            "required": false
        },
        {
            "id": "cobblemonraiddens:doduo_terasteel",
            "required": false
        },
        {
            "id": "cobblemonraiddens:doduo_terawater",
            "required": false
        }
    ]
}