{
    "replace": false,
    "values": [
        {
            "id": "cobblemonraiddens:dolliv_stellar",
            "required": false
        },
        {
            "id": "cobblemonraiddens:dolliv_terabug",
            "required": false
        },
        {
            "id": "cobblemonraiddens:dolliv_teradark",
            "required": false
        },
        {
            "id": "cobblemonraiddens:dolliv_teradragon",
            "required": false
        },
        {
            "id": "cobblemonraiddens:dolliv_teraelectric",
            "required": false
        },
        {
            "id": "cobblemonraiddens:dolliv_terafairy",
            "required": false
        },
        {
            "id": "cobblemonraiddens:dolliv_terafighting",
            "required": false
        },
        {
            "id": "cobblemonraiddens:dolliv_terafire",
            "required": false
        },
        {
            "id": "cobblemonraiddens:dolliv_teraflying",
            "required": false
        },
        {
            "id": "cobblemonraiddens:dolliv_teraghost",
            "required": false
        },
        {
            "id": "cobblemonraiddens:dolliv_teragrass",
            "required": false
        },
        {
            "id": "cobblemonraiddens:dolliv_teraground",
            "required": false
        },
        {
            "id": "cobblemonraiddens:dolliv_teraice",
            "required": false
        },
        {
            "id": "cobblemonraiddens:dolliv_teranormal",
            "required": false
        },
        {
            "id": "cobblemonraiddens:dolliv_terapoison",
            "required": false
        },
        {
            "id": "cobblemonraiddens:dolliv_terapsychic",
            "required": false
        },
        {
            "id": "cobblemonraiddens:dolliv_terarock",
            "required": false
        },
        {
            "id": "cobblemonraiddens:dolliv_terasteel",
            "required": false
        },
        {
            "id": "cobblemonraiddens:dolliv_terawater",
            "required": false
        }
    ]
}