{
    "replace": false,
    "values": [
        {
            "id": "cobblemonraiddens:dondozo_stellar",
            "required": false
        },
        {
            "id": "cobblemonraiddens:dondozo_terabug",
            "required": false
        },
        {
            "id": "cobblemonraiddens:dondozo_teradark",
            "required": false
        },
        {
            "id": "cobblemonraiddens:dondozo_teradragon",
            "required": false
        },
        {
            "id": "cobblemonraiddens:dondozo_teraelectric",
            "required": false
        },
        {
            "id": "cobblemonraiddens:dondozo_terafairy",
            "required": false
        },
        {
            "id": "cobblemonraiddens:dondozo_terafighting",
            "required": false
        },
        {
            "id": "cobblemonraiddens:dondozo_terafire",
            "required": false
        },
        {
            "id": "cobblemonraiddens:dondozo_teraflying",
            "required": false
        },
        {
            "id": "cobblemonraiddens:dondozo_teraghost",
            "required": false
        },
        {
            "id": "cobblemonraiddens:dondozo_teragrass",
            "required": false
        },
        {
            "id": "cobblemonraiddens:dondozo_teraground",
            "required": false
        },
        {
            "id": "cobblemonraiddens:dondozo_teraice",
            "required": false
        },
        {
            "id": "cobblemonraiddens:dondozo_teranormal",
            "required": false
        },
        {
            "id": "cobblemonraiddens:dondozo_terapoison",
            "required": false
        },
        {
            "id": "cobblemonraiddens:dondozo_terapsychic",
            "required": false
        },
        {
            "id": "cobblemonraiddens:dondozo_terarock",
            "required": false
        },
        {
            "id": "cobblemonraiddens:dondozo_terasteel",
            "required": false
        },
        {
            "id": "cobblemonraiddens:dondozo_terawater",
            "required": false
        }
    ]
}