{
    "replace": false,
    "values": [
        {
            "id": "cobblemonraiddens:donphan_stellar",
            "required": false
        },
        {
            "id": "cobblemonraiddens:donphan_terabug",
            "required": false
        },
        {
            "id": "cobblemonraiddens:donphan_teradark",
            "required": false
        },
        {
            "id": "cobblemonraiddens:donphan_teradragon",
            "required": false
        },
        {
            "id": "cobblemonraiddens:donphan_teraelectric",
            "required": false
        },
        {
            "id": "cobblemonraiddens:donphan_terafairy",
            "required": false
        },
        {
            "id": "cobblemonraiddens:donphan_terafighting",
            "required": false
        },
        {
            "id": "cobblemonraiddens:donphan_terafire",
            "required": false
        },
        {
            "id": "cobblemonraiddens:donphan_teraflying",
            "required": false
        },
        {
            "id": "cobblemonraiddens:donphan_teraghost",
            "required": false
        },
        {
            "id": "cobblemonraiddens:donphan_teragrass",
            "required": false
        },
        {
            "id": "cobblemonraiddens:donphan_teraground",
            "required": false
        },
        {
            "id": "cobblemonraiddens:donphan_teraice",
            "required": false
        },
        {
            "id": "cobblemonraiddens:donphan_teranormal",
            "required": false
        },
        {
            "id": "cobblemonraiddens:donphan_terapoison",
            "required": false
        },
        {
            "id": "cobblemonraiddens:donphan_terapsychic",
            "required": false
        },
        {
            "id": "cobblemonraiddens:donphan_terarock",
            "required": false
        },
        {
            "id": "cobblemonraiddens:donphan_terasteel",
            "required": false
        },
        {
            "id": "cobblemonraiddens:donphan_terawater",
            "required": false
        }
    ]
}