{
    "replace": false,
    "values": [
        {
            "id": "cobblemonraiddens:dottler_stellar",
            "required": false
        },
        {
            "id": "cobblemonraiddens:dottler_terabug",
            "required": false
        },
        {
            "id": "cobblemonraiddens:dottler_teradark",
            "required": false
        },
        {
            "id": "cobblemonraiddens:dottler_teradragon",
            "required": false
        },
        {
            "id": "cobblemonraiddens:dottler_teraelectric",
            "required": false
        },
        {
            "id": "cobblemonraiddens:dottler_terafairy",
            "required": false
        },
        {
            "id": "cobblemonraiddens:dottler_terafighting",
            "required": false
        },
        {
            "id": "cobblemonraiddens:dottler_terafire",
            "required": false
        },
        {
            "id": "cobblemonraiddens:dottler_teraflying",
            "required": false
        },
        {
            "id": "cobblemonraiddens:dottler_teraghost",
            "required": false
        },
        {
            "id": "cobblemonraiddens:dottler_teragrass",
            "required": false
        },
        {
            "id": "cobblemonraiddens:dottler_teraground",
            "required": false
        },
        {
            "id": "cobblemonraiddens:dottler_teraice",
            "required": false
        },
        {
            "id": "cobblemonraiddens:dottler_teranormal",
            "required": false
        },
        {
            "id": "cobblemonraiddens:dottler_terapoison",
            "required": false
        },
        {
            "id": "cobblemonraiddens:dottler_terapsychic",
            "required": false
        },
        {
            "id": "cobblemonraiddens:dottler_terarock",
            "required": false
        },
        {
            "id": "cobblemonraiddens:dottler_terasteel",
            "required": false
        },
        {
            "id": "cobblemonraiddens:dottler_terawater",
            "required": false
        }
    ]
}