{
    "replace": false,
    "values": [
        {
            "id": "cobblemonraiddens:doublade_stellar",
            "required": false
        },
        {
            "id": "cobblemonraiddens:doublade_terabug",
            "required": false
        },
        {
            "id": "cobblemonraiddens:doublade_teradark",
            "required": false
        },
        {
            "id": "cobblemonraiddens:doublade_teradragon",
            "required": false
        },
        {
            "id": "cobblemonraiddens:doublade_teraelectric",
            "required": false
        },
        {
            "id": "cobblemonraiddens:doublade_terafairy",
            "required": false
        },
        {
            "id": "cobblemonraiddens:doublade_terafighting",
            "required": false
        },
        {
            "id": "cobblemonraiddens:doublade_terafire",
            "required": false
        },
        {
            "id": "cobblemonraiddens:doublade_teraflying",
            "required": false
        },
        {
            "id": "cobblemonraiddens:doublade_teraghost",
            "required": false
        },
        {
            "id": "cobblemonraiddens:doublade_teragrass",
            "required": false
        },
        {
            "id": "cobblemonraiddens:doublade_teraground",
            "required": false
        },
        {
            "id": "cobblemonraiddens:doublade_teraice",
            "required": false
        },
        {
            "id": "cobblemonraiddens:doublade_teranormal",
            "required": false
        },
        {
            "id": "cobblemonraiddens:doublade_terapoison",
            "required": false
        },
        {
            "id": "cobblemonraiddens:doublade_terapsychic",
            "required": false
        },
        {
            "id": "cobblemonraiddens:doublade_terarock",
            "required": false
        },
        {
            "id": "cobblemonraiddens:doublade_terasteel",
            "required": false
        },
        {
            "id": "cobblemonraiddens:doublade_terawater",
            "required": false
        }
    ]
}