{
    "replace": false,
    "values": [
        {
            "id": "cobblemonraiddens:dracozolt_stellar",
            "required": false
        },
        {
            "id": "cobblemonraiddens:dracozolt_terabug",
            "required": false
        },
        {
            "id": "cobblemonraiddens:dracozolt_teradark",
            "required": false
        },
        {
            "id": "cobblemonraiddens:dracozolt_teradragon",
            "required": false
        },
        {
            "id": "cobblemonraiddens:dracozolt_teraelectric",
            "required": false
        },
        {
            "id": "cobblemonraiddens:dracozolt_terafairy",
            "required": false
        },
        {
            "id": "cobblemonraiddens:dracozolt_terafighting",
            "required": false
        },
        {
            "id": "cobblemonraiddens:dracozolt_terafire",
            "required": false
        },
        {
            "id": "cobblemonraiddens:dracozolt_teraflying",
            "required": false
        },
        {
            "id": "cobblemonraiddens:dracozolt_teraghost",
            "required": false
        },
        {
            "id": "cobblemonraiddens:dracozolt_teragrass",
            "required": false
        },
        {
            "id": "cobblemonraiddens:dracozolt_teraground",
            "required": false
        },
        {
            "id": "cobblemonraiddens:dracozolt_teraice",
            "required": false
        },
        {
            "id": "cobblemonraiddens:dracozolt_teranormal",
            "required": false
        },
        {
            "id": "cobblemonraiddens:dracozolt_terapoison",
            "required": false
        },
        {
            "id": "cobblemonraiddens:dracozolt_terapsychic",
            "required": false
        },
        {
            "id": "cobblemonraiddens:dracozolt_terarock",
            "required": false
        },
        {
            "id": "cobblemonraiddens:dracozolt_terasteel",
            "required": false
        },
        {
            "id": "cobblemonraiddens:dracozolt_terawater",
            "required": false
        }
    ]
}