{
    "replace": false,
    "values": [
        {
            "id": "cobblemonraiddens:dracovish_stellar",
            "required": false
        },
        {
            "id": "cobblemonraiddens:dracovish_terabug",
            "required": false
        },
        {
            "id": "cobblemonraiddens:dracovish_teradark",
            "required": false
        },
        {
            "id": "cobblemonraiddens:dracovish_teradragon",
            "required": false
        },
        {
            "id": "cobblemonraiddens:dracovish_teraelectric",
            "required": false
        },
        {
            "id": "cobblemonraiddens:dracovish_terafairy",
            "required": false
        },
        {
            "id": "cobblemonraiddens:dracovish_terafighting",
            "required": false
        },
        {
            "id": "cobblemonraiddens:dracovish_terafire",
            "required": false
        },
        {
            "id": "cobblemonraiddens:dracovish_teraflying",
            "required": false
        },
        {
            "id": "cobblemonraiddens:dracovish_teraghost",
            "required": false
        },
        {
            "id": "cobblemonraiddens:dracovish_teragrass",
            "required": false
        },
        {
            "id": "cobblemonraiddens:dracovish_teraground",
            "required": false
        },
        {
            "id": "cobblemonraiddens:dracovish_teraice",
            "required": false
        },
        {
            "id": "cobblemonraiddens:dracovish_teranormal",
            "required": false
        },
        {
            "id": "cobblemonraiddens:dracovish_terapoison",
            "required": false
        },
        {
            "id": "cobblemonraiddens:dracovish_terapsychic",
            "required": false
        },
        {
            "id": "cobblemonraiddens:dracovish_terarock",
            "required": false
        },
        {
            "id": "cobblemonraiddens:dracovish_terasteel",
            "required": false
        },
        {
            "id": "cobblemonraiddens:dracovish_terawater",
            "required": false
        }
    ]
}