{
    "replace": false,
    "values": [
        {
            "id": "cobblemonraiddens:dragapult_stellar",
            "required": false
        },
        {
            "id": "cobblemonraiddens:dragapult_terabug",
            "required": false
        },
        {
            "id": "cobblemonraiddens:dragapult_teradark",
            "required": false
        },
        {
            "id": "cobblemonraiddens:dragapult_teradragon",
            "required": false
        },
        {
            "id": "cobblemonraiddens:dragapult_teraelectric",
            "required": false
        },
        {
            "id": "cobblemonraiddens:dragapult_terafairy",
            "required": false
        },
        {
            "id": "cobblemonraiddens:dragapult_terafighting",
            "required": false
        },
        {
            "id": "cobblemonraiddens:dragapult_terafire",
            "required": false
        },
        {
            "id": "cobblemonraiddens:dragapult_teraflying",
            "required": false
        },
        {
            "id": "cobblemonraiddens:dragapult_teraghost",
            "required": false
        },
        {
            "id": "cobblemonraiddens:dragapult_teragrass",
            "required": false
        },
        {
            "id": "cobblemonraiddens:dragapult_teraground",
            "required": false
        },
        {
            "id": "cobblemonraiddens:dragapult_teraice",
            "required": false
        },
        {
            "id": "cobblemonraiddens:dragapult_teranormal",
            "required": false
        },
        {
            "id": "cobblemonraiddens:dragapult_terapoison",
            "required": false
        },
        {
            "id": "cobblemonraiddens:dragapult_terapsychic",
            "required": false
        },
        {
            "id": "cobblemonraiddens:dragapult_terarock",
            "required": false
        },
        {
            "id": "cobblemonraiddens:dragapult_terasteel",
            "required": false
        },
        {
            "id": "cobblemonraiddens:dragapult_terawater",
            "required": false
        }
    ]
}