{
    "replace": false,
    "values": [
        {
            "id": "cobblemonraiddens:dragalge_stellar",
            "required": false
        },
        {
            "id": "cobblemonraiddens:dragalge_terabug",
            "required": false
        },
        {
            "id": "cobblemonraiddens:dragalge_teradark",
            "required": false
        },
        {
            "id": "cobblemonraiddens:dragalge_teradragon",
            "required": false
        },
        {
            "id": "cobblemonraiddens:dragalge_teraelectric",
            "required": false
        },
        {
            "id": "cobblemonraiddens:dragalge_terafairy",
            "required": false
        },
        {
            "id": "cobblemonraiddens:dragalge_terafighting",
            "required": false
        },
        {
            "id": "cobblemonraiddens:dragalge_terafire",
            "required": false
        },
        {
            "id": "cobblemonraiddens:dragalge_teraflying",
            "required": false
        },
        {
            "id": "cobblemonraiddens:dragalge_teraghost",
            "required": false
        },
        {
            "id": "cobblemonraiddens:dragalge_teragrass",
            "required": false
        },
        {
            "id": "cobblemonraiddens:dragalge_teraground",
            "required": false
        },
        {
            "id": "cobblemonraiddens:dragalge_teraice",
            "required": false
        },
        {
            "id": "cobblemonraiddens:dragalge_teranormal",
            "required": false
        },
        {
            "id": "cobblemonraiddens:dragalge_terapoison",
            "required": false
        },
        {
            "id": "cobblemonraiddens:dragalge_terapsychic",
            "required": false
        },
        {
            "id": "cobblemonraiddens:dragalge_terarock",
            "required": false
        },
        {
            "id": "cobblemonraiddens:dragalge_terasteel",
            "required": false
        },
        {
            "id": "cobblemonraiddens:dragalge_terawater",
            "required": false
        }
    ]
}