{
    "replace": false,
    "values": [
        {
            "id": "cobblemonraiddens:dragonite_stellar",
            "required": false
        },
        {
            "id": "cobblemonraiddens:dragonite_terabug",
            "required": false
        },
        {
            "id": "cobblemonraiddens:dragonite_teradark",
            "required": false
        },
        {
            "id": "cobblemonraiddens:dragonite_teradragon",
            "required": false
        },
        {
            "id": "cobblemonraiddens:dragonite_teraelectric",
            "required": false
        },
        {
            "id": "cobblemonraiddens:dragonite_terafairy",
            "required": false
        },
        {
            "id": "cobblemonraiddens:dragonite_terafighting",
            "required": false
        },
        {
            "id": "cobblemonraiddens:dragonite_terafire",
            "required": false
        },
        {
            "id": "cobblemonraiddens:dragonite_teraflying",
            "required": false
        },
        {
            "id": "cobblemonraiddens:dragonite_teraghost",
            "required": false
        },
        {
            "id": "cobblemonraiddens:dragonite_teragrass",
            "required": false
        },
        {
            "id": "cobblemonraiddens:dragonite_teraground",
            "required": false
        },
        {
            "id": "cobblemonraiddens:dragonite_teraice",
            "required": false
        },
        {
            "id": "cobblemonraiddens:dragonite_teranormal",
            "required": false
        },
        {
            "id": "cobblemonraiddens:dragonite_terapoison",
            "required": false
        },
        {
            "id": "cobblemonraiddens:dragonite_terapsychic",
            "required": false
        },
        {
            "id": "cobblemonraiddens:dragonite_terarock",
            "required": false
        },
        {
            "id": "cobblemonraiddens:dragonite_terasteel",
            "required": false
        },
        {
            "id": "cobblemonraiddens:dragonite_terawater",
            "required": false
        }
    ]
}