{
    "replace": false,
    "values": [
        {
            "id": "cobblemonraiddens:dragonair_stellar",
            "required": false
        },
        {
            "id": "cobblemonraiddens:dragonair_terabug",
            "required": false
        },
        {
            "id": "cobblemonraiddens:dragonair_teradark",
            "required": false
        },
        {
            "id": "cobblemonraiddens:dragonair_teradragon",
            "required": false
        },
        {
            "id": "cobblemonraiddens:dragonair_teraelectric",
            "required": false
        },
        {
            "id": "cobblemonraiddens:dragonair_terafairy",
            "required": false
        },
        {
            "id": "cobblemonraiddens:dragonair_terafighting",
            "required": false
        },
        {
            "id": "cobblemonraiddens:dragonair_terafire",
            "required": false
        },
        {
            "id": "cobblemonraiddens:dragonair_teraflying",
            "required": false
        },
        {
            "id": "cobblemonraiddens:dragonair_teraghost",
            "required": false
        },
        {
            "id": "cobblemonraiddens:dragonair_teragrass",
            "required": false
        },
        {
            "id": "cobblemonraiddens:dragonair_teraground",
            "required": false
        },
        {
            "id": "cobblemonraiddens:dragonair_teraice",
            "required": false
        },
        {
            "id": "cobblemonraiddens:dragonair_teranormal",
            "required": false
        },
        {
            "id": "cobblemonraiddens:dragonair_terapoison",
            "required": false
        },
        {
            "id": "cobblemonraiddens:dragonair_terapsychic",
            "required": false
        },
        {
            "id": "cobblemonraiddens:dragonair_terarock",
            "required": false
        },
        {
            "id": "cobblemonraiddens:dragonair_terasteel",
            "required": false
        },
        {
            "id": "cobblemonraiddens:dragonair_terawater",
            "required": false
        }
    ]
}