{
    "replace": false,
    "values": [
        {
            "id": "cobblemonraiddens:drakloak_stellar",
            "required": false
        },
        {
            "id": "cobblemonraiddens:drakloak_terabug",
            "required": false
        },
        {
            "id": "cobblemonraiddens:drakloak_teradark",
            "required": false
        },
        {
            "id": "cobblemonraiddens:drakloak_teradragon",
            "required": false
        },
        {
            "id": "cobblemonraiddens:drakloak_teraelectric",
            "required": false
        },
        {
            "id": "cobblemonraiddens:drakloak_terafairy",
            "required": false
        },
        {
            "id": "cobblemonraiddens:drakloak_terafighting",
            "required": false
        },
        {
            "id": "cobblemonraiddens:drakloak_terafire",
            "required": false
        },
        {
            "id": "cobblemonraiddens:drakloak_teraflying",
            "required": false
        },
        {
            "id": "cobblemonraiddens:drakloak_teraghost",
            "required": false
        },
        {
            "id": "cobblemonraiddens:drakloak_teragrass",
            "required": false
        },
        {
            "id": "cobblemonraiddens:drakloak_teraground",
            "required": false
        },
        {
            "id": "cobblemonraiddens:drakloak_teraice",
            "required": false
        },
        {
            "id": "cobblemonraiddens:drakloak_teranormal",
            "required": false
        },
        {
            "id": "cobblemonraiddens:drakloak_terapoison",
            "required": false
        },
        {
            "id": "cobblemonraiddens:drakloak_terapsychic",
            "required": false
        },
        {
            "id": "cobblemonraiddens:drakloak_terarock",
            "required": false
        },
        {
            "id": "cobblemonraiddens:drakloak_terasteel",
            "required": false
        },
        {
            "id": "cobblemonraiddens:drakloak_terawater",
            "required": false
        }
    ]
}