{
    "replace": false,
    "values": [
        {
            "id": "cobblemonraiddens:drampa_stellar",
            "required": false
        },
        {
            "id": "cobblemonraiddens:drampa_terabug",
            "required": false
        },
        {
            "id": "cobblemonraiddens:drampa_teradark",
            "required": false
        },
        {
            "id": "cobblemonraiddens:drampa_teradragon",
            "required": false
        },
        {
            "id": "cobblemonraiddens:drampa_teraelectric",
            "required": false
        },
        {
            "id": "cobblemonraiddens:drampa_terafairy",
            "required": false
        },
        {
            "id": "cobblemonraiddens:drampa_terafighting",
            "required": false
        },
        {
            "id": "cobblemonraiddens:drampa_terafire",
            "required": false
        },
        {
            "id": "cobblemonraiddens:drampa_teraflying",
            "required": false
        },
        {
            "id": "cobblemonraiddens:drampa_teraghost",
            "required": false
        },
        {
            "id": "cobblemonraiddens:drampa_teragrass",
            "required": false
        },
        {
            "id": "cobblemonraiddens:drampa_teraground",
            "required": false
        },
        {
            "id": "cobblemonraiddens:drampa_teraice",
            "required": false
        },
        {
            "id": "cobblemonraiddens:drampa_teranormal",
            "required": false
        },
        {
            "id": "cobblemonraiddens:drampa_terapoison",
            "required": false
        },
        {
            "id": "cobblemonraiddens:drampa_terapsychic",
            "required": false
        },
        {
            "id": "cobblemonraiddens:drampa_terarock",
            "required": false
        },
        {
            "id": "cobblemonraiddens:drampa_terasteel",
            "required": false
        },
        {
            "id": "cobblemonraiddens:drampa_terawater",
            "required": false
        }
    ]
}