{
    "replace": false,
    "values": [
        {
            "id": "cobblemonraiddens:drapion_stellar",
            "required": false
        },
        {
            "id": "cobblemonraiddens:drapion_terabug",
            "required": false
        },
        {
            "id": "cobblemonraiddens:drapion_teradark",
            "required": false
        },
        {
            "id": "cobblemonraiddens:drapion_teradragon",
            "required": false
        },
        {
            "id": "cobblemonraiddens:drapion_teraelectric",
            "required": false
        },
        {
            "id": "cobblemonraiddens:drapion_terafairy",
            "required": false
        },
        {
            "id": "cobblemonraiddens:drapion_terafighting",
            "required": false
        },
        {
            "id": "cobblemonraiddens:drapion_terafire",
            "required": false
        },
        {
            "id": "cobblemonraiddens:drapion_teraflying",
            "required": false
        },
        {
            "id": "cobblemonraiddens:drapion_teraghost",
            "required": false
        },
        {
            "id": "cobblemonraiddens:drapion_teragrass",
            "required": false
        },
        {
            "id": "cobblemonraiddens:drapion_teraground",
            "required": false
        },
        {
            "id": "cobblemonraiddens:drapion_teraice",
            "required": false
        },
        {
            "id": "cobblemonraiddens:drapion_teranormal",
            "required": false
        },
        {
            "id": "cobblemonraiddens:drapion_terapoison",
            "required": false
        },
        {
            "id": "cobblemonraiddens:drapion_terapsychic",
            "required": false
        },
        {
            "id": "cobblemonraiddens:drapion_terarock",
            "required": false
        },
        {
            "id": "cobblemonraiddens:drapion_terasteel",
            "required": false
        },
        {
            "id": "cobblemonraiddens:drapion_terawater",
            "required": false
        }
    ]
}