{
    "replace": false,
    "values": [
        {
            "id": "cobblemonraiddens:dratini_stellar",
            "required": false
        },
        {
            "id": "cobblemonraiddens:dratini_terabug",
            "required": false
        },
        {
            "id": "cobblemonraiddens:dratini_teradark",
            "required": false
        },
        {
            "id": "cobblemonraiddens:dratini_teradragon",
            "required": false
        },
        {
            "id": "cobblemonraiddens:dratini_teraelectric",
            "required": false
        },
        {
            "id": "cobblemonraiddens:dratini_terafairy",
            "required": false
        },
        {
            "id": "cobblemonraiddens:dratini_terafighting",
            "required": false
        },
        {
            "id": "cobblemonraiddens:dratini_terafire",
            "required": false
        },
        {
            "id": "cobblemonraiddens:dratini_teraflying",
            "required": false
        },
        {
            "id": "cobblemonraiddens:dratini_teraghost",
            "required": false
        },
        {
            "id": "cobblemonraiddens:dratini_teragrass",
            "required": false
        },
        {
            "id": "cobblemonraiddens:dratini_teraground",
            "required": false
        },
        {
            "id": "cobblemonraiddens:dratini_teraice",
            "required": false
        },
        {
            "id": "cobblemonraiddens:dratini_teranormal",
            "required": false
        },
        {
            "id": "cobblemonraiddens:dratini_terapoison",
            "required": false
        },
        {
            "id": "cobblemonraiddens:dratini_terapsychic",
            "required": false
        },
        {
            "id": "cobblemonraiddens:dratini_terarock",
            "required": false
        },
        {
            "id": "cobblemonraiddens:dratini_terasteel",
            "required": false
        },
        {
            "id": "cobblemonraiddens:dratini_terawater",
            "required": false
        }
    ]
}