{
    "replace": false,
    "values": [
        {
            "id": "cobblemonraiddens:drednaw_stellar",
            "required": false
        },
        {
            "id": "cobblemonraiddens:drednaw_terabug",
            "required": false
        },
        {
            "id": "cobblemonraiddens:drednaw_teradark",
            "required": false
        },
        {
            "id": "cobblemonraiddens:drednaw_teradragon",
            "required": false
        },
        {
            "id": "cobblemonraiddens:drednaw_teraelectric",
            "required": false
        },
        {
            "id": "cobblemonraiddens:drednaw_terafairy",
            "required": false
        },
        {
            "id": "cobblemonraiddens:drednaw_terafighting",
            "required": false
        },
        {
            "id": "cobblemonraiddens:drednaw_terafire",
            "required": false
        },
        {
            "id": "cobblemonraiddens:drednaw_teraflying",
            "required": false
        },
        {
            "id": "cobblemonraiddens:drednaw_teraghost",
            "required": false
        },
        {
            "id": "cobblemonraiddens:drednaw_teragrass",
            "required": false
        },
        {
            "id": "cobblemonraiddens:drednaw_teraground",
            "required": false
        },
        {
            "id": "cobblemonraiddens:drednaw_teraice",
            "required": false
        },
        {
            "id": "cobblemonraiddens:drednaw_teranormal",
            "required": false
        },
        {
            "id": "cobblemonraiddens:drednaw_terapoison",
            "required": false
        },
        {
            "id": "cobblemonraiddens:drednaw_terapsychic",
            "required": false
        },
        {
            "id": "cobblemonraiddens:drednaw_terarock",
            "required": false
        },
        {
            "id": "cobblemonraiddens:drednaw_terasteel",
            "required": false
        },
        {
            "id": "cobblemonraiddens:drednaw_terawater",
            "required": false
        }
    ]
}