{
    "replace": false,
    "values": [
        {
            "id": "cobblemonraiddens:dreepy_stellar",
            "required": false
        },
        {
            "id": "cobblemonraiddens:dreepy_terabug",
            "required": false
        },
        {
            "id": "cobblemonraiddens:dreepy_teradark",
            "required": false
        },
        {
            "id": "cobblemonraiddens:dreepy_teradragon",
            "required": false
        },
        {
            "id": "cobblemonraiddens:dreepy_teraelectric",
            "required": false
        },
        {
            "id": "cobblemonraiddens:dreepy_terafairy",
            "required": false
        },
        {
            "id": "cobblemonraiddens:dreepy_terafighting",
            "required": false
        },
        {
            "id": "cobblemonraiddens:dreepy_terafire",
            "required": false
        },
        {
            "id": "cobblemonraiddens:dreepy_teraflying",
            "required": false
        },
        {
            "id": "cobblemonraiddens:dreepy_teraghost",
            "required": false
        },
        {
            "id": "cobblemonraiddens:dreepy_teragrass",
            "required": false
        },
        {
            "id": "cobblemonraiddens:dreepy_teraground",
            "required": false
        },
        {
            "id": "cobblemonraiddens:dreepy_teraice",
            "required": false
        },
        {
            "id": "cobblemonraiddens:dreepy_teranormal",
            "required": false
        },
        {
            "id": "cobblemonraiddens:dreepy_terapoison",
            "required": false
        },
        {
            "id": "cobblemonraiddens:dreepy_terapsychic",
            "required": false
        },
        {
            "id": "cobblemonraiddens:dreepy_terarock",
            "required": false
        },
        {
            "id": "cobblemonraiddens:dreepy_terasteel",
            "required": false
        },
        {
            "id": "cobblemonraiddens:dreepy_terawater",
            "required": false
        }
    ]
}