{
    "replace": false,
    "values": [
        {
            "id": "cobblemonraiddens:drifblim_stellar",
            "required": false
        },
        {
            "id": "cobblemonraiddens:drifblim_terabug",
            "required": false
        },
        {
            "id": "cobblemonraiddens:drifblim_teradark",
            "required": false
        },
        {
            "id": "cobblemonraiddens:drifblim_teradragon",
            "required": false
        },
        {
            "id": "cobblemonraiddens:drifblim_teraelectric",
            "required": false
        },
        {
            "id": "cobblemonraiddens:drifblim_terafairy",
            "required": false
        },
        {
            "id": "cobblemonraiddens:drifblim_terafighting",
            "required": false
        },
        {
            "id": "cobblemonraiddens:drifblim_terafire",
            "required": false
        },
        {
            "id": "cobblemonraiddens:drifblim_teraflying",
            "required": false
        },
        {
            "id": "cobblemonraiddens:drifblim_teraghost",
            "required": false
        },
        {
            "id": "cobblemonraiddens:drifblim_teragrass",
            "required": false
        },
        {
            "id": "cobblemonraiddens:drifblim_teraground",
            "required": false
        },
        {
            "id": "cobblemonraiddens:drifblim_teraice",
            "required": false
        },
        {
            "id": "cobblemonraiddens:drifblim_teranormal",
            "required": false
        },
        {
            "id": "cobblemonraiddens:drifblim_terapoison",
            "required": false
        },
        {
            "id": "cobblemonraiddens:drifblim_terapsychic",
            "required": false
        },
        {
            "id": "cobblemonraiddens:drifblim_terarock",
            "required": false
        },
        {
            "id": "cobblemonraiddens:drifblim_terasteel",
            "required": false
        },
        {
            "id": "cobblemonraiddens:drifblim_terawater",
            "required": false
        }
    ]
}