{
    "replace": false,
    "values": [
        {
            "id": "cobblemonraiddens:drifloon_stellar",
            "required": false
        },
        {
            "id": "cobblemonraiddens:drifloon_terabug",
            "required": false
        },
        {
            "id": "cobblemonraiddens:drifloon_teradark",
            "required": false
        },
        {
            "id": "cobblemonraiddens:drifloon_teradragon",
            "required": false
        },
        {
            "id": "cobblemonraiddens:drifloon_teraelectric",
            "required": false
        },
        {
            "id": "cobblemonraiddens:drifloon_terafairy",
            "required": false
        },
        {
            "id": "cobblemonraiddens:drifloon_terafighting",
            "required": false
        },
        {
            "id": "cobblemonraiddens:drifloon_terafire",
            "required": false
        },
        {
            "id": "cobblemonraiddens:drifloon_teraflying",
            "required": false
        },
        {
            "id": "cobblemonraiddens:drifloon_teraghost",
            "required": false
        },
        {
            "id": "cobblemonraiddens:drifloon_teragrass",
            "required": false
        },
        {
            "id": "cobblemonraiddens:drifloon_teraground",
            "required": false
        },
        {
            "id": "cobblemonraiddens:drifloon_teraice",
            "required": false
        },
        {
            "id": "cobblemonraiddens:drifloon_teranormal",
            "required": false
        },
        {
            "id": "cobblemonraiddens:drifloon_terapoison",
            "required": false
        },
        {
            "id": "cobblemonraiddens:drifloon_terapsychic",
            "required": false
        },
        {
            "id": "cobblemonraiddens:drifloon_terarock",
            "required": false
        },
        {
            "id": "cobblemonraiddens:drifloon_terasteel",
            "required": false
        },
        {
            "id": "cobblemonraiddens:drifloon_terawater",
            "required": false
        }
    ]
}