{
    "replace": false,
    "values": [
        {
            "id": "cobblemonraiddens:drilbur_stellar",
            "required": false
        },
        {
            "id": "cobblemonraiddens:drilbur_terabug",
            "required": false
        },
        {
            "id": "cobblemonraiddens:drilbur_teradark",
            "required": false
        },
        {
            "id": "cobblemonraiddens:drilbur_teradragon",
            "required": false
        },
        {
            "id": "cobblemonraiddens:drilbur_teraelectric",
            "required": false
        },
        {
            "id": "cobblemonraiddens:drilbur_terafairy",
            "required": false
        },
        {
            "id": "cobblemonraiddens:drilbur_terafighting",
            "required": false
        },
        {
            "id": "cobblemonraiddens:drilbur_terafire",
            "required": false
        },
        {
            "id": "cobblemonraiddens:drilbur_teraflying",
            "required": false
        },
        {
            "id": "cobblemonraiddens:drilbur_teraghost",
            "required": false
        },
        {
            "id": "cobblemonraiddens:drilbur_teragrass",
            "required": false
        },
        {
            "id": "cobblemonraiddens:drilbur_teraground",
            "required": false
        },
        {
            "id": "cobblemonraiddens:drilbur_teraice",
            "required": false
        },
        {
            "id": "cobblemonraiddens:drilbur_teranormal",
            "required": false
        },
        {
            "id": "cobblemonraiddens:drilbur_terapoison",
            "required": false
        },
        {
            "id": "cobblemonraiddens:drilbur_terapsychic",
            "required": false
        },
        {
            "id": "cobblemonraiddens:drilbur_terarock",
            "required": false
        },
        {
            "id": "cobblemonraiddens:drilbur_terasteel",
            "required": false
        },
        {
            "id": "cobblemonraiddens:drilbur_terawater",
            "required": false
        }
    ]
}