{
    "replace": false,
    "values": [
        {
            "id": "cobblemonraiddens:drizzile_stellar",
            "required": false
        },
        {
            "id": "cobblemonraiddens:drizzile_terabug",
            "required": false
        },
        {
            "id": "cobblemonraiddens:drizzile_teradark",
            "required": false
        },
        {
            "id": "cobblemonraiddens:drizzile_teradragon",
            "required": false
        },
        {
            "id": "cobblemonraiddens:drizzile_teraelectric",
            "required": false
        },
        {
            "id": "cobblemonraiddens:drizzile_terafairy",
            "required": false
        },
        {
            "id": "cobblemonraiddens:drizzile_terafighting",
            "required": false
        },
        {
            "id": "cobblemonraiddens:drizzile_terafire",
            "required": false
        },
        {
            "id": "cobblemonraiddens:drizzile_teraflying",
            "required": false
        },
        {
            "id": "cobblemonraiddens:drizzile_teraghost",
            "required": false
        },
        {
            "id": "cobblemonraiddens:drizzile_teragrass",
            "required": false
        },
        {
            "id": "cobblemonraiddens:drizzile_teraground",
            "required": false
        },
        {
            "id": "cobblemonraiddens:drizzile_teraice",
            "required": false
        },
        {
            "id": "cobblemonraiddens:drizzile_teranormal",
            "required": false
        },
        {
            "id": "cobblemonraiddens:drizzile_terapoison",
            "required": false
        },
        {
            "id": "cobblemonraiddens:drizzile_terapsychic",
            "required": false
        },
        {
            "id": "cobblemonraiddens:drizzile_terarock",
            "required": false
        },
        {
            "id": "cobblemonraiddens:drizzile_terasteel",
            "required": false
        },
        {
            "id": "cobblemonraiddens:drizzile_terawater",
            "required": false
        }
    ]
}