{
    "replace": false,
    "values": [
        {
            "id": "cobblemonraiddens:drowzee_stellar",
            "required": false
        },
        {
            "id": "cobblemonraiddens:drowzee_terabug",
            "required": false
        },
        {
            "id": "cobblemonraiddens:drowzee_teradark",
            "required": false
        },
        {
            "id": "cobblemonraiddens:drowzee_teradragon",
            "required": false
        },
        {
            "id": "cobblemonraiddens:drowzee_teraelectric",
            "required": false
        },
        {
            "id": "cobblemonraiddens:drowzee_terafairy",
            "required": false
        },
        {
            "id": "cobblemonraiddens:drowzee_terafighting",
            "required": false
        },
        {
            "id": "cobblemonraiddens:drowzee_terafire",
            "required": false
        },
        {
            "id": "cobblemonraiddens:drowzee_teraflying",
            "required": false
        },
        {
            "id": "cobblemonraiddens:drowzee_teraghost",
            "required": false
        },
        {
            "id": "cobblemonraiddens:drowzee_teragrass",
            "required": false
        },
        {
            "id": "cobblemonraiddens:drowzee_teraground",
            "required": false
        },
        {
            "id": "cobblemonraiddens:drowzee_teraice",
            "required": false
        },
        {
            "id": "cobblemonraiddens:drowzee_teranormal",
            "required": false
        },
        {
            "id": "cobblemonraiddens:drowzee_terapoison",
            "required": false
        },
        {
            "id": "cobblemonraiddens:drowzee_terapsychic",
            "required": false
        },
        {
            "id": "cobblemonraiddens:drowzee_terarock",
            "required": false
        },
        {
            "id": "cobblemonraiddens:drowzee_terasteel",
            "required": false
        },
        {
            "id": "cobblemonraiddens:drowzee_terawater",
            "required": false
        }
    ]
}