{
    "replace": false,
    "values": [
        {
            "id": "cobblemonraiddens:druddigon_stellar",
            "required": false
        },
        {
            "id": "cobblemonraiddens:druddigon_terabug",
            "required": false
        },
        {
            "id": "cobblemonraiddens:druddigon_teradark",
            "required": false
        },
        {
            "id": "cobblemonraiddens:druddigon_teradragon",
            "required": false
        },
        {
            "id": "cobblemonraiddens:druddigon_teraelectric",
            "required": false
        },
        {
            "id": "cobblemonraiddens:druddigon_terafairy",
            "required": false
        },
        {
            "id": "cobblemonraiddens:druddigon_terafighting",
            "required": false
        },
        {
            "id": "cobblemonraiddens:druddigon_terafire",
            "required": false
        },
        {
            "id": "cobblemonraiddens:druddigon_teraflying",
            "required": false
        },
        {
            "id": "cobblemonraiddens:druddigon_teraghost",
            "required": false
        },
        {
            "id": "cobblemonraiddens:druddigon_teragrass",
            "required": false
        },
        {
            "id": "cobblemonraiddens:druddigon_teraground",
            "required": false
        },
        {
            "id": "cobblemonraiddens:druddigon_teraice",
            "required": false
        },
        {
            "id": "cobblemonraiddens:druddigon_teranormal",
            "required": false
        },
        {
            "id": "cobblemonraiddens:druddigon_terapoison",
            "required": false
        },
        {
            "id": "cobblemonraiddens:druddigon_terapsychic",
            "required": false
        },
        {
            "id": "cobblemonraiddens:druddigon_terarock",
            "required": false
        },
        {
            "id": "cobblemonraiddens:druddigon_terasteel",
            "required": false
        },
        {
            "id": "cobblemonraiddens:druddigon_terawater",
            "required": false
        }
    ]
}