{
    "replace": false,
    "values": [
        {
            "id": "cobblemonraiddens:dubwool_stellar",
            "required": false
        },
        {
            "id": "cobblemonraiddens:dubwool_terabug",
            "required": false
        },
        {
            "id": "cobblemonraiddens:dubwool_teradark",
            "required": false
        },
        {
            "id": "cobblemonraiddens:dubwool_teradragon",
            "required": false
        },
        {
            "id": "cobblemonraiddens:dubwool_teraelectric",
            "required": false
        },
        {
            "id": "cobblemonraiddens:dubwool_terafairy",
            "required": false
        },
        {
            "id": "cobblemonraiddens:dubwool_terafighting",
            "required": false
        },
        {
            "id": "cobblemonraiddens:dubwool_terafire",
            "required": false
        },
        {
            "id": "cobblemonraiddens:dubwool_teraflying",
            "required": false
        },
        {
            "id": "cobblemonraiddens:dubwool_teraghost",
            "required": false
        },
        {
            "id": "cobblemonraiddens:dubwool_teragrass",
            "required": false
        },
        {
            "id": "cobblemonraiddens:dubwool_teraground",
            "required": false
        },
        {
            "id": "cobblemonraiddens:dubwool_teraice",
            "required": false
        },
        {
            "id": "cobblemonraiddens:dubwool_teranormal",
            "required": false
        },
        {
            "id": "cobblemonraiddens:dubwool_terapoison",
            "required": false
        },
        {
            "id": "cobblemonraiddens:dubwool_terapsychic",
            "required": false
        },
        {
            "id": "cobblemonraiddens:dubwool_terarock",
            "required": false
        },
        {
            "id": "cobblemonraiddens:dubwool_terasteel",
            "required": false
        },
        {
            "id": "cobblemonraiddens:dubwool_terawater",
            "required": false
        }
    ]
}