{
    "replace": false,
    "values": [
        {
            "id": "cobblemonraiddens:ducklett_stellar",
            "required": false
        },
        {
            "id": "cobblemonraiddens:ducklett_terabug",
            "required": false
        },
        {
            "id": "cobblemonraiddens:ducklett_teradark",
            "required": false
        },
        {
            "id": "cobblemonraiddens:ducklett_teradragon",
            "required": false
        },
        {
            "id": "cobblemonraiddens:ducklett_teraelectric",
            "required": false
        },
        {
            "id": "cobblemonraiddens:ducklett_terafairy",
            "required": false
        },
        {
            "id": "cobblemonraiddens:ducklett_terafighting",
            "required": false
        },
        {
            "id": "cobblemonraiddens:ducklett_terafire",
            "required": false
        },
        {
            "id": "cobblemonraiddens:ducklett_teraflying",
            "required": false
        },
        {
            "id": "cobblemonraiddens:ducklett_teraghost",
            "required": false
        },
        {
            "id": "cobblemonraiddens:ducklett_teragrass",
            "required": false
        },
        {
            "id": "cobblemonraiddens:ducklett_teraground",
            "required": false
        },
        {
            "id": "cobblemonraiddens:ducklett_teraice",
            "required": false
        },
        {
            "id": "cobblemonraiddens:ducklett_teranormal",
            "required": false
        },
        {
            "id": "cobblemonraiddens:ducklett_terapoison",
            "required": false
        },
        {
            "id": "cobblemonraiddens:ducklett_terapsychic",
            "required": false
        },
        {
            "id": "cobblemonraiddens:ducklett_terarock",
            "required": false
        },
        {
            "id": "cobblemonraiddens:ducklett_terasteel",
            "required": false
        },
        {
            "id": "cobblemonraiddens:ducklett_terawater",
            "required": false
        }
    ]
}