{
    "replace": false,
    "values": [
        {
            "id": "cobblemonraiddens:dudunsparce_stellar",
            "required": false
        },
        {
            "id": "cobblemonraiddens:dudunsparce_terabug",
            "required": false
        },
        {
            "id": "cobblemonraiddens:dudunsparce_teradark",
            "required": false
        },
        {
            "id": "cobblemonraiddens:dudunsparce_teradragon",
            "required": false
        },
        {
            "id": "cobblemonraiddens:dudunsparce_teraelectric",
            "required": false
        },
        {
            "id": "cobblemonraiddens:dudunsparce_terafairy",
            "required": false
        },
        {
            "id": "cobblemonraiddens:dudunsparce_terafighting",
            "required": false
        },
        {
            "id": "cobblemonraiddens:dudunsparce_terafire",
            "required": false
        },
        {
            "id": "cobblemonraiddens:dudunsparce_teraflying",
            "required": false
        },
        {
            "id": "cobblemonraiddens:dudunsparce_teraghost",
            "required": false
        },
        {
            "id": "cobblemonraiddens:dudunsparce_teragrass",
            "required": false
        },
        {
            "id": "cobblemonraiddens:dudunsparce_teraground",
            "required": false
        },
        {
            "id": "cobblemonraiddens:dudunsparce_teraice",
            "required": false
        },
        {
            "id": "cobblemonraiddens:dudunsparce_teranormal",
            "required": false
        },
        {
            "id": "cobblemonraiddens:dudunsparce_terapoison",
            "required": false
        },
        {
            "id": "cobblemonraiddens:dudunsparce_terapsychic",
            "required": false
        },
        {
            "id": "cobblemonraiddens:dudunsparce_terarock",
            "required": false
        },
        {
            "id": "cobblemonraiddens:dudunsparce_terasteel",
            "required": false
        },
        {
            "id": "cobblemonraiddens:dudunsparce_terawater",
            "required": false
        }
    ]
}