{
    "replace": false,
    "values": [
        {
            "id": "cobblemonraiddens:dugtrio_stellar",
            "required": false
        },
        {
            "id": "cobblemonraiddens:dugtrio_terabug",
            "required": false
        },
        {
            "id": "cobblemonraiddens:dugtrio_teradark",
            "required": false
        },
        {
            "id": "cobblemonraiddens:dugtrio_teradragon",
            "required": false
        },
        {
            "id": "cobblemonraiddens:dugtrio_teraelectric",
            "required": false
        },
        {
            "id": "cobblemonraiddens:dugtrio_terafairy",
            "required": false
        },
        {
            "id": "cobblemonraiddens:dugtrio_terafighting",
            "required": false
        },
        {
            "id": "cobblemonraiddens:dugtrio_terafire",
            "required": false
        },
        {
            "id": "cobblemonraiddens:dugtrio_teraflying",
            "required": false
        },
        {
            "id": "cobblemonraiddens:dugtrio_teraghost",
            "required": false
        },
        {
            "id": "cobblemonraiddens:dugtrio_teragrass",
            "required": false
        },
        {
            "id": "cobblemonraiddens:dugtrio_teraground",
            "required": false
        },
        {
            "id": "cobblemonraiddens:dugtrio_teraice",
            "required": false
        },
        {
            "id": "cobblemonraiddens:dugtrio_teranormal",
            "required": false
        },
        {
            "id": "cobblemonraiddens:dugtrio_terapoison",
            "required": false
        },
        {
            "id": "cobblemonraiddens:dugtrio_terapsychic",
            "required": false
        },
        {
            "id": "cobblemonraiddens:dugtrio_terarock",
            "required": false
        },
        {
            "id": "cobblemonraiddens:dugtrio_terasteel",
            "required": false
        },
        {
            "id": "cobblemonraiddens:dugtrio_terawater",
            "required": false
        }
    ]
}