{
    "replace": false,
    "values": [
        {
            "id": "cobblemonraiddens:dunsparce_stellar",
            "required": false
        },
        {
            "id": "cobblemonraiddens:dunsparce_terabug",
            "required": false
        },
        {
            "id": "cobblemonraiddens:dunsparce_teradark",
            "required": false
        },
        {
            "id": "cobblemonraiddens:dunsparce_teradragon",
            "required": false
        },
        {
            "id": "cobblemonraiddens:dunsparce_teraelectric",
            "required": false
        },
        {
            "id": "cobblemonraiddens:dunsparce_terafairy",
            "required": false
        },
        {
            "id": "cobblemonraiddens:dunsparce_terafighting",
            "required": false
        },
        {
            "id": "cobblemonraiddens:dunsparce_terafire",
            "required": false
        },
        {
            "id": "cobblemonraiddens:dunsparce_teraflying",
            "required": false
        },
        {
            "id": "cobblemonraiddens:dunsparce_teraghost",
            "required": false
        },
        {
            "id": "cobblemonraiddens:dunsparce_teragrass",
            "required": false
        },
        {
            "id": "cobblemonraiddens:dunsparce_teraground",
            "required": false
        },
        {
            "id": "cobblemonraiddens:dunsparce_teraice",
            "required": false
        },
        {
            "id": "cobblemonraiddens:dunsparce_teranormal",
            "required": false
        },
        {
            "id": "cobblemonraiddens:dunsparce_terapoison",
            "required": false
        },
        {
            "id": "cobblemonraiddens:dunsparce_terapsychic",
            "required": false
        },
        {
            "id": "cobblemonraiddens:dunsparce_terarock",
            "required": false
        },
        {
            "id": "cobblemonraiddens:dunsparce_terasteel",
            "required": false
        },
        {
            "id": "cobblemonraiddens:dunsparce_terawater",
            "required": false
        }
    ]
}