{
    "replace": false,
    "values": [
        {
            "id": "cobblemonraiddens:duosion_stellar",
            "required": false
        },
        {
            "id": "cobblemonraiddens:duosion_terabug",
            "required": false
        },
        {
            "id": "cobblemonraiddens:duosion_teradark",
            "required": false
        },
        {
            "id": "cobblemonraiddens:duosion_teradragon",
            "required": false
        },
        {
            "id": "cobblemonraiddens:duosion_teraelectric",
            "required": false
        },
        {
            "id": "cobblemonraiddens:duosion_terafairy",
            "required": false
        },
        {
            "id": "cobblemonraiddens:duosion_terafighting",
            "required": false
        },
        {
            "id": "cobblemonraiddens:duosion_terafire",
            "required": false
        },
        {
            "id": "cobblemonraiddens:duosion_teraflying",
            "required": false
        },
        {
            "id": "cobblemonraiddens:duosion_teraghost",
            "required": false
        },
        {
            "id": "cobblemonraiddens:duosion_teragrass",
            "required": false
        },
        {
            "id": "cobblemonraiddens:duosion_teraground",
            "required": false
        },
        {
            "id": "cobblemonraiddens:duosion_teraice",
            "required": false
        },
        {
            "id": "cobblemonraiddens:duosion_teranormal",
            "required": false
        },
        {
            "id": "cobblemonraiddens:duosion_terapoison",
            "required": false
        },
        {
            "id": "cobblemonraiddens:duosion_terapsychic",
            "required": false
        },
        {
            "id": "cobblemonraiddens:duosion_terarock",
            "required": false
        },
        {
            "id": "cobblemonraiddens:duosion_terasteel",
            "required": false
        },
        {
            "id": "cobblemonraiddens:duosion_terawater",
            "required": false
        }
    ]
}