{
    "replace": false,
    "values": [
        {
            "id": "cobblemonraiddens:durant_stellar",
            "required": false
        },
        {
            "id": "cobblemonraiddens:durant_terabug",
            "required": false
        },
        {
            "id": "cobblemonraiddens:durant_teradark",
            "required": false
        },
        {
            "id": "cobblemonraiddens:durant_teradragon",
            "required": false
        },
        {
            "id": "cobblemonraiddens:durant_teraelectric",
            "required": false
        },
        {
            "id": "cobblemonraiddens:durant_terafairy",
            "required": false
        },
        {
            "id": "cobblemonraiddens:durant_terafighting",
            "required": false
        },
        {
            "id": "cobblemonraiddens:durant_terafire",
            "required": false
        },
        {
            "id": "cobblemonraiddens:durant_teraflying",
            "required": false
        },
        {
            "id": "cobblemonraiddens:durant_teraghost",
            "required": false
        },
        {
            "id": "cobblemonraiddens:durant_teragrass",
            "required": false
        },
        {
            "id": "cobblemonraiddens:durant_teraground",
            "required": false
        },
        {
            "id": "cobblemonraiddens:durant_teraice",
            "required": false
        },
        {
            "id": "cobblemonraiddens:durant_teranormal",
            "required": false
        },
        {
            "id": "cobblemonraiddens:durant_terapoison",
            "required": false
        },
        {
            "id": "cobblemonraiddens:durant_terapsychic",
            "required": false
        },
        {
            "id": "cobblemonraiddens:durant_terarock",
            "required": false
        },
        {
            "id": "cobblemonraiddens:durant_terasteel",
            "required": false
        },
        {
            "id": "cobblemonraiddens:durant_terawater",
            "required": false
        }
    ]
}