{
    "replace": false,
    "values": [
        {
            "id": "cobblemonraiddens:duraludon_stellar",
            "required": false
        },
        {
            "id": "cobblemonraiddens:duraludon_terabug",
            "required": false
        },
        {
            "id": "cobblemonraiddens:duraludon_teradark",
            "required": false
        },
        {
            "id": "cobblemonraiddens:duraludon_teradragon",
            "required": false
        },
        {
            "id": "cobblemonraiddens:duraludon_teraelectric",
            "required": false
        },
        {
            "id": "cobblemonraiddens:duraludon_terafairy",
            "required": false
        },
        {
            "id": "cobblemonraiddens:duraludon_terafighting",
            "required": false
        },
        {
            "id": "cobblemonraiddens:duraludon_terafire",
            "required": false
        },
        {
            "id": "cobblemonraiddens:duraludon_teraflying",
            "required": false
        },
        {
            "id": "cobblemonraiddens:duraludon_teraghost",
            "required": false
        },
        {
            "id": "cobblemonraiddens:duraludon_teragrass",
            "required": false
        },
        {
            "id": "cobblemonraiddens:duraludon_teraground",
            "required": false
        },
        {
            "id": "cobblemonraiddens:duraludon_teraice",
            "required": false
        },
        {
            "id": "cobblemonraiddens:duraludon_teranormal",
            "required": false
        },
        {
            "id": "cobblemonraiddens:duraludon_terapoison",
            "required": false
        },
        {
            "id": "cobblemonraiddens:duraludon_terapsychic",
            "required": false
        },
        {
            "id": "cobblemonraiddens:duraludon_terarock",
            "required": false
        },
        {
            "id": "cobblemonraiddens:duraludon_terasteel",
            "required": false
        },
        {
            "id": "cobblemonraiddens:duraludon_terawater",
            "required": false
        }
    ]
}