{
    "replace": false,
    "values": [
        {
            "id": "cobblemonraiddens:dusclops_stellar",
            "required": false
        },
        {
            "id": "cobblemonraiddens:dusclops_terabug",
            "required": false
        },
        {
            "id": "cobblemonraiddens:dusclops_teradark",
            "required": false
        },
        {
            "id": "cobblemonraiddens:dusclops_teradragon",
            "required": false
        },
        {
            "id": "cobblemonraiddens:dusclops_teraelectric",
            "required": false
        },
        {
            "id": "cobblemonraiddens:dusclops_terafairy",
            "required": false
        },
        {
            "id": "cobblemonraiddens:dusclops_terafighting",
            "required": false
        },
        {
            "id": "cobblemonraiddens:dusclops_terafire",
            "required": false
        },
        {
            "id": "cobblemonraiddens:dusclops_teraflying",
            "required": false
        },
        {
            "id": "cobblemonraiddens:dusclops_teraghost",
            "required": false
        },
        {
            "id": "cobblemonraiddens:dusclops_teragrass",
            "required": false
        },
        {
            "id": "cobblemonraiddens:dusclops_teraground",
            "required": false
        },
        {
            "id": "cobblemonraiddens:dusclops_teraice",
            "required": false
        },
        {
            "id": "cobblemonraiddens:dusclops_teranormal",
            "required": false
        },
        {
            "id": "cobblemonraiddens:dusclops_terapoison",
            "required": false
        },
        {
            "id": "cobblemonraiddens:dusclops_terapsychic",
            "required": false
        },
        {
            "id": "cobblemonraiddens:dusclops_terarock",
            "required": false
        },
        {
            "id": "cobblemonraiddens:dusclops_terasteel",
            "required": false
        },
        {
            "id": "cobblemonraiddens:dusclops_terawater",
            "required": false
        }
    ]
}