{
    "replace": false,
    "values": [
        {
            "id": "cobblemonraiddens:dusknoir_stellar",
            "required": false
        },
        {
            "id": "cobblemonraiddens:dusknoir_terabug",
            "required": false
        },
        {
            "id": "cobblemonraiddens:dusknoir_teradark",
            "required": false
        },
        {
            "id": "cobblemonraiddens:dusknoir_teradragon",
            "required": false
        },
        {
            "id": "cobblemonraiddens:dusknoir_teraelectric",
            "required": false
        },
        {
            "id": "cobblemonraiddens:dusknoir_terafairy",
            "required": false
        },
        {
            "id": "cobblemonraiddens:dusknoir_terafighting",
            "required": false
        },
        {
            "id": "cobblemonraiddens:dusknoir_terafire",
            "required": false
        },
        {
            "id": "cobblemonraiddens:dusknoir_teraflying",
            "required": false
        },
        {
            "id": "cobblemonraiddens:dusknoir_teraghost",
            "required": false
        },
        {
            "id": "cobblemonraiddens:dusknoir_teragrass",
            "required": false
        },
        {
            "id": "cobblemonraiddens:dusknoir_teraground",
            "required": false
        },
        {
            "id": "cobblemonraiddens:dusknoir_teraice",
            "required": false
        },
        {
            "id": "cobblemonraiddens:dusknoir_teranormal",
            "required": false
        },
        {
            "id": "cobblemonraiddens:dusknoir_terapoison",
            "required": false
        },
        {
            "id": "cobblemonraiddens:dusknoir_terapsychic",
            "required": false
        },
        {
            "id": "cobblemonraiddens:dusknoir_terarock",
            "required": false
        },
        {
            "id": "cobblemonraiddens:dusknoir_terasteel",
            "required": false
        },
        {
            "id": "cobblemonraiddens:dusknoir_terawater",
            "required": false
        }
    ]
}