{
    "replace": false,
    "values": [
        {
            "id": "cobblemonraiddens:duskull_stellar",
            "required": false
        },
        {
            "id": "cobblemonraiddens:duskull_terabug",
            "required": false
        },
        {
            "id": "cobblemonraiddens:duskull_teradark",
            "required": false
        },
        {
            "id": "cobblemonraiddens:duskull_teradragon",
            "required": false
        },
        {
            "id": "cobblemonraiddens:duskull_teraelectric",
            "required": false
        },
        {
            "id": "cobblemonraiddens:duskull_terafairy",
            "required": false
        },
        {
            "id": "cobblemonraiddens:duskull_terafighting",
            "required": false
        },
        {
            "id": "cobblemonraiddens:duskull_terafire",
            "required": false
        },
        {
            "id": "cobblemonraiddens:duskull_teraflying",
            "required": false
        },
        {
            "id": "cobblemonraiddens:duskull_teraghost",
            "required": false
        },
        {
            "id": "cobblemonraiddens:duskull_teragrass",
            "required": false
        },
        {
            "id": "cobblemonraiddens:duskull_teraground",
            "required": false
        },
        {
            "id": "cobblemonraiddens:duskull_teraice",
            "required": false
        },
        {
            "id": "cobblemonraiddens:duskull_teranormal",
            "required": false
        },
        {
            "id": "cobblemonraiddens:duskull_terapoison",
            "required": false
        },
        {
            "id": "cobblemonraiddens:duskull_terapsychic",
            "required": false
        },
        {
            "id": "cobblemonraiddens:duskull_terarock",
            "required": false
        },
        {
            "id": "cobblemonraiddens:duskull_terasteel",
            "required": false
        },
        {
            "id": "cobblemonraiddens:duskull_terawater",
            "required": false
        }
    ]
}