{
    "replace": false,
    "values": [
        {
            "id": "cobblemonraiddens:dustox_stellar",
            "required": false
        },
        {
            "id": "cobblemonraiddens:dustox_terabug",
            "required": false
        },
        {
            "id": "cobblemonraiddens:dustox_teradark",
            "required": false
        },
        {
            "id": "cobblemonraiddens:dustox_teradragon",
            "required": false
        },
        {
            "id": "cobblemonraiddens:dustox_teraelectric",
            "required": false
        },
        {
            "id": "cobblemonraiddens:dustox_terafairy",
            "required": false
        },
        {
            "id": "cobblemonraiddens:dustox_terafighting",
            "required": false
        },
        {
            "id": "cobblemonraiddens:dustox_terafire",
            "required": false
        },
        {
            "id": "cobblemonraiddens:dustox_teraflying",
            "required": false
        },
        {
            "id": "cobblemonraiddens:dustox_teraghost",
            "required": false
        },
        {
            "id": "cobblemonraiddens:dustox_teragrass",
            "required": false
        },
        {
            "id": "cobblemonraiddens:dustox_teraground",
            "required": false
        },
        {
            "id": "cobblemonraiddens:dustox_teraice",
            "required": false
        },
        {
            "id": "cobblemonraiddens:dustox_teranormal",
            "required": false
        },
        {
            "id": "cobblemonraiddens:dustox_terapoison",
            "required": false
        },
        {
            "id": "cobblemonraiddens:dustox_terapsychic",
            "required": false
        },
        {
            "id": "cobblemonraiddens:dustox_terarock",
            "required": false
        },
        {
            "id": "cobblemonraiddens:dustox_terasteel",
            "required": false
        },
        {
            "id": "cobblemonraiddens:dustox_terawater",
            "required": false
        }
    ]
}