{
    "replace": false,
    "values": [
        {
            "id": "cobblemonraiddens:dwebble_stellar",
            "required": false
        },
        {
            "id": "cobblemonraiddens:dwebble_terabug",
            "required": false
        },
        {
            "id": "cobblemonraiddens:dwebble_teradark",
            "required": false
        },
        {
            "id": "cobblemonraiddens:dwebble_teradragon",
            "required": false
        },
        {
            "id": "cobblemonraiddens:dwebble_teraelectric",
            "required": false
        },
        {
            "id": "cobblemonraiddens:dwebble_terafairy",
            "required": false
        },
        {
            "id": "cobblemonraiddens:dwebble_terafighting",
            "required": false
        },
        {
            "id": "cobblemonraiddens:dwebble_terafire",
            "required": false
        },
        {
            "id": "cobblemonraiddens:dwebble_teraflying",
            "required": false
        },
        {
            "id": "cobblemonraiddens:dwebble_teraghost",
            "required": false
        },
        {
            "id": "cobblemonraiddens:dwebble_teragrass",
            "required": false
        },
        {
            "id": "cobblemonraiddens:dwebble_teraground",
            "required": false
        },
        {
            "id": "cobblemonraiddens:dwebble_teraice",
            "required": false
        },
        {
            "id": "cobblemonraiddens:dwebble_teranormal",
            "required": false
        },
        {
            "id": "cobblemonraiddens:dwebble_terapoison",
            "required": false
        },
        {
            "id": "cobblemonraiddens:dwebble_terapsychic",
            "required": false
        },
        {
            "id": "cobblemonraiddens:dwebble_terarock",
            "required": false
        },
        {
            "id": "cobblemonraiddens:dwebble_terasteel",
            "required": false
        },
        {
            "id": "cobblemonraiddens:dwebble_terawater",
            "required": false
        }
    ]
}