{
    "replace": false,
    "values": [
        {
            "id": "cobblemonraiddens:eelektross_stellar",
            "required": false
        },
        {
            "id": "cobblemonraiddens:eelektross_terabug",
            "required": false
        },
        {
            "id": "cobblemonraiddens:eelektross_teradark",
            "required": false
        },
        {
            "id": "cobblemonraiddens:eelektross_teradragon",
            "required": false
        },
        {
            "id": "cobblemonraiddens:eelektross_teraelectric",
            "required": false
        },
        {
            "id": "cobblemonraiddens:eelektross_terafairy",
            "required": false
        },
        {
            "id": "cobblemonraiddens:eelektross_terafighting",
            "required": false
        },
        {
            "id": "cobblemonraiddens:eelektross_terafire",
            "required": false
        },
        {
            "id": "cobblemonraiddens:eelektross_teraflying",
            "required": false
        },
        {
            "id": "cobblemonraiddens:eelektross_teraghost",
            "required": false
        },
        {
            "id": "cobblemonraiddens:eelektross_teragrass",
            "required": false
        },
        {
            "id": "cobblemonraiddens:eelektross_teraground",
            "required": false
        },
        {
            "id": "cobblemonraiddens:eelektross_teraice",
            "required": false
        },
        {
            "id": "cobblemonraiddens:eelektross_teranormal",
            "required": false
        },
        {
            "id": "cobblemonraiddens:eelektross_terapoison",
            "required": false
        },
        {
            "id": "cobblemonraiddens:eelektross_terapsychic",
            "required": false
        },
        {
            "id": "cobblemonraiddens:eelektross_terarock",
            "required": false
        },
        {
            "id": "cobblemonraiddens:eelektross_terasteel",
            "required": false
        },
        {
            "id": "cobblemonraiddens:eelektross_terawater",
            "required": false
        }
    ]
}