{
    "replace": false,
    "values": [
        {
            "id": "cobblemonraiddens:eelektrik_stellar",
            "required": false
        },
        {
            "id": "cobblemonraiddens:eelektrik_terabug",
            "required": false
        },
        {
            "id": "cobblemonraiddens:eelektrik_teradark",
            "required": false
        },
        {
            "id": "cobblemonraiddens:eelektrik_teradragon",
            "required": false
        },
        {
            "id": "cobblemonraiddens:eelektrik_teraelectric",
            "required": false
        },
        {
            "id": "cobblemonraiddens:eelektrik_terafairy",
            "required": false
        },
        {
            "id": "cobblemonraiddens:eelektrik_terafighting",
            "required": false
        },
        {
            "id": "cobblemonraiddens:eelektrik_terafire",
            "required": false
        },
        {
            "id": "cobblemonraiddens:eelektrik_teraflying",
            "required": false
        },
        {
            "id": "cobblemonraiddens:eelektrik_teraghost",
            "required": false
        },
        {
            "id": "cobblemonraiddens:eelektrik_teragrass",
            "required": false
        },
        {
            "id": "cobblemonraiddens:eelektrik_teraground",
            "required": false
        },
        {
            "id": "cobblemonraiddens:eelektrik_teraice",
            "required": false
        },
        {
            "id": "cobblemonraiddens:eelektrik_teranormal",
            "required": false
        },
        {
            "id": "cobblemonraiddens:eelektrik_terapoison",
            "required": false
        },
        {
            "id": "cobblemonraiddens:eelektrik_terapsychic",
            "required": false
        },
        {
            "id": "cobblemonraiddens:eelektrik_terarock",
            "required": false
        },
        {
            "id": "cobblemonraiddens:eelektrik_terasteel",
            "required": false
        },
        {
            "id": "cobblemonraiddens:eelektrik_terawater",
            "required": false
        }
    ]
}