{
    "replace": false,
    "values": [
        {
            "id": "cobblemonraiddens:eevee_stellar",
            "required": false
        },
        {
            "id": "cobblemonraiddens:eevee_terabug",
            "required": false
        },
        {
            "id": "cobblemonraiddens:eevee_teradark",
            "required": false
        },
        {
            "id": "cobblemonraiddens:eevee_teradragon",
            "required": false
        },
        {
            "id": "cobblemonraiddens:eevee_teraelectric",
            "required": false
        },
        {
            "id": "cobblemonraiddens:eevee_terafairy",
            "required": false
        },
        {
            "id": "cobblemonraiddens:eevee_terafighting",
            "required": false
        },
        {
            "id": "cobblemonraiddens:eevee_terafire",
            "required": false
        },
        {
            "id": "cobblemonraiddens:eevee_teraflying",
            "required": false
        },
        {
            "id": "cobblemonraiddens:eevee_teraghost",
            "required": false
        },
        {
            "id": "cobblemonraiddens:eevee_teragrass",
            "required": false
        },
        {
            "id": "cobblemonraiddens:eevee_teraground",
            "required": false
        },
        {
            "id": "cobblemonraiddens:eevee_teraice",
            "required": false
        },
        {
            "id": "cobblemonraiddens:eevee_teranormal",
            "required": false
        },
        {
            "id": "cobblemonraiddens:eevee_terapoison",
            "required": false
        },
        {
            "id": "cobblemonraiddens:eevee_terapsychic",
            "required": false
        },
        {
            "id": "cobblemonraiddens:eevee_terarock",
            "required": false
        },
        {
            "id": "cobblemonraiddens:eevee_terasteel",
            "required": false
        },
        {
            "id": "cobblemonraiddens:eevee_terawater",
            "required": false
        }
    ]
}