{
    "replace": false,
    "values": [
        {
            "id": "cobblemonraiddens:eiscue_stellar",
            "required": false
        },
        {
            "id": "cobblemonraiddens:eiscue_terabug",
            "required": false
        },
        {
            "id": "cobblemonraiddens:eiscue_teradark",
            "required": false
        },
        {
            "id": "cobblemonraiddens:eiscue_teradragon",
            "required": false
        },
        {
            "id": "cobblemonraiddens:eiscue_teraelectric",
            "required": false
        },
        {
            "id": "cobblemonraiddens:eiscue_terafairy",
            "required": false
        },
        {
            "id": "cobblemonraiddens:eiscue_terafighting",
            "required": false
        },
        {
            "id": "cobblemonraiddens:eiscue_terafire",
            "required": false
        },
        {
            "id": "cobblemonraiddens:eiscue_teraflying",
            "required": false
        },
        {
            "id": "cobblemonraiddens:eiscue_teraghost",
            "required": false
        },
        {
            "id": "cobblemonraiddens:eiscue_teragrass",
            "required": false
        },
        {
            "id": "cobblemonraiddens:eiscue_teraground",
            "required": false
        },
        {
            "id": "cobblemonraiddens:eiscue_teraice",
            "required": false
        },
        {
            "id": "cobblemonraiddens:eiscue_teranormal",
            "required": false
        },
        {
            "id": "cobblemonraiddens:eiscue_terapoison",
            "required": false
        },
        {
            "id": "cobblemonraiddens:eiscue_terapsychic",
            "required": false
        },
        {
            "id": "cobblemonraiddens:eiscue_terarock",
            "required": false
        },
        {
            "id": "cobblemonraiddens:eiscue_terasteel",
            "required": false
        },
        {
            "id": "cobblemonraiddens:eiscue_terawater",
            "required": false
        }
    ]
}