{
    "replace": false,
    "values": [
        {
            "id": "cobblemonraiddens:ekans_stellar",
            "required": false
        },
        {
            "id": "cobblemonraiddens:ekans_terabug",
            "required": false
        },
        {
            "id": "cobblemonraiddens:ekans_teradark",
            "required": false
        },
        {
            "id": "cobblemonraiddens:ekans_teradragon",
            "required": false
        },
        {
            "id": "cobblemonraiddens:ekans_teraelectric",
            "required": false
        },
        {
            "id": "cobblemonraiddens:ekans_terafairy",
            "required": false
        },
        {
            "id": "cobblemonraiddens:ekans_terafighting",
            "required": false
        },
        {
            "id": "cobblemonraiddens:ekans_terafire",
            "required": false
        },
        {
            "id": "cobblemonraiddens:ekans_teraflying",
            "required": false
        },
        {
            "id": "cobblemonraiddens:ekans_teraghost",
            "required": false
        },
        {
            "id": "cobblemonraiddens:ekans_teragrass",
            "required": false
        },
        {
            "id": "cobblemonraiddens:ekans_teraground",
            "required": false
        },
        {
            "id": "cobblemonraiddens:ekans_teraice",
            "required": false
        },
        {
            "id": "cobblemonraiddens:ekans_teranormal",
            "required": false
        },
        {
            "id": "cobblemonraiddens:ekans_terapoison",
            "required": false
        },
        {
            "id": "cobblemonraiddens:ekans_terapsychic",
            "required": false
        },
        {
            "id": "cobblemonraiddens:ekans_terarock",
            "required": false
        },
        {
            "id": "cobblemonraiddens:ekans_terasteel",
            "required": false
        },
        {
            "id": "cobblemonraiddens:ekans_terawater",
            "required": false
        }
    ]
}