{
    "replace": false,
    "values": [
        {
            "id": "cobblemonraiddens:eldegoss_stellar",
            "required": false
        },
        {
            "id": "cobblemonraiddens:eldegoss_terabug",
            "required": false
        },
        {
            "id": "cobblemonraiddens:eldegoss_teradark",
            "required": false
        },
        {
            "id": "cobblemonraiddens:eldegoss_teradragon",
            "required": false
        },
        {
            "id": "cobblemonraiddens:eldegoss_teraelectric",
            "required": false
        },
        {
            "id": "cobblemonraiddens:eldegoss_terafairy",
            "required": false
        },
        {
            "id": "cobblemonraiddens:eldegoss_terafighting",
            "required": false
        },
        {
            "id": "cobblemonraiddens:eldegoss_terafire",
            "required": false
        },
        {
            "id": "cobblemonraiddens:eldegoss_teraflying",
            "required": false
        },
        {
            "id": "cobblemonraiddens:eldegoss_teraghost",
            "required": false
        },
        {
            "id": "cobblemonraiddens:eldegoss_teragrass",
            "required": false
        },
        {
            "id": "cobblemonraiddens:eldegoss_teraground",
            "required": false
        },
        {
            "id": "cobblemonraiddens:eldegoss_teraice",
            "required": false
        },
        {
            "id": "cobblemonraiddens:eldegoss_teranormal",
            "required": false
        },
        {
            "id": "cobblemonraiddens:eldegoss_terapoison",
            "required": false
        },
        {
            "id": "cobblemonraiddens:eldegoss_terapsychic",
            "required": false
        },
        {
            "id": "cobblemonraiddens:eldegoss_terarock",
            "required": false
        },
        {
            "id": "cobblemonraiddens:eldegoss_terasteel",
            "required": false
        },
        {
            "id": "cobblemonraiddens:eldegoss_terawater",
            "required": false
        }
    ]
}