{
    "replace": false,
    "values": [
        {
            "id": "cobblemonraiddens:electrode_stellar",
            "required": false
        },
        {
            "id": "cobblemonraiddens:electrode_terabug",
            "required": false
        },
        {
            "id": "cobblemonraiddens:electrode_teradark",
            "required": false
        },
        {
            "id": "cobblemonraiddens:electrode_teradragon",
            "required": false
        },
        {
            "id": "cobblemonraiddens:electrode_teraelectric",
            "required": false
        },
        {
            "id": "cobblemonraiddens:electrode_terafairy",
            "required": false
        },
        {
            "id": "cobblemonraiddens:electrode_terafighting",
            "required": false
        },
        {
            "id": "cobblemonraiddens:electrode_terafire",
            "required": false
        },
        {
            "id": "cobblemonraiddens:electrode_teraflying",
            "required": false
        },
        {
            "id": "cobblemonraiddens:electrode_teraghost",
            "required": false
        },
        {
            "id": "cobblemonraiddens:electrode_teragrass",
            "required": false
        },
        {
            "id": "cobblemonraiddens:electrode_teraground",
            "required": false
        },
        {
            "id": "cobblemonraiddens:electrode_teraice",
            "required": false
        },
        {
            "id": "cobblemonraiddens:electrode_teranormal",
            "required": false
        },
        {
            "id": "cobblemonraiddens:electrode_terapoison",
            "required": false
        },
        {
            "id": "cobblemonraiddens:electrode_terapsychic",
            "required": false
        },
        {
            "id": "cobblemonraiddens:electrode_terarock",
            "required": false
        },
        {
            "id": "cobblemonraiddens:electrode_terasteel",
            "required": false
        },
        {
            "id": "cobblemonraiddens:electrode_terawater",
            "required": false
        }
    ]
}