{
    "replace": false,
    "values": [
        {
            "id": "cobblemonraiddens:electabuzz_stellar",
            "required": false
        },
        {
            "id": "cobblemonraiddens:electabuzz_terabug",
            "required": false
        },
        {
            "id": "cobblemonraiddens:electabuzz_teradark",
            "required": false
        },
        {
            "id": "cobblemonraiddens:electabuzz_teradragon",
            "required": false
        },
        {
            "id": "cobblemonraiddens:electabuzz_teraelectric",
            "required": false
        },
        {
            "id": "cobblemonraiddens:electabuzz_terafairy",
            "required": false
        },
        {
            "id": "cobblemonraiddens:electabuzz_terafighting",
            "required": false
        },
        {
            "id": "cobblemonraiddens:electabuzz_terafire",
            "required": false
        },
        {
            "id": "cobblemonraiddens:electabuzz_teraflying",
            "required": false
        },
        {
            "id": "cobblemonraiddens:electabuzz_teraghost",
            "required": false
        },
        {
            "id": "cobblemonraiddens:electabuzz_teragrass",
            "required": false
        },
        {
            "id": "cobblemonraiddens:electabuzz_teraground",
            "required": false
        },
        {
            "id": "cobblemonraiddens:electabuzz_teraice",
            "required": false
        },
        {
            "id": "cobblemonraiddens:electabuzz_teranormal",
            "required": false
        },
        {
            "id": "cobblemonraiddens:electabuzz_terapoison",
            "required": false
        },
        {
            "id": "cobblemonraiddens:electabuzz_terapsychic",
            "required": false
        },
        {
            "id": "cobblemonraiddens:electabuzz_terarock",
            "required": false
        },
        {
            "id": "cobblemonraiddens:electabuzz_terasteel",
            "required": false
        },
        {
            "id": "cobblemonraiddens:electabuzz_terawater",
            "required": false
        }
    ]
}