{
    "replace": false,
    "values": [
        {
            "id": "cobblemonraiddens:electrike_stellar",
            "required": false
        },
        {
            "id": "cobblemonraiddens:electrike_terabug",
            "required": false
        },
        {
            "id": "cobblemonraiddens:electrike_teradark",
            "required": false
        },
        {
            "id": "cobblemonraiddens:electrike_teradragon",
            "required": false
        },
        {
            "id": "cobblemonraiddens:electrike_teraelectric",
            "required": false
        },
        {
            "id": "cobblemonraiddens:electrike_terafairy",
            "required": false
        },
        {
            "id": "cobblemonraiddens:electrike_terafighting",
            "required": false
        },
        {
            "id": "cobblemonraiddens:electrike_terafire",
            "required": false
        },
        {
            "id": "cobblemonraiddens:electrike_teraflying",
            "required": false
        },
        {
            "id": "cobblemonraiddens:electrike_teraghost",
            "required": false
        },
        {
            "id": "cobblemonraiddens:electrike_teragrass",
            "required": false
        },
        {
            "id": "cobblemonraiddens:electrike_teraground",
            "required": false
        },
        {
            "id": "cobblemonraiddens:electrike_teraice",
            "required": false
        },
        {
            "id": "cobblemonraiddens:electrike_teranormal",
            "required": false
        },
        {
            "id": "cobblemonraiddens:electrike_terapoison",
            "required": false
        },
        {
            "id": "cobblemonraiddens:electrike_terapsychic",
            "required": false
        },
        {
            "id": "cobblemonraiddens:electrike_terarock",
            "required": false
        },
        {
            "id": "cobblemonraiddens:electrike_terasteel",
            "required": false
        },
        {
            "id": "cobblemonraiddens:electrike_terawater",
            "required": false
        }
    ]
}