{
    "replace": false,
    "values": [
        {
            "id": "cobblemonraiddens:electivire_stellar",
            "required": false
        },
        {
            "id": "cobblemonraiddens:electivire_terabug",
            "required": false
        },
        {
            "id": "cobblemonraiddens:electivire_teradark",
            "required": false
        },
        {
            "id": "cobblemonraiddens:electivire_teradragon",
            "required": false
        },
        {
            "id": "cobblemonraiddens:electivire_teraelectric",
            "required": false
        },
        {
            "id": "cobblemonraiddens:electivire_terafairy",
            "required": false
        },
        {
            "id": "cobblemonraiddens:electivire_terafighting",
            "required": false
        },
        {
            "id": "cobblemonraiddens:electivire_terafire",
            "required": false
        },
        {
            "id": "cobblemonraiddens:electivire_teraflying",
            "required": false
        },
        {
            "id": "cobblemonraiddens:electivire_teraghost",
            "required": false
        },
        {
            "id": "cobblemonraiddens:electivire_teragrass",
            "required": false
        },
        {
            "id": "cobblemonraiddens:electivire_teraground",
            "required": false
        },
        {
            "id": "cobblemonraiddens:electivire_teraice",
            "required": false
        },
        {
            "id": "cobblemonraiddens:electivire_teranormal",
            "required": false
        },
        {
            "id": "cobblemonraiddens:electivire_terapoison",
            "required": false
        },
        {
            "id": "cobblemonraiddens:electivire_terapsychic",
            "required": false
        },
        {
            "id": "cobblemonraiddens:electivire_terarock",
            "required": false
        },
        {
            "id": "cobblemonraiddens:electivire_terasteel",
            "required": false
        },
        {
            "id": "cobblemonraiddens:electivire_terawater",
            "required": false
        }
    ]
}