{
    "replace": false,
    "values": [
        {
            "id": "cobblemonraiddens:elekid_stellar",
            "required": false
        },
        {
            "id": "cobblemonraiddens:elekid_terabug",
            "required": false
        },
        {
            "id": "cobblemonraiddens:elekid_teradark",
            "required": false
        },
        {
            "id": "cobblemonraiddens:elekid_teradragon",
            "required": false
        },
        {
            "id": "cobblemonraiddens:elekid_teraelectric",
            "required": false
        },
        {
            "id": "cobblemonraiddens:elekid_terafairy",
            "required": false
        },
        {
            "id": "cobblemonraiddens:elekid_terafighting",
            "required": false
        },
        {
            "id": "cobblemonraiddens:elekid_terafire",
            "required": false
        },
        {
            "id": "cobblemonraiddens:elekid_teraflying",
            "required": false
        },
        {
            "id": "cobblemonraiddens:elekid_teraghost",
            "required": false
        },
        {
            "id": "cobblemonraiddens:elekid_teragrass",
            "required": false
        },
        {
            "id": "cobblemonraiddens:elekid_teraground",
            "required": false
        },
        {
            "id": "cobblemonraiddens:elekid_teraice",
            "required": false
        },
        {
            "id": "cobblemonraiddens:elekid_teranormal",
            "required": false
        },
        {
            "id": "cobblemonraiddens:elekid_terapoison",
            "required": false
        },
        {
            "id": "cobblemonraiddens:elekid_terapsychic",
            "required": false
        },
        {
            "id": "cobblemonraiddens:elekid_terarock",
            "required": false
        },
        {
            "id": "cobblemonraiddens:elekid_terasteel",
            "required": false
        },
        {
            "id": "cobblemonraiddens:elekid_terawater",
            "required": false
        }
    ]
}