{
    "replace": false,
    "values": [
        {
            "id": "cobblemonraiddens:elgyem_stellar",
            "required": false
        },
        {
            "id": "cobblemonraiddens:elgyem_terabug",
            "required": false
        },
        {
            "id": "cobblemonraiddens:elgyem_teradark",
            "required": false
        },
        {
            "id": "cobblemonraiddens:elgyem_teradragon",
            "required": false
        },
        {
            "id": "cobblemonraiddens:elgyem_teraelectric",
            "required": false
        },
        {
            "id": "cobblemonraiddens:elgyem_terafairy",
            "required": false
        },
        {
            "id": "cobblemonraiddens:elgyem_terafighting",
            "required": false
        },
        {
            "id": "cobblemonraiddens:elgyem_terafire",
            "required": false
        },
        {
            "id": "cobblemonraiddens:elgyem_teraflying",
            "required": false
        },
        {
            "id": "cobblemonraiddens:elgyem_teraghost",
            "required": false
        },
        {
            "id": "cobblemonraiddens:elgyem_teragrass",
            "required": false
        },
        {
            "id": "cobblemonraiddens:elgyem_teraground",
            "required": false
        },
        {
            "id": "cobblemonraiddens:elgyem_teraice",
            "required": false
        },
        {
            "id": "cobblemonraiddens:elgyem_teranormal",
            "required": false
        },
        {
            "id": "cobblemonraiddens:elgyem_terapoison",
            "required": false
        },
        {
            "id": "cobblemonraiddens:elgyem_terapsychic",
            "required": false
        },
        {
            "id": "cobblemonraiddens:elgyem_terarock",
            "required": false
        },
        {
            "id": "cobblemonraiddens:elgyem_terasteel",
            "required": false
        },
        {
            "id": "cobblemonraiddens:elgyem_terawater",
            "required": false
        }
    ]
}