{
    "replace": false,
    "values": [
        {
            "id": "cobblemonraiddens:emboar_stellar",
            "required": false
        },
        {
            "id": "cobblemonraiddens:emboar_terabug",
            "required": false
        },
        {
            "id": "cobblemonraiddens:emboar_teradark",
            "required": false
        },
        {
            "id": "cobblemonraiddens:emboar_teradragon",
            "required": false
        },
        {
            "id": "cobblemonraiddens:emboar_teraelectric",
            "required": false
        },
        {
            "id": "cobblemonraiddens:emboar_terafairy",
            "required": false
        },
        {
            "id": "cobblemonraiddens:emboar_terafighting",
            "required": false
        },
        {
            "id": "cobblemonraiddens:emboar_terafire",
            "required": false
        },
        {
            "id": "cobblemonraiddens:emboar_teraflying",
            "required": false
        },
        {
            "id": "cobblemonraiddens:emboar_teraghost",
            "required": false
        },
        {
            "id": "cobblemonraiddens:emboar_teragrass",
            "required": false
        },
        {
            "id": "cobblemonraiddens:emboar_teraground",
            "required": false
        },
        {
            "id": "cobblemonraiddens:emboar_teraice",
            "required": false
        },
        {
            "id": "cobblemonraiddens:emboar_teranormal",
            "required": false
        },
        {
            "id": "cobblemonraiddens:emboar_terapoison",
            "required": false
        },
        {
            "id": "cobblemonraiddens:emboar_terapsychic",
            "required": false
        },
        {
            "id": "cobblemonraiddens:emboar_terarock",
            "required": false
        },
        {
            "id": "cobblemonraiddens:emboar_terasteel",
            "required": false
        },
        {
            "id": "cobblemonraiddens:emboar_terawater",
            "required": false
        }
    ]
}