{
    "replace": false,
    "values": [
        {
            "id": "cobblemonraiddens:emolga_stellar",
            "required": false
        },
        {
            "id": "cobblemonraiddens:emolga_terabug",
            "required": false
        },
        {
            "id": "cobblemonraiddens:emolga_teradark",
            "required": false
        },
        {
            "id": "cobblemonraiddens:emolga_teradragon",
            "required": false
        },
        {
            "id": "cobblemonraiddens:emolga_teraelectric",
            "required": false
        },
        {
            "id": "cobblemonraiddens:emolga_terafairy",
            "required": false
        },
        {
            "id": "cobblemonraiddens:emolga_terafighting",
            "required": false
        },
        {
            "id": "cobblemonraiddens:emolga_terafire",
            "required": false
        },
        {
            "id": "cobblemonraiddens:emolga_teraflying",
            "required": false
        },
        {
            "id": "cobblemonraiddens:emolga_teraghost",
            "required": false
        },
        {
            "id": "cobblemonraiddens:emolga_teragrass",
            "required": false
        },
        {
            "id": "cobblemonraiddens:emolga_teraground",
            "required": false
        },
        {
            "id": "cobblemonraiddens:emolga_teraice",
            "required": false
        },
        {
            "id": "cobblemonraiddens:emolga_teranormal",
            "required": false
        },
        {
            "id": "cobblemonraiddens:emolga_terapoison",
            "required": false
        },
        {
            "id": "cobblemonraiddens:emolga_terapsychic",
            "required": false
        },
        {
            "id": "cobblemonraiddens:emolga_terarock",
            "required": false
        },
        {
            "id": "cobblemonraiddens:emolga_terasteel",
            "required": false
        },
        {
            "id": "cobblemonraiddens:emolga_terawater",
            "required": false
        }
    ]
}