{
    "replace": false,
    "values": [
        {
            "id": "cobblemonraiddens:empoleon_stellar",
            "required": false
        },
        {
            "id": "cobblemonraiddens:empoleon_terabug",
            "required": false
        },
        {
            "id": "cobblemonraiddens:empoleon_teradark",
            "required": false
        },
        {
            "id": "cobblemonraiddens:empoleon_teradragon",
            "required": false
        },
        {
            "id": "cobblemonraiddens:empoleon_teraelectric",
            "required": false
        },
        {
            "id": "cobblemonraiddens:empoleon_terafairy",
            "required": false
        },
        {
            "id": "cobblemonraiddens:empoleon_terafighting",
            "required": false
        },
        {
            "id": "cobblemonraiddens:empoleon_terafire",
            "required": false
        },
        {
            "id": "cobblemonraiddens:empoleon_teraflying",
            "required": false
        },
        {
            "id": "cobblemonraiddens:empoleon_teraghost",
            "required": false
        },
        {
            "id": "cobblemonraiddens:empoleon_teragrass",
            "required": false
        },
        {
            "id": "cobblemonraiddens:empoleon_teraground",
            "required": false
        },
        {
            "id": "cobblemonraiddens:empoleon_teraice",
            "required": false
        },
        {
            "id": "cobblemonraiddens:empoleon_teranormal",
            "required": false
        },
        {
            "id": "cobblemonraiddens:empoleon_terapoison",
            "required": false
        },
        {
            "id": "cobblemonraiddens:empoleon_terapsychic",
            "required": false
        },
        {
            "id": "cobblemonraiddens:empoleon_terarock",
            "required": false
        },
        {
            "id": "cobblemonraiddens:empoleon_terasteel",
            "required": false
        },
        {
            "id": "cobblemonraiddens:empoleon_terawater",
            "required": false
        }
    ]
}