{
    "replace": false,
    "values": [
        {
            "id": "cobblemonraiddens:enamorus_stellar",
            "required": false
        },
        {
            "id": "cobblemonraiddens:enamorus_terabug",
            "required": false
        },
        {
            "id": "cobblemonraiddens:enamorus_teradark",
            "required": false
        },
        {
            "id": "cobblemonraiddens:enamorus_teradragon",
            "required": false
        },
        {
            "id": "cobblemonraiddens:enamorus_teraelectric",
            "required": false
        },
        {
            "id": "cobblemonraiddens:enamorus_terafairy",
            "required": false
        },
        {
            "id": "cobblemonraiddens:enamorus_terafighting",
            "required": false
        },
        {
            "id": "cobblemonraiddens:enamorus_terafire",
            "required": false
        },
        {
            "id": "cobblemonraiddens:enamorus_teraflying",
            "required": false
        },
        {
            "id": "cobblemonraiddens:enamorus_teraghost",
            "required": false
        },
        {
            "id": "cobblemonraiddens:enamorus_teragrass",
            "required": false
        },
        {
            "id": "cobblemonraiddens:enamorus_teraground",
            "required": false
        },
        {
            "id": "cobblemonraiddens:enamorus_teraice",
            "required": false
        },
        {
            "id": "cobblemonraiddens:enamorus_teranormal",
            "required": false
        },
        {
            "id": "cobblemonraiddens:enamorus_terapoison",
            "required": false
        },
        {
            "id": "cobblemonraiddens:enamorus_terapsychic",
            "required": false
        },
        {
            "id": "cobblemonraiddens:enamorus_terarock",
            "required": false
        },
        {
            "id": "cobblemonraiddens:enamorus_terasteel",
            "required": false
        },
        {
            "id": "cobblemonraiddens:enamorus_terawater",
            "required": false
        }
    ]
}