{
    "replace": false,
    "values": [
        {
            "id": "cobblemonraiddens:entei_stellar",
            "required": false
        },
        {
            "id": "cobblemonraiddens:entei_terabug",
            "required": false
        },
        {
            "id": "cobblemonraiddens:entei_teradark",
            "required": false
        },
        {
            "id": "cobblemonraiddens:entei_teradragon",
            "required": false
        },
        {
            "id": "cobblemonraiddens:entei_teraelectric",
            "required": false
        },
        {
            "id": "cobblemonraiddens:entei_terafairy",
            "required": false
        },
        {
            "id": "cobblemonraiddens:entei_terafighting",
            "required": false
        },
        {
            "id": "cobblemonraiddens:entei_terafire",
            "required": false
        },
        {
            "id": "cobblemonraiddens:entei_teraflying",
            "required": false
        },
        {
            "id": "cobblemonraiddens:entei_teraghost",
            "required": false
        },
        {
            "id": "cobblemonraiddens:entei_teragrass",
            "required": false
        },
        {
            "id": "cobblemonraiddens:entei_teraground",
            "required": false
        },
        {
            "id": "cobblemonraiddens:entei_teraice",
            "required": false
        },
        {
            "id": "cobblemonraiddens:entei_teranormal",
            "required": false
        },
        {
            "id": "cobblemonraiddens:entei_terapoison",
            "required": false
        },
        {
            "id": "cobblemonraiddens:entei_terapsychic",
            "required": false
        },
        {
            "id": "cobblemonraiddens:entei_terarock",
            "required": false
        },
        {
            "id": "cobblemonraiddens:entei_terasteel",
            "required": false
        },
        {
            "id": "cobblemonraiddens:entei_terawater",
            "required": false
        }
    ]
}