{
    "replace": false,
    "values": [
        {
            "id": "cobblemonraiddens:escavalier_stellar",
            "required": false
        },
        {
            "id": "cobblemonraiddens:escavalier_terabug",
            "required": false
        },
        {
            "id": "cobblemonraiddens:escavalier_teradark",
            "required": false
        },
        {
            "id": "cobblemonraiddens:escavalier_teradragon",
            "required": false
        },
        {
            "id": "cobblemonraiddens:escavalier_teraelectric",
            "required": false
        },
        {
            "id": "cobblemonraiddens:escavalier_terafairy",
            "required": false
        },
        {
            "id": "cobblemonraiddens:escavalier_terafighting",
            "required": false
        },
        {
            "id": "cobblemonraiddens:escavalier_terafire",
            "required": false
        },
        {
            "id": "cobblemonraiddens:escavalier_teraflying",
            "required": false
        },
        {
            "id": "cobblemonraiddens:escavalier_teraghost",
            "required": false
        },
        {
            "id": "cobblemonraiddens:escavalier_teragrass",
            "required": false
        },
        {
            "id": "cobblemonraiddens:escavalier_teraground",
            "required": false
        },
        {
            "id": "cobblemonraiddens:escavalier_teraice",
            "required": false
        },
        {
            "id": "cobblemonraiddens:escavalier_teranormal",
            "required": false
        },
        {
            "id": "cobblemonraiddens:escavalier_terapoison",
            "required": false
        },
        {
            "id": "cobblemonraiddens:escavalier_terapsychic",
            "required": false
        },
        {
            "id": "cobblemonraiddens:escavalier_terarock",
            "required": false
        },
        {
            "id": "cobblemonraiddens:escavalier_terasteel",
            "required": false
        },
        {
            "id": "cobblemonraiddens:escavalier_terawater",
            "required": false
        }
    ]
}