{
    "replace": false,
    "values": [
        {
            "id": "cobblemonraiddens:espathra_stellar",
            "required": false
        },
        {
            "id": "cobblemonraiddens:espathra_terabug",
            "required": false
        },
        {
            "id": "cobblemonraiddens:espathra_teradark",
            "required": false
        },
        {
            "id": "cobblemonraiddens:espathra_teradragon",
            "required": false
        },
        {
            "id": "cobblemonraiddens:espathra_teraelectric",
            "required": false
        },
        {
            "id": "cobblemonraiddens:espathra_terafairy",
            "required": false
        },
        {
            "id": "cobblemonraiddens:espathra_terafighting",
            "required": false
        },
        {
            "id": "cobblemonraiddens:espathra_terafire",
            "required": false
        },
        {
            "id": "cobblemonraiddens:espathra_teraflying",
            "required": false
        },
        {
            "id": "cobblemonraiddens:espathra_teraghost",
            "required": false
        },
        {
            "id": "cobblemonraiddens:espathra_teragrass",
            "required": false
        },
        {
            "id": "cobblemonraiddens:espathra_teraground",
            "required": false
        },
        {
            "id": "cobblemonraiddens:espathra_teraice",
            "required": false
        },
        {
            "id": "cobblemonraiddens:espathra_teranormal",
            "required": false
        },
        {
            "id": "cobblemonraiddens:espathra_terapoison",
            "required": false
        },
        {
            "id": "cobblemonraiddens:espathra_terapsychic",
            "required": false
        },
        {
            "id": "cobblemonraiddens:espathra_terarock",
            "required": false
        },
        {
            "id": "cobblemonraiddens:espathra_terasteel",
            "required": false
        },
        {
            "id": "cobblemonraiddens:espathra_terawater",
            "required": false
        }
    ]
}