{
    "replace": false,
    "values": [
        {
            "id": "cobblemonraiddens:espeon_stellar",
            "required": false
        },
        {
            "id": "cobblemonraiddens:espeon_terabug",
            "required": false
        },
        {
            "id": "cobblemonraiddens:espeon_teradark",
            "required": false
        },
        {
            "id": "cobblemonraiddens:espeon_teradragon",
            "required": false
        },
        {
            "id": "cobblemonraiddens:espeon_teraelectric",
            "required": false
        },
        {
            "id": "cobblemonraiddens:espeon_terafairy",
            "required": false
        },
        {
            "id": "cobblemonraiddens:espeon_terafighting",
            "required": false
        },
        {
            "id": "cobblemonraiddens:espeon_terafire",
            "required": false
        },
        {
            "id": "cobblemonraiddens:espeon_teraflying",
            "required": false
        },
        {
            "id": "cobblemonraiddens:espeon_teraghost",
            "required": false
        },
        {
            "id": "cobblemonraiddens:espeon_teragrass",
            "required": false
        },
        {
            "id": "cobblemonraiddens:espeon_teraground",
            "required": false
        },
        {
            "id": "cobblemonraiddens:espeon_teraice",
            "required": false
        },
        {
            "id": "cobblemonraiddens:espeon_teranormal",
            "required": false
        },
        {
            "id": "cobblemonraiddens:espeon_terapoison",
            "required": false
        },
        {
            "id": "cobblemonraiddens:espeon_terapsychic",
            "required": false
        },
        {
            "id": "cobblemonraiddens:espeon_terarock",
            "required": false
        },
        {
            "id": "cobblemonraiddens:espeon_terasteel",
            "required": false
        },
        {
            "id": "cobblemonraiddens:espeon_terawater",
            "required": false
        }
    ]
}