{
    "replace": false,
    "values": [
        {
            "id": "cobblemonraiddens:espurr_stellar",
            "required": false
        },
        {
            "id": "cobblemonraiddens:espurr_terabug",
            "required": false
        },
        {
            "id": "cobblemonraiddens:espurr_teradark",
            "required": false
        },
        {
            "id": "cobblemonraiddens:espurr_teradragon",
            "required": false
        },
        {
            "id": "cobblemonraiddens:espurr_teraelectric",
            "required": false
        },
        {
            "id": "cobblemonraiddens:espurr_terafairy",
            "required": false
        },
        {
            "id": "cobblemonraiddens:espurr_terafighting",
            "required": false
        },
        {
            "id": "cobblemonraiddens:espurr_terafire",
            "required": false
        },
        {
            "id": "cobblemonraiddens:espurr_teraflying",
            "required": false
        },
        {
            "id": "cobblemonraiddens:espurr_teraghost",
            "required": false
        },
        {
            "id": "cobblemonraiddens:espurr_teragrass",
            "required": false
        },
        {
            "id": "cobblemonraiddens:espurr_teraground",
            "required": false
        },
        {
            "id": "cobblemonraiddens:espurr_teraice",
            "required": false
        },
        {
            "id": "cobblemonraiddens:espurr_teranormal",
            "required": false
        },
        {
            "id": "cobblemonraiddens:espurr_terapoison",
            "required": false
        },
        {
            "id": "cobblemonraiddens:espurr_terapsychic",
            "required": false
        },
        {
            "id": "cobblemonraiddens:espurr_terarock",
            "required": false
        },
        {
            "id": "cobblemonraiddens:espurr_terasteel",
            "required": false
        },
        {
            "id": "cobblemonraiddens:espurr_terawater",
            "required": false
        }
    ]
}