{
    "replace": false,
    "values": [
        {
            "id": "cobblemonraiddens:eternatus_stellar",
            "required": false
        },
        {
            "id": "cobblemonraiddens:eternatus_terabug",
            "required": false
        },
        {
            "id": "cobblemonraiddens:eternatus_teradark",
            "required": false
        },
        {
            "id": "cobblemonraiddens:eternatus_teradragon",
            "required": false
        },
        {
            "id": "cobblemonraiddens:eternatus_teraelectric",
            "required": false
        },
        {
            "id": "cobblemonraiddens:eternatus_terafairy",
            "required": false
        },
        {
            "id": "cobblemonraiddens:eternatus_terafighting",
            "required": false
        },
        {
            "id": "cobblemonraiddens:eternatus_terafire",
            "required": false
        },
        {
            "id": "cobblemonraiddens:eternatus_teraflying",
            "required": false
        },
        {
            "id": "cobblemonraiddens:eternatus_teraghost",
            "required": false
        },
        {
            "id": "cobblemonraiddens:eternatus_teragrass",
            "required": false
        },
        {
            "id": "cobblemonraiddens:eternatus_teraground",
            "required": false
        },
        {
            "id": "cobblemonraiddens:eternatus_teraice",
            "required": false
        },
        {
            "id": "cobblemonraiddens:eternatus_teranormal",
            "required": false
        },
        {
            "id": "cobblemonraiddens:eternatus_terapoison",
            "required": false
        },
        {
            "id": "cobblemonraiddens:eternatus_terapsychic",
            "required": false
        },
        {
            "id": "cobblemonraiddens:eternatus_terarock",
            "required": false
        },
        {
            "id": "cobblemonraiddens:eternatus_terasteel",
            "required": false
        },
        {
            "id": "cobblemonraiddens:eternatus_terawater",
            "required": false
        }
    ]
}