{
    "replace": false,
    "values": [
        {
            "id": "cobblemonraiddens:excadrill_stellar",
            "required": false
        },
        {
            "id": "cobblemonraiddens:excadrill_terabug",
            "required": false
        },
        {
            "id": "cobblemonraiddens:excadrill_teradark",
            "required": false
        },
        {
            "id": "cobblemonraiddens:excadrill_teradragon",
            "required": false
        },
        {
            "id": "cobblemonraiddens:excadrill_teraelectric",
            "required": false
        },
        {
            "id": "cobblemonraiddens:excadrill_terafairy",
            "required": false
        },
        {
            "id": "cobblemonraiddens:excadrill_terafighting",
            "required": false
        },
        {
            "id": "cobblemonraiddens:excadrill_terafire",
            "required": false
        },
        {
            "id": "cobblemonraiddens:excadrill_teraflying",
            "required": false
        },
        {
            "id": "cobblemonraiddens:excadrill_teraghost",
            "required": false
        },
        {
            "id": "cobblemonraiddens:excadrill_teragrass",
            "required": false
        },
        {
            "id": "cobblemonraiddens:excadrill_teraground",
            "required": false
        },
        {
            "id": "cobblemonraiddens:excadrill_teraice",
            "required": false
        },
        {
            "id": "cobblemonraiddens:excadrill_teranormal",
            "required": false
        },
        {
            "id": "cobblemonraiddens:excadrill_terapoison",
            "required": false
        },
        {
            "id": "cobblemonraiddens:excadrill_terapsychic",
            "required": false
        },
        {
            "id": "cobblemonraiddens:excadrill_terarock",
            "required": false
        },
        {
            "id": "cobblemonraiddens:excadrill_terasteel",
            "required": false
        },
        {
            "id": "cobblemonraiddens:excadrill_terawater",
            "required": false
        }
    ]
}