{
    "replace": false,
    "values": [
        {
            "id": "cobblemonraiddens:exeggutor_stellar",
            "required": false
        },
        {
            "id": "cobblemonraiddens:exeggutor_terabug",
            "required": false
        },
        {
            "id": "cobblemonraiddens:exeggutor_teradark",
            "required": false
        },
        {
            "id": "cobblemonraiddens:exeggutor_teradragon",
            "required": false
        },
        {
            "id": "cobblemonraiddens:exeggutor_teraelectric",
            "required": false
        },
        {
            "id": "cobblemonraiddens:exeggutor_terafairy",
            "required": false
        },
        {
            "id": "cobblemonraiddens:exeggutor_terafighting",
            "required": false
        },
        {
            "id": "cobblemonraiddens:exeggutor_terafire",
            "required": false
        },
        {
            "id": "cobblemonraiddens:exeggutor_teraflying",
            "required": false
        },
        {
            "id": "cobblemonraiddens:exeggutor_teraghost",
            "required": false
        },
        {
            "id": "cobblemonraiddens:exeggutor_teragrass",
            "required": false
        },
        {
            "id": "cobblemonraiddens:exeggutor_teraground",
            "required": false
        },
        {
            "id": "cobblemonraiddens:exeggutor_teraice",
            "required": false
        },
        {
            "id": "cobblemonraiddens:exeggutor_teranormal",
            "required": false
        },
        {
            "id": "cobblemonraiddens:exeggutor_terapoison",
            "required": false
        },
        {
            "id": "cobblemonraiddens:exeggutor_terapsychic",
            "required": false
        },
        {
            "id": "cobblemonraiddens:exeggutor_terarock",
            "required": false
        },
        {
            "id": "cobblemonraiddens:exeggutor_terasteel",
            "required": false
        },
        {
            "id": "cobblemonraiddens:exeggutor_terawater",
            "required": false
        }
    ]
}