{
    "replace": false,
    "values": [
        {
            "id": "cobblemonraiddens:exeggcute_stellar",
            "required": false
        },
        {
            "id": "cobblemonraiddens:exeggcute_terabug",
            "required": false
        },
        {
            "id": "cobblemonraiddens:exeggcute_teradark",
            "required": false
        },
        {
            "id": "cobblemonraiddens:exeggcute_teradragon",
            "required": false
        },
        {
            "id": "cobblemonraiddens:exeggcute_teraelectric",
            "required": false
        },
        {
            "id": "cobblemonraiddens:exeggcute_terafairy",
            "required": false
        },
        {
            "id": "cobblemonraiddens:exeggcute_terafighting",
            "required": false
        },
        {
            "id": "cobblemonraiddens:exeggcute_terafire",
            "required": false
        },
        {
            "id": "cobblemonraiddens:exeggcute_teraflying",
            "required": false
        },
        {
            "id": "cobblemonraiddens:exeggcute_teraghost",
            "required": false
        },
        {
            "id": "cobblemonraiddens:exeggcute_teragrass",
            "required": false
        },
        {
            "id": "cobblemonraiddens:exeggcute_teraground",
            "required": false
        },
        {
            "id": "cobblemonraiddens:exeggcute_teraice",
            "required": false
        },
        {
            "id": "cobblemonraiddens:exeggcute_teranormal",
            "required": false
        },
        {
            "id": "cobblemonraiddens:exeggcute_terapoison",
            "required": false
        },
        {
            "id": "cobblemonraiddens:exeggcute_terapsychic",
            "required": false
        },
        {
            "id": "cobblemonraiddens:exeggcute_terarock",
            "required": false
        },
        {
            "id": "cobblemonraiddens:exeggcute_terasteel",
            "required": false
        },
        {
            "id": "cobblemonraiddens:exeggcute_terawater",
            "required": false
        }
    ]
}