{
    "replace": false,
    "values": [
        {
            "id": "cobblemonraiddens:exploud_stellar",
            "required": false
        },
        {
            "id": "cobblemonraiddens:exploud_terabug",
            "required": false
        },
        {
            "id": "cobblemonraiddens:exploud_teradark",
            "required": false
        },
        {
            "id": "cobblemonraiddens:exploud_teradragon",
            "required": false
        },
        {
            "id": "cobblemonraiddens:exploud_teraelectric",
            "required": false
        },
        {
            "id": "cobblemonraiddens:exploud_terafairy",
            "required": false
        },
        {
            "id": "cobblemonraiddens:exploud_terafighting",
            "required": false
        },
        {
            "id": "cobblemonraiddens:exploud_terafire",
            "required": false
        },
        {
            "id": "cobblemonraiddens:exploud_teraflying",
            "required": false
        },
        {
            "id": "cobblemonraiddens:exploud_teraghost",
            "required": false
        },
        {
            "id": "cobblemonraiddens:exploud_teragrass",
            "required": false
        },
        {
            "id": "cobblemonraiddens:exploud_teraground",
            "required": false
        },
        {
            "id": "cobblemonraiddens:exploud_teraice",
            "required": false
        },
        {
            "id": "cobblemonraiddens:exploud_teranormal",
            "required": false
        },
        {
            "id": "cobblemonraiddens:exploud_terapoison",
            "required": false
        },
        {
            "id": "cobblemonraiddens:exploud_terapsychic",
            "required": false
        },
        {
            "id": "cobblemonraiddens:exploud_terarock",
            "required": false
        },
        {
            "id": "cobblemonraiddens:exploud_terasteel",
            "required": false
        },
        {
            "id": "cobblemonraiddens:exploud_terawater",
            "required": false
        }
    ]
}