{
    "replace": false,
    "values": [
        {
            "id": "cobblemonraiddens:falinks_stellar",
            "required": false
        },
        {
            "id": "cobblemonraiddens:falinks_terabug",
            "required": false
        },
        {
            "id": "cobblemonraiddens:falinks_teradark",
            "required": false
        },
        {
            "id": "cobblemonraiddens:falinks_teradragon",
            "required": false
        },
        {
            "id": "cobblemonraiddens:falinks_teraelectric",
            "required": false
        },
        {
            "id": "cobblemonraiddens:falinks_terafairy",
            "required": false
        },
        {
            "id": "cobblemonraiddens:falinks_terafighting",
            "required": false
        },
        {
            "id": "cobblemonraiddens:falinks_terafire",
            "required": false
        },
        {
            "id": "cobblemonraiddens:falinks_teraflying",
            "required": false
        },
        {
            "id": "cobblemonraiddens:falinks_teraghost",
            "required": false
        },
        {
            "id": "cobblemonraiddens:falinks_teragrass",
            "required": false
        },
        {
            "id": "cobblemonraiddens:falinks_teraground",
            "required": false
        },
        {
            "id": "cobblemonraiddens:falinks_teraice",
            "required": false
        },
        {
            "id": "cobblemonraiddens:falinks_teranormal",
            "required": false
        },
        {
            "id": "cobblemonraiddens:falinks_terapoison",
            "required": false
        },
        {
            "id": "cobblemonraiddens:falinks_terapsychic",
            "required": false
        },
        {
            "id": "cobblemonraiddens:falinks_terarock",
            "required": false
        },
        {
            "id": "cobblemonraiddens:falinks_terasteel",
            "required": false
        },
        {
            "id": "cobblemonraiddens:falinks_terawater",
            "required": false
        }
    ]
}