{
    "replace": false,
    "values": [
        {
            "id": "cobblemonraiddens:farfetchd_stellar",
            "required": false
        },
        {
            "id": "cobblemonraiddens:farfetchd_terabug",
            "required": false
        },
        {
            "id": "cobblemonraiddens:farfetchd_teradark",
            "required": false
        },
        {
            "id": "cobblemonraiddens:farfetchd_teradragon",
            "required": false
        },
        {
            "id": "cobblemonraiddens:farfetchd_teraelectric",
            "required": false
        },
        {
            "id": "cobblemonraiddens:farfetchd_terafairy",
            "required": false
        },
        {
            "id": "cobblemonraiddens:farfetchd_terafighting",
            "required": false
        },
        {
            "id": "cobblemonraiddens:farfetchd_terafire",
            "required": false
        },
        {
            "id": "cobblemonraiddens:farfetchd_teraflying",
            "required": false
        },
        {
            "id": "cobblemonraiddens:farfetchd_teraghost",
            "required": false
        },
        {
            "id": "cobblemonraiddens:farfetchd_teragrass",
            "required": false
        },
        {
            "id": "cobblemonraiddens:farfetchd_teraground",
            "required": false
        },
        {
            "id": "cobblemonraiddens:farfetchd_teraice",
            "required": false
        },
        {
            "id": "cobblemonraiddens:farfetchd_teranormal",
            "required": false
        },
        {
            "id": "cobblemonraiddens:farfetchd_terapoison",
            "required": false
        },
        {
            "id": "cobblemonraiddens:farfetchd_terapsychic",
            "required": false
        },
        {
            "id": "cobblemonraiddens:farfetchd_terarock",
            "required": false
        },
        {
            "id": "cobblemonraiddens:farfetchd_terasteel",
            "required": false
        },
        {
            "id": "cobblemonraiddens:farfetchd_terawater",
            "required": false
        }
    ]
}