{
    "replace": false,
    "values": [
        {
            "id": "cobblemonraiddens:farigiraf_stellar",
            "required": false
        },
        {
            "id": "cobblemonraiddens:farigiraf_terabug",
            "required": false
        },
        {
            "id": "cobblemonraiddens:farigiraf_teradark",
            "required": false
        },
        {
            "id": "cobblemonraiddens:farigiraf_teradragon",
            "required": false
        },
        {
            "id": "cobblemonraiddens:farigiraf_teraelectric",
            "required": false
        },
        {
            "id": "cobblemonraiddens:farigiraf_terafairy",
            "required": false
        },
        {
            "id": "cobblemonraiddens:farigiraf_terafighting",
            "required": false
        },
        {
            "id": "cobblemonraiddens:farigiraf_terafire",
            "required": false
        },
        {
            "id": "cobblemonraiddens:farigiraf_teraflying",
            "required": false
        },
        {
            "id": "cobblemonraiddens:farigiraf_teraghost",
            "required": false
        },
        {
            "id": "cobblemonraiddens:farigiraf_teragrass",
            "required": false
        },
        {
            "id": "cobblemonraiddens:farigiraf_teraground",
            "required": false
        },
        {
            "id": "cobblemonraiddens:farigiraf_teraice",
            "required": false
        },
        {
            "id": "cobblemonraiddens:farigiraf_teranormal",
            "required": false
        },
        {
            "id": "cobblemonraiddens:farigiraf_terapoison",
            "required": false
        },
        {
            "id": "cobblemonraiddens:farigiraf_terapsychic",
            "required": false
        },
        {
            "id": "cobblemonraiddens:farigiraf_terarock",
            "required": false
        },
        {
            "id": "cobblemonraiddens:farigiraf_terasteel",
            "required": false
        },
        {
            "id": "cobblemonraiddens:farigiraf_terawater",
            "required": false
        }
    ]
}