{
    "replace": false,
    "values": [
        {
            "id": "cobblemonraiddens:fearow_stellar",
            "required": false
        },
        {
            "id": "cobblemonraiddens:fearow_terabug",
            "required": false
        },
        {
            "id": "cobblemonraiddens:fearow_teradark",
            "required": false
        },
        {
            "id": "cobblemonraiddens:fearow_teradragon",
            "required": false
        },
        {
            "id": "cobblemonraiddens:fearow_teraelectric",
            "required": false
        },
        {
            "id": "cobblemonraiddens:fearow_terafairy",
            "required": false
        },
        {
            "id": "cobblemonraiddens:fearow_terafighting",
            "required": false
        },
        {
            "id": "cobblemonraiddens:fearow_terafire",
            "required": false
        },
        {
            "id": "cobblemonraiddens:fearow_teraflying",
            "required": false
        },
        {
            "id": "cobblemonraiddens:fearow_teraghost",
            "required": false
        },
        {
            "id": "cobblemonraiddens:fearow_teragrass",
            "required": false
        },
        {
            "id": "cobblemonraiddens:fearow_teraground",
            "required": false
        },
        {
            "id": "cobblemonraiddens:fearow_teraice",
            "required": false
        },
        {
            "id": "cobblemonraiddens:fearow_teranormal",
            "required": false
        },
        {
            "id": "cobblemonraiddens:fearow_terapoison",
            "required": false
        },
        {
            "id": "cobblemonraiddens:fearow_terapsychic",
            "required": false
        },
        {
            "id": "cobblemonraiddens:fearow_terarock",
            "required": false
        },
        {
            "id": "cobblemonraiddens:fearow_terasteel",
            "required": false
        },
        {
            "id": "cobblemonraiddens:fearow_terawater",
            "required": false
        }
    ]
}