{
    "replace": false,
    "values": [
        {
            "id": "cobblemonraiddens:feebas_stellar",
            "required": false
        },
        {
            "id": "cobblemonraiddens:feebas_terabug",
            "required": false
        },
        {
            "id": "cobblemonraiddens:feebas_teradark",
            "required": false
        },
        {
            "id": "cobblemonraiddens:feebas_teradragon",
            "required": false
        },
        {
            "id": "cobblemonraiddens:feebas_teraelectric",
            "required": false
        },
        {
            "id": "cobblemonraiddens:feebas_terafairy",
            "required": false
        },
        {
            "id": "cobblemonraiddens:feebas_terafighting",
            "required": false
        },
        {
            "id": "cobblemonraiddens:feebas_terafire",
            "required": false
        },
        {
            "id": "cobblemonraiddens:feebas_teraflying",
            "required": false
        },
        {
            "id": "cobblemonraiddens:feebas_teraghost",
            "required": false
        },
        {
            "id": "cobblemonraiddens:feebas_teragrass",
            "required": false
        },
        {
            "id": "cobblemonraiddens:feebas_teraground",
            "required": false
        },
        {
            "id": "cobblemonraiddens:feebas_teraice",
            "required": false
        },
        {
            "id": "cobblemonraiddens:feebas_teranormal",
            "required": false
        },
        {
            "id": "cobblemonraiddens:feebas_terapoison",
            "required": false
        },
        {
            "id": "cobblemonraiddens:feebas_terapsychic",
            "required": false
        },
        {
            "id": "cobblemonraiddens:feebas_terarock",
            "required": false
        },
        {
            "id": "cobblemonraiddens:feebas_terasteel",
            "required": false
        },
        {
            "id": "cobblemonraiddens:feebas_terawater",
            "required": false
        }
    ]
}