{
    "replace": false,
    "values": [
        {
            "id": "cobblemonraiddens:fennekin_stellar",
            "required": false
        },
        {
            "id": "cobblemonraiddens:fennekin_terabug",
            "required": false
        },
        {
            "id": "cobblemonraiddens:fennekin_teradark",
            "required": false
        },
        {
            "id": "cobblemonraiddens:fennekin_teradragon",
            "required": false
        },
        {
            "id": "cobblemonraiddens:fennekin_teraelectric",
            "required": false
        },
        {
            "id": "cobblemonraiddens:fennekin_terafairy",
            "required": false
        },
        {
            "id": "cobblemonraiddens:fennekin_terafighting",
            "required": false
        },
        {
            "id": "cobblemonraiddens:fennekin_terafire",
            "required": false
        },
        {
            "id": "cobblemonraiddens:fennekin_teraflying",
            "required": false
        },
        {
            "id": "cobblemonraiddens:fennekin_teraghost",
            "required": false
        },
        {
            "id": "cobblemonraiddens:fennekin_teragrass",
            "required": false
        },
        {
            "id": "cobblemonraiddens:fennekin_teraground",
            "required": false
        },
        {
            "id": "cobblemonraiddens:fennekin_teraice",
            "required": false
        },
        {
            "id": "cobblemonraiddens:fennekin_teranormal",
            "required": false
        },
        {
            "id": "cobblemonraiddens:fennekin_terapoison",
            "required": false
        },
        {
            "id": "cobblemonraiddens:fennekin_terapsychic",
            "required": false
        },
        {
            "id": "cobblemonraiddens:fennekin_terarock",
            "required": false
        },
        {
            "id": "cobblemonraiddens:fennekin_terasteel",
            "required": false
        },
        {
            "id": "cobblemonraiddens:fennekin_terawater",
            "required": false
        }
    ]
}