{
    "replace": false,
    "values": [
        {
            "id": "cobblemonraiddens:feraligatr_stellar",
            "required": false
        },
        {
            "id": "cobblemonraiddens:feraligatr_terabug",
            "required": false
        },
        {
            "id": "cobblemonraiddens:feraligatr_teradark",
            "required": false
        },
        {
            "id": "cobblemonraiddens:feraligatr_teradragon",
            "required": false
        },
        {
            "id": "cobblemonraiddens:feraligatr_teraelectric",
            "required": false
        },
        {
            "id": "cobblemonraiddens:feraligatr_terafairy",
            "required": false
        },
        {
            "id": "cobblemonraiddens:feraligatr_terafighting",
            "required": false
        },
        {
            "id": "cobblemonraiddens:feraligatr_terafire",
            "required": false
        },
        {
            "id": "cobblemonraiddens:feraligatr_teraflying",
            "required": false
        },
        {
            "id": "cobblemonraiddens:feraligatr_teraghost",
            "required": false
        },
        {
            "id": "cobblemonraiddens:feraligatr_teragrass",
            "required": false
        },
        {
            "id": "cobblemonraiddens:feraligatr_teraground",
            "required": false
        },
        {
            "id": "cobblemonraiddens:feraligatr_teraice",
            "required": false
        },
        {
            "id": "cobblemonraiddens:feraligatr_teranormal",
            "required": false
        },
        {
            "id": "cobblemonraiddens:feraligatr_terapoison",
            "required": false
        },
        {
            "id": "cobblemonraiddens:feraligatr_terapsychic",
            "required": false
        },
        {
            "id": "cobblemonraiddens:feraligatr_terarock",
            "required": false
        },
        {
            "id": "cobblemonraiddens:feraligatr_terasteel",
            "required": false
        },
        {
            "id": "cobblemonraiddens:feraligatr_terawater",
            "required": false
        }
    ]
}