{
    "replace": false,
    "values": [
        {
            "id": "cobblemonraiddens:ferrothorn_stellar",
            "required": false
        },
        {
            "id": "cobblemonraiddens:ferrothorn_terabug",
            "required": false
        },
        {
            "id": "cobblemonraiddens:ferrothorn_teradark",
            "required": false
        },
        {
            "id": "cobblemonraiddens:ferrothorn_teradragon",
            "required": false
        },
        {
            "id": "cobblemonraiddens:ferrothorn_teraelectric",
            "required": false
        },
        {
            "id": "cobblemonraiddens:ferrothorn_terafairy",
            "required": false
        },
        {
            "id": "cobblemonraiddens:ferrothorn_terafighting",
            "required": false
        },
        {
            "id": "cobblemonraiddens:ferrothorn_terafire",
            "required": false
        },
        {
            "id": "cobblemonraiddens:ferrothorn_teraflying",
            "required": false
        },
        {
            "id": "cobblemonraiddens:ferrothorn_teraghost",
            "required": false
        },
        {
            "id": "cobblemonraiddens:ferrothorn_teragrass",
            "required": false
        },
        {
            "id": "cobblemonraiddens:ferrothorn_teraground",
            "required": false
        },
        {
            "id": "cobblemonraiddens:ferrothorn_teraice",
            "required": false
        },
        {
            "id": "cobblemonraiddens:ferrothorn_teranormal",
            "required": false
        },
        {
            "id": "cobblemonraiddens:ferrothorn_terapoison",
            "required": false
        },
        {
            "id": "cobblemonraiddens:ferrothorn_terapsychic",
            "required": false
        },
        {
            "id": "cobblemonraiddens:ferrothorn_terarock",
            "required": false
        },
        {
            "id": "cobblemonraiddens:ferrothorn_terasteel",
            "required": false
        },
        {
            "id": "cobblemonraiddens:ferrothorn_terawater",
            "required": false
        }
    ]
}