{
    "replace": false,
    "values": [
        {
            "id": "cobblemonraiddens:ferroseed_stellar",
            "required": false
        },
        {
            "id": "cobblemonraiddens:ferroseed_terabug",
            "required": false
        },
        {
            "id": "cobblemonraiddens:ferroseed_teradark",
            "required": false
        },
        {
            "id": "cobblemonraiddens:ferroseed_teradragon",
            "required": false
        },
        {
            "id": "cobblemonraiddens:ferroseed_teraelectric",
            "required": false
        },
        {
            "id": "cobblemonraiddens:ferroseed_terafairy",
            "required": false
        },
        {
            "id": "cobblemonraiddens:ferroseed_terafighting",
            "required": false
        },
        {
            "id": "cobblemonraiddens:ferroseed_terafire",
            "required": false
        },
        {
            "id": "cobblemonraiddens:ferroseed_teraflying",
            "required": false
        },
        {
            "id": "cobblemonraiddens:ferroseed_teraghost",
            "required": false
        },
        {
            "id": "cobblemonraiddens:ferroseed_teragrass",
            "required": false
        },
        {
            "id": "cobblemonraiddens:ferroseed_teraground",
            "required": false
        },
        {
            "id": "cobblemonraiddens:ferroseed_teraice",
            "required": false
        },
        {
            "id": "cobblemonraiddens:ferroseed_teranormal",
            "required": false
        },
        {
            "id": "cobblemonraiddens:ferroseed_terapoison",
            "required": false
        },
        {
            "id": "cobblemonraiddens:ferroseed_terapsychic",
            "required": false
        },
        {
            "id": "cobblemonraiddens:ferroseed_terarock",
            "required": false
        },
        {
            "id": "cobblemonraiddens:ferroseed_terasteel",
            "required": false
        },
        {
            "id": "cobblemonraiddens:ferroseed_terawater",
            "required": false
        }
    ]
}