{
    "replace": false,
    "values": [
        {
            "id": "cobblemonraiddens:fezandipiti_stellar",
            "required": false
        },
        {
            "id": "cobblemonraiddens:fezandipiti_terabug",
            "required": false
        },
        {
            "id": "cobblemonraiddens:fezandipiti_teradark",
            "required": false
        },
        {
            "id": "cobblemonraiddens:fezandipiti_teradragon",
            "required": false
        },
        {
            "id": "cobblemonraiddens:fezandipiti_teraelectric",
            "required": false
        },
        {
            "id": "cobblemonraiddens:fezandipiti_terafairy",
            "required": false
        },
        {
            "id": "cobblemonraiddens:fezandipiti_terafighting",
            "required": false
        },
        {
            "id": "cobblemonraiddens:fezandipiti_terafire",
            "required": false
        },
        {
            "id": "cobblemonraiddens:fezandipiti_teraflying",
            "required": false
        },
        {
            "id": "cobblemonraiddens:fezandipiti_teraghost",
            "required": false
        },
        {
            "id": "cobblemonraiddens:fezandipiti_teragrass",
            "required": false
        },
        {
            "id": "cobblemonraiddens:fezandipiti_teraground",
            "required": false
        },
        {
            "id": "cobblemonraiddens:fezandipiti_teraice",
            "required": false
        },
        {
            "id": "cobblemonraiddens:fezandipiti_teranormal",
            "required": false
        },
        {
            "id": "cobblemonraiddens:fezandipiti_terapoison",
            "required": false
        },
        {
            "id": "cobblemonraiddens:fezandipiti_terapsychic",
            "required": false
        },
        {
            "id": "cobblemonraiddens:fezandipiti_terarock",
            "required": false
        },
        {
            "id": "cobblemonraiddens:fezandipiti_terasteel",
            "required": false
        },
        {
            "id": "cobblemonraiddens:fezandipiti_terawater",
            "required": false
        }
    ]
}