{
    "replace": false,
    "values": [
        {
            "id": "cobblemonraiddens:fidough_stellar",
            "required": false
        },
        {
            "id": "cobblemonraiddens:fidough_terabug",
            "required": false
        },
        {
            "id": "cobblemonraiddens:fidough_teradark",
            "required": false
        },
        {
            "id": "cobblemonraiddens:fidough_teradragon",
            "required": false
        },
        {
            "id": "cobblemonraiddens:fidough_teraelectric",
            "required": false
        },
        {
            "id": "cobblemonraiddens:fidough_terafairy",
            "required": false
        },
        {
            "id": "cobblemonraiddens:fidough_terafighting",
            "required": false
        },
        {
            "id": "cobblemonraiddens:fidough_terafire",
            "required": false
        },
        {
            "id": "cobblemonraiddens:fidough_teraflying",
            "required": false
        },
        {
            "id": "cobblemonraiddens:fidough_teraghost",
            "required": false
        },
        {
            "id": "cobblemonraiddens:fidough_teragrass",
            "required": false
        },
        {
            "id": "cobblemonraiddens:fidough_teraground",
            "required": false
        },
        {
            "id": "cobblemonraiddens:fidough_teraice",
            "required": false
        },
        {
            "id": "cobblemonraiddens:fidough_teranormal",
            "required": false
        },
        {
            "id": "cobblemonraiddens:fidough_terapoison",
            "required": false
        },
        {
            "id": "cobblemonraiddens:fidough_terapsychic",
            "required": false
        },
        {
            "id": "cobblemonraiddens:fidough_terarock",
            "required": false
        },
        {
            "id": "cobblemonraiddens:fidough_terasteel",
            "required": false
        },
        {
            "id": "cobblemonraiddens:fidough_terawater",
            "required": false
        }
    ]
}