{
    "replace": false,
    "values": [
        {
            "id": "cobblemonraiddens:finizen_stellar",
            "required": false
        },
        {
            "id": "cobblemonraiddens:finizen_terabug",
            "required": false
        },
        {
            "id": "cobblemonraiddens:finizen_teradark",
            "required": false
        },
        {
            "id": "cobblemonraiddens:finizen_teradragon",
            "required": false
        },
        {
            "id": "cobblemonraiddens:finizen_teraelectric",
            "required": false
        },
        {
            "id": "cobblemonraiddens:finizen_terafairy",
            "required": false
        },
        {
            "id": "cobblemonraiddens:finizen_terafighting",
            "required": false
        },
        {
            "id": "cobblemonraiddens:finizen_terafire",
            "required": false
        },
        {
            "id": "cobblemonraiddens:finizen_teraflying",
            "required": false
        },
        {
            "id": "cobblemonraiddens:finizen_teraghost",
            "required": false
        },
        {
            "id": "cobblemonraiddens:finizen_teragrass",
            "required": false
        },
        {
            "id": "cobblemonraiddens:finizen_teraground",
            "required": false
        },
        {
            "id": "cobblemonraiddens:finizen_teraice",
            "required": false
        },
        {
            "id": "cobblemonraiddens:finizen_teranormal",
            "required": false
        },
        {
            "id": "cobblemonraiddens:finizen_terapoison",
            "required": false
        },
        {
            "id": "cobblemonraiddens:finizen_terapsychic",
            "required": false
        },
        {
            "id": "cobblemonraiddens:finizen_terarock",
            "required": false
        },
        {
            "id": "cobblemonraiddens:finizen_terasteel",
            "required": false
        },
        {
            "id": "cobblemonraiddens:finizen_terawater",
            "required": false
        }
    ]
}