{
    "replace": false,
    "values": [
        {
            "id": "cobblemonraiddens:finneon_stellar",
            "required": false
        },
        {
            "id": "cobblemonraiddens:finneon_terabug",
            "required": false
        },
        {
            "id": "cobblemonraiddens:finneon_teradark",
            "required": false
        },
        {
            "id": "cobblemonraiddens:finneon_teradragon",
            "required": false
        },
        {
            "id": "cobblemonraiddens:finneon_teraelectric",
            "required": false
        },
        {
            "id": "cobblemonraiddens:finneon_terafairy",
            "required": false
        },
        {
            "id": "cobblemonraiddens:finneon_terafighting",
            "required": false
        },
        {
            "id": "cobblemonraiddens:finneon_terafire",
            "required": false
        },
        {
            "id": "cobblemonraiddens:finneon_teraflying",
            "required": false
        },
        {
            "id": "cobblemonraiddens:finneon_teraghost",
            "required": false
        },
        {
            "id": "cobblemonraiddens:finneon_teragrass",
            "required": false
        },
        {
            "id": "cobblemonraiddens:finneon_teraground",
            "required": false
        },
        {
            "id": "cobblemonraiddens:finneon_teraice",
            "required": false
        },
        {
            "id": "cobblemonraiddens:finneon_teranormal",
            "required": false
        },
        {
            "id": "cobblemonraiddens:finneon_terapoison",
            "required": false
        },
        {
            "id": "cobblemonraiddens:finneon_terapsychic",
            "required": false
        },
        {
            "id": "cobblemonraiddens:finneon_terarock",
            "required": false
        },
        {
            "id": "cobblemonraiddens:finneon_terasteel",
            "required": false
        },
        {
            "id": "cobblemonraiddens:finneon_terawater",
            "required": false
        }
    ]
}