{
    "replace": false,
    "values": [
        {
            "id": "cobblemonraiddens:flaaffy_stellar",
            "required": false
        },
        {
            "id": "cobblemonraiddens:flaaffy_terabug",
            "required": false
        },
        {
            "id": "cobblemonraiddens:flaaffy_teradark",
            "required": false
        },
        {
            "id": "cobblemonraiddens:flaaffy_teradragon",
            "required": false
        },
        {
            "id": "cobblemonraiddens:flaaffy_teraelectric",
            "required": false
        },
        {
            "id": "cobblemonraiddens:flaaffy_terafairy",
            "required": false
        },
        {
            "id": "cobblemonraiddens:flaaffy_terafighting",
            "required": false
        },
        {
            "id": "cobblemonraiddens:flaaffy_terafire",
            "required": false
        },
        {
            "id": "cobblemonraiddens:flaaffy_teraflying",
            "required": false
        },
        {
            "id": "cobblemonraiddens:flaaffy_teraghost",
            "required": false
        },
        {
            "id": "cobblemonraiddens:flaaffy_teragrass",
            "required": false
        },
        {
            "id": "cobblemonraiddens:flaaffy_teraground",
            "required": false
        },
        {
            "id": "cobblemonraiddens:flaaffy_teraice",
            "required": false
        },
        {
            "id": "cobblemonraiddens:flaaffy_teranormal",
            "required": false
        },
        {
            "id": "cobblemonraiddens:flaaffy_terapoison",
            "required": false
        },
        {
            "id": "cobblemonraiddens:flaaffy_terapsychic",
            "required": false
        },
        {
            "id": "cobblemonraiddens:flaaffy_terarock",
            "required": false
        },
        {
            "id": "cobblemonraiddens:flaaffy_terasteel",
            "required": false
        },
        {
            "id": "cobblemonraiddens:flaaffy_terawater",
            "required": false
        }
    ]
}