{
    "replace": false,
    "values": [
        {
            "id": "cobblemonraiddens:flabebe_stellar",
            "required": false
        },
        {
            "id": "cobblemonraiddens:flabebe_terabug",
            "required": false
        },
        {
            "id": "cobblemonraiddens:flabebe_teradark",
            "required": false
        },
        {
            "id": "cobblemonraiddens:flabebe_teradragon",
            "required": false
        },
        {
            "id": "cobblemonraiddens:flabebe_teraelectric",
            "required": false
        },
        {
            "id": "cobblemonraiddens:flabebe_terafairy",
            "required": false
        },
        {
            "id": "cobblemonraiddens:flabebe_terafighting",
            "required": false
        },
        {
            "id": "cobblemonraiddens:flabebe_terafire",
            "required": false
        },
        {
            "id": "cobblemonraiddens:flabebe_teraflying",
            "required": false
        },
        {
            "id": "cobblemonraiddens:flabebe_teraghost",
            "required": false
        },
        {
            "id": "cobblemonraiddens:flabebe_teragrass",
            "required": false
        },
        {
            "id": "cobblemonraiddens:flabebe_teraground",
            "required": false
        },
        {
            "id": "cobblemonraiddens:flabebe_teraice",
            "required": false
        },
        {
            "id": "cobblemonraiddens:flabebe_teranormal",
            "required": false
        },
        {
            "id": "cobblemonraiddens:flabebe_terapoison",
            "required": false
        },
        {
            "id": "cobblemonraiddens:flabebe_terapsychic",
            "required": false
        },
        {
            "id": "cobblemonraiddens:flabebe_terarock",
            "required": false
        },
        {
            "id": "cobblemonraiddens:flabebe_terasteel",
            "required": false
        },
        {
            "id": "cobblemonraiddens:flabebe_terawater",
            "required": false
        }
    ]
}