{
    "replace": false,
    "values": [
        {
            "id": "cobblemonraiddens:flamigo_stellar",
            "required": false
        },
        {
            "id": "cobblemonraiddens:flamigo_terabug",
            "required": false
        },
        {
            "id": "cobblemonraiddens:flamigo_teradark",
            "required": false
        },
        {
            "id": "cobblemonraiddens:flamigo_teradragon",
            "required": false
        },
        {
            "id": "cobblemonraiddens:flamigo_teraelectric",
            "required": false
        },
        {
            "id": "cobblemonraiddens:flamigo_terafairy",
            "required": false
        },
        {
            "id": "cobblemonraiddens:flamigo_terafighting",
            "required": false
        },
        {
            "id": "cobblemonraiddens:flamigo_terafire",
            "required": false
        },
        {
            "id": "cobblemonraiddens:flamigo_teraflying",
            "required": false
        },
        {
            "id": "cobblemonraiddens:flamigo_teraghost",
            "required": false
        },
        {
            "id": "cobblemonraiddens:flamigo_teragrass",
            "required": false
        },
        {
            "id": "cobblemonraiddens:flamigo_teraground",
            "required": false
        },
        {
            "id": "cobblemonraiddens:flamigo_teraice",
            "required": false
        },
        {
            "id": "cobblemonraiddens:flamigo_teranormal",
            "required": false
        },
        {
            "id": "cobblemonraiddens:flamigo_terapoison",
            "required": false
        },
        {
            "id": "cobblemonraiddens:flamigo_terapsychic",
            "required": false
        },
        {
            "id": "cobblemonraiddens:flamigo_terarock",
            "required": false
        },
        {
            "id": "cobblemonraiddens:flamigo_terasteel",
            "required": false
        },
        {
            "id": "cobblemonraiddens:flamigo_terawater",
            "required": false
        }
    ]
}