{
    "replace": false,
    "values": [
        {
            "id": "cobblemonraiddens:flapple_stellar",
            "required": false
        },
        {
            "id": "cobblemonraiddens:flapple_terabug",
            "required": false
        },
        {
            "id": "cobblemonraiddens:flapple_teradark",
            "required": false
        },
        {
            "id": "cobblemonraiddens:flapple_teradragon",
            "required": false
        },
        {
            "id": "cobblemonraiddens:flapple_teraelectric",
            "required": false
        },
        {
            "id": "cobblemonraiddens:flapple_terafairy",
            "required": false
        },
        {
            "id": "cobblemonraiddens:flapple_terafighting",
            "required": false
        },
        {
            "id": "cobblemonraiddens:flapple_terafire",
            "required": false
        },
        {
            "id": "cobblemonraiddens:flapple_teraflying",
            "required": false
        },
        {
            "id": "cobblemonraiddens:flapple_teraghost",
            "required": false
        },
        {
            "id": "cobblemonraiddens:flapple_teragrass",
            "required": false
        },
        {
            "id": "cobblemonraiddens:flapple_teraground",
            "required": false
        },
        {
            "id": "cobblemonraiddens:flapple_teraice",
            "required": false
        },
        {
            "id": "cobblemonraiddens:flapple_teranormal",
            "required": false
        },
        {
            "id": "cobblemonraiddens:flapple_terapoison",
            "required": false
        },
        {
            "id": "cobblemonraiddens:flapple_terapsychic",
            "required": false
        },
        {
            "id": "cobblemonraiddens:flapple_terarock",
            "required": false
        },
        {
            "id": "cobblemonraiddens:flapple_terasteel",
            "required": false
        },
        {
            "id": "cobblemonraiddens:flapple_terawater",
            "required": false
        }
    ]
}