{
    "replace": false,
    "values": [
        {
            "id": "cobblemonraiddens:flareon_stellar",
            "required": false
        },
        {
            "id": "cobblemonraiddens:flareon_terabug",
            "required": false
        },
        {
            "id": "cobblemonraiddens:flareon_teradark",
            "required": false
        },
        {
            "id": "cobblemonraiddens:flareon_teradragon",
            "required": false
        },
        {
            "id": "cobblemonraiddens:flareon_teraelectric",
            "required": false
        },
        {
            "id": "cobblemonraiddens:flareon_terafairy",
            "required": false
        },
        {
            "id": "cobblemonraiddens:flareon_terafighting",
            "required": false
        },
        {
            "id": "cobblemonraiddens:flareon_terafire",
            "required": false
        },
        {
            "id": "cobblemonraiddens:flareon_teraflying",
            "required": false
        },
        {
            "id": "cobblemonraiddens:flareon_teraghost",
            "required": false
        },
        {
            "id": "cobblemonraiddens:flareon_teragrass",
            "required": false
        },
        {
            "id": "cobblemonraiddens:flareon_teraground",
            "required": false
        },
        {
            "id": "cobblemonraiddens:flareon_teraice",
            "required": false
        },
        {
            "id": "cobblemonraiddens:flareon_teranormal",
            "required": false
        },
        {
            "id": "cobblemonraiddens:flareon_terapoison",
            "required": false
        },
        {
            "id": "cobblemonraiddens:flareon_terapsychic",
            "required": false
        },
        {
            "id": "cobblemonraiddens:flareon_terarock",
            "required": false
        },
        {
            "id": "cobblemonraiddens:flareon_terasteel",
            "required": false
        },
        {
            "id": "cobblemonraiddens:flareon_terawater",
            "required": false
        }
    ]
}