{
    "replace": false,
    "values": [
        {
            "id": "cobblemonraiddens:fletchling_stellar",
            "required": false
        },
        {
            "id": "cobblemonraiddens:fletchling_terabug",
            "required": false
        },
        {
            "id": "cobblemonraiddens:fletchling_teradark",
            "required": false
        },
        {
            "id": "cobblemonraiddens:fletchling_teradragon",
            "required": false
        },
        {
            "id": "cobblemonraiddens:fletchling_teraelectric",
            "required": false
        },
        {
            "id": "cobblemonraiddens:fletchling_terafairy",
            "required": false
        },
        {
            "id": "cobblemonraiddens:fletchling_terafighting",
            "required": false
        },
        {
            "id": "cobblemonraiddens:fletchling_terafire",
            "required": false
        },
        {
            "id": "cobblemonraiddens:fletchling_teraflying",
            "required": false
        },
        {
            "id": "cobblemonraiddens:fletchling_teraghost",
            "required": false
        },
        {
            "id": "cobblemonraiddens:fletchling_teragrass",
            "required": false
        },
        {
            "id": "cobblemonraiddens:fletchling_teraground",
            "required": false
        },
        {
            "id": "cobblemonraiddens:fletchling_teraice",
            "required": false
        },
        {
            "id": "cobblemonraiddens:fletchling_teranormal",
            "required": false
        },
        {
            "id": "cobblemonraiddens:fletchling_terapoison",
            "required": false
        },
        {
            "id": "cobblemonraiddens:fletchling_terapsychic",
            "required": false
        },
        {
            "id": "cobblemonraiddens:fletchling_terarock",
            "required": false
        },
        {
            "id": "cobblemonraiddens:fletchling_terasteel",
            "required": false
        },
        {
            "id": "cobblemonraiddens:fletchling_terawater",
            "required": false
        }
    ]
}