{
    "replace": false,
    "values": [
        {
            "id": "cobblemonraiddens:fletchinder_stellar",
            "required": false
        },
        {
            "id": "cobblemonraiddens:fletchinder_terabug",
            "required": false
        },
        {
            "id": "cobblemonraiddens:fletchinder_teradark",
            "required": false
        },
        {
            "id": "cobblemonraiddens:fletchinder_teradragon",
            "required": false
        },
        {
            "id": "cobblemonraiddens:fletchinder_teraelectric",
            "required": false
        },
        {
            "id": "cobblemonraiddens:fletchinder_terafairy",
            "required": false
        },
        {
            "id": "cobblemonraiddens:fletchinder_terafighting",
            "required": false
        },
        {
            "id": "cobblemonraiddens:fletchinder_terafire",
            "required": false
        },
        {
            "id": "cobblemonraiddens:fletchinder_teraflying",
            "required": false
        },
        {
            "id": "cobblemonraiddens:fletchinder_teraghost",
            "required": false
        },
        {
            "id": "cobblemonraiddens:fletchinder_teragrass",
            "required": false
        },
        {
            "id": "cobblemonraiddens:fletchinder_teraground",
            "required": false
        },
        {
            "id": "cobblemonraiddens:fletchinder_teraice",
            "required": false
        },
        {
            "id": "cobblemonraiddens:fletchinder_teranormal",
            "required": false
        },
        {
            "id": "cobblemonraiddens:fletchinder_terapoison",
            "required": false
        },
        {
            "id": "cobblemonraiddens:fletchinder_terapsychic",
            "required": false
        },
        {
            "id": "cobblemonraiddens:fletchinder_terarock",
            "required": false
        },
        {
            "id": "cobblemonraiddens:fletchinder_terasteel",
            "required": false
        },
        {
            "id": "cobblemonraiddens:fletchinder_terawater",
            "required": false
        }
    ]
}