{
    "replace": false,
    "values": [
        {
            "id": "cobblemonraiddens:flittle_stellar",
            "required": false
        },
        {
            "id": "cobblemonraiddens:flittle_terabug",
            "required": false
        },
        {
            "id": "cobblemonraiddens:flittle_teradark",
            "required": false
        },
        {
            "id": "cobblemonraiddens:flittle_teradragon",
            "required": false
        },
        {
            "id": "cobblemonraiddens:flittle_teraelectric",
            "required": false
        },
        {
            "id": "cobblemonraiddens:flittle_terafairy",
            "required": false
        },
        {
            "id": "cobblemonraiddens:flittle_terafighting",
            "required": false
        },
        {
            "id": "cobblemonraiddens:flittle_terafire",
            "required": false
        },
        {
            "id": "cobblemonraiddens:flittle_teraflying",
            "required": false
        },
        {
            "id": "cobblemonraiddens:flittle_teraghost",
            "required": false
        },
        {
            "id": "cobblemonraiddens:flittle_teragrass",
            "required": false
        },
        {
            "id": "cobblemonraiddens:flittle_teraground",
            "required": false
        },
        {
            "id": "cobblemonraiddens:flittle_teraice",
            "required": false
        },
        {
            "id": "cobblemonraiddens:flittle_teranormal",
            "required": false
        },
        {
            "id": "cobblemonraiddens:flittle_terapoison",
            "required": false
        },
        {
            "id": "cobblemonraiddens:flittle_terapsychic",
            "required": false
        },
        {
            "id": "cobblemonraiddens:flittle_terarock",
            "required": false
        },
        {
            "id": "cobblemonraiddens:flittle_terasteel",
            "required": false
        },
        {
            "id": "cobblemonraiddens:flittle_terawater",
            "required": false
        }
    ]
}