{
    "replace": false,
    "values": [
        {
            "id": "cobblemonraiddens:floatzel_stellar",
            "required": false
        },
        {
            "id": "cobblemonraiddens:floatzel_terabug",
            "required": false
        },
        {
            "id": "cobblemonraiddens:floatzel_teradark",
            "required": false
        },
        {
            "id": "cobblemonraiddens:floatzel_teradragon",
            "required": false
        },
        {
            "id": "cobblemonraiddens:floatzel_teraelectric",
            "required": false
        },
        {
            "id": "cobblemonraiddens:floatzel_terafairy",
            "required": false
        },
        {
            "id": "cobblemonraiddens:floatzel_terafighting",
            "required": false
        },
        {
            "id": "cobblemonraiddens:floatzel_terafire",
            "required": false
        },
        {
            "id": "cobblemonraiddens:floatzel_teraflying",
            "required": false
        },
        {
            "id": "cobblemonraiddens:floatzel_teraghost",
            "required": false
        },
        {
            "id": "cobblemonraiddens:floatzel_teragrass",
            "required": false
        },
        {
            "id": "cobblemonraiddens:floatzel_teraground",
            "required": false
        },
        {
            "id": "cobblemonraiddens:floatzel_teraice",
            "required": false
        },
        {
            "id": "cobblemonraiddens:floatzel_teranormal",
            "required": false
        },
        {
            "id": "cobblemonraiddens:floatzel_terapoison",
            "required": false
        },
        {
            "id": "cobblemonraiddens:floatzel_terapsychic",
            "required": false
        },
        {
            "id": "cobblemonraiddens:floatzel_terarock",
            "required": false
        },
        {
            "id": "cobblemonraiddens:floatzel_terasteel",
            "required": false
        },
        {
            "id": "cobblemonraiddens:floatzel_terawater",
            "required": false
        }
    ]
}