{
    "replace": false,
    "values": [
        {
            "id": "cobblemonraiddens:floette_stellar",
            "required": false
        },
        {
            "id": "cobblemonraiddens:floette_terabug",
            "required": false
        },
        {
            "id": "cobblemonraiddens:floette_teradark",
            "required": false
        },
        {
            "id": "cobblemonraiddens:floette_teradragon",
            "required": false
        },
        {
            "id": "cobblemonraiddens:floette_teraelectric",
            "required": false
        },
        {
            "id": "cobblemonraiddens:floette_terafairy",
            "required": false
        },
        {
            "id": "cobblemonraiddens:floette_terafighting",
            "required": false
        },
        {
            "id": "cobblemonraiddens:floette_terafire",
            "required": false
        },
        {
            "id": "cobblemonraiddens:floette_teraflying",
            "required": false
        },
        {
            "id": "cobblemonraiddens:floette_teraghost",
            "required": false
        },
        {
            "id": "cobblemonraiddens:floette_teragrass",
            "required": false
        },
        {
            "id": "cobblemonraiddens:floette_teraground",
            "required": false
        },
        {
            "id": "cobblemonraiddens:floette_teraice",
            "required": false
        },
        {
            "id": "cobblemonraiddens:floette_teranormal",
            "required": false
        },
        {
            "id": "cobblemonraiddens:floette_terapoison",
            "required": false
        },
        {
            "id": "cobblemonraiddens:floette_terapsychic",
            "required": false
        },
        {
            "id": "cobblemonraiddens:floette_terarock",
            "required": false
        },
        {
            "id": "cobblemonraiddens:floette_terasteel",
            "required": false
        },
        {
            "id": "cobblemonraiddens:floette_terawater",
            "required": false
        }
    ]
}