{
    "replace": false,
    "values": [
        {
            "id": "cobblemonraiddens:florges_stellar",
            "required": false
        },
        {
            "id": "cobblemonraiddens:florges_terabug",
            "required": false
        },
        {
            "id": "cobblemonraiddens:florges_teradark",
            "required": false
        },
        {
            "id": "cobblemonraiddens:florges_teradragon",
            "required": false
        },
        {
            "id": "cobblemonraiddens:florges_teraelectric",
            "required": false
        },
        {
            "id": "cobblemonraiddens:florges_terafairy",
            "required": false
        },
        {
            "id": "cobblemonraiddens:florges_terafighting",
            "required": false
        },
        {
            "id": "cobblemonraiddens:florges_terafire",
            "required": false
        },
        {
            "id": "cobblemonraiddens:florges_teraflying",
            "required": false
        },
        {
            "id": "cobblemonraiddens:florges_teraghost",
            "required": false
        },
        {
            "id": "cobblemonraiddens:florges_teragrass",
            "required": false
        },
        {
            "id": "cobblemonraiddens:florges_teraground",
            "required": false
        },
        {
            "id": "cobblemonraiddens:florges_teraice",
            "required": false
        },
        {
            "id": "cobblemonraiddens:florges_teranormal",
            "required": false
        },
        {
            "id": "cobblemonraiddens:florges_terapoison",
            "required": false
        },
        {
            "id": "cobblemonraiddens:florges_terapsychic",
            "required": false
        },
        {
            "id": "cobblemonraiddens:florges_terarock",
            "required": false
        },
        {
            "id": "cobblemonraiddens:florges_terasteel",
            "required": false
        },
        {
            "id": "cobblemonraiddens:florges_terawater",
            "required": false
        }
    ]
}