{
    "replace": false,
    "values": [
        {
            "id": "cobblemonraiddens:floragato_stellar",
            "required": false
        },
        {
            "id": "cobblemonraiddens:floragato_terabug",
            "required": false
        },
        {
            "id": "cobblemonraiddens:floragato_teradark",
            "required": false
        },
        {
            "id": "cobblemonraiddens:floragato_teradragon",
            "required": false
        },
        {
            "id": "cobblemonraiddens:floragato_teraelectric",
            "required": false
        },
        {
            "id": "cobblemonraiddens:floragato_terafairy",
            "required": false
        },
        {
            "id": "cobblemonraiddens:floragato_terafighting",
            "required": false
        },
        {
            "id": "cobblemonraiddens:floragato_terafire",
            "required": false
        },
        {
            "id": "cobblemonraiddens:floragato_teraflying",
            "required": false
        },
        {
            "id": "cobblemonraiddens:floragato_teraghost",
            "required": false
        },
        {
            "id": "cobblemonraiddens:floragato_teragrass",
            "required": false
        },
        {
            "id": "cobblemonraiddens:floragato_teraground",
            "required": false
        },
        {
            "id": "cobblemonraiddens:floragato_teraice",
            "required": false
        },
        {
            "id": "cobblemonraiddens:floragato_teranormal",
            "required": false
        },
        {
            "id": "cobblemonraiddens:floragato_terapoison",
            "required": false
        },
        {
            "id": "cobblemonraiddens:floragato_terapsychic",
            "required": false
        },
        {
            "id": "cobblemonraiddens:floragato_terarock",
            "required": false
        },
        {
            "id": "cobblemonraiddens:floragato_terasteel",
            "required": false
        },
        {
            "id": "cobblemonraiddens:floragato_terawater",
            "required": false
        }
    ]
}