{
    "replace": false,
    "values": [
        {
            "id": "cobblemonraiddens:fluttermane_stellar",
            "required": false
        },
        {
            "id": "cobblemonraiddens:fluttermane_terabug",
            "required": false
        },
        {
            "id": "cobblemonraiddens:fluttermane_teradark",
            "required": false
        },
        {
            "id": "cobblemonraiddens:fluttermane_teradragon",
            "required": false
        },
        {
            "id": "cobblemonraiddens:fluttermane_teraelectric",
            "required": false
        },
        {
            "id": "cobblemonraiddens:fluttermane_terafairy",
            "required": false
        },
        {
            "id": "cobblemonraiddens:fluttermane_terafighting",
            "required": false
        },
        {
            "id": "cobblemonraiddens:fluttermane_terafire",
            "required": false
        },
        {
            "id": "cobblemonraiddens:fluttermane_teraflying",
            "required": false
        },
        {
            "id": "cobblemonraiddens:fluttermane_teraghost",
            "required": false
        },
        {
            "id": "cobblemonraiddens:fluttermane_teragrass",
            "required": false
        },
        {
            "id": "cobblemonraiddens:fluttermane_teraground",
            "required": false
        },
        {
            "id": "cobblemonraiddens:fluttermane_teraice",
            "required": false
        },
        {
            "id": "cobblemonraiddens:fluttermane_teranormal",
            "required": false
        },
        {
            "id": "cobblemonraiddens:fluttermane_terapoison",
            "required": false
        },
        {
            "id": "cobblemonraiddens:fluttermane_terapsychic",
            "required": false
        },
        {
            "id": "cobblemonraiddens:fluttermane_terarock",
            "required": false
        },
        {
            "id": "cobblemonraiddens:fluttermane_terasteel",
            "required": false
        },
        {
            "id": "cobblemonraiddens:fluttermane_terawater",
            "required": false
        }
    ]
}