{
    "replace": false,
    "values": [
        {
            "id": "cobblemonraiddens:flygon_stellar",
            "required": false
        },
        {
            "id": "cobblemonraiddens:flygon_terabug",
            "required": false
        },
        {
            "id": "cobblemonraiddens:flygon_teradark",
            "required": false
        },
        {
            "id": "cobblemonraiddens:flygon_teradragon",
            "required": false
        },
        {
            "id": "cobblemonraiddens:flygon_teraelectric",
            "required": false
        },
        {
            "id": "cobblemonraiddens:flygon_terafairy",
            "required": false
        },
        {
            "id": "cobblemonraiddens:flygon_terafighting",
            "required": false
        },
        {
            "id": "cobblemonraiddens:flygon_terafire",
            "required": false
        },
        {
            "id": "cobblemonraiddens:flygon_teraflying",
            "required": false
        },
        {
            "id": "cobblemonraiddens:flygon_teraghost",
            "required": false
        },
        {
            "id": "cobblemonraiddens:flygon_teragrass",
            "required": false
        },
        {
            "id": "cobblemonraiddens:flygon_teraground",
            "required": false
        },
        {
            "id": "cobblemonraiddens:flygon_teraice",
            "required": false
        },
        {
            "id": "cobblemonraiddens:flygon_teranormal",
            "required": false
        },
        {
            "id": "cobblemonraiddens:flygon_terapoison",
            "required": false
        },
        {
            "id": "cobblemonraiddens:flygon_terapsychic",
            "required": false
        },
        {
            "id": "cobblemonraiddens:flygon_terarock",
            "required": false
        },
        {
            "id": "cobblemonraiddens:flygon_terasteel",
            "required": false
        },
        {
            "id": "cobblemonraiddens:flygon_terawater",
            "required": false
        }
    ]
}