{
    "replace": false,
    "values": [
        {
            "id": "cobblemonraiddens:fomantis_stellar",
            "required": false
        },
        {
            "id": "cobblemonraiddens:fomantis_terabug",
            "required": false
        },
        {
            "id": "cobblemonraiddens:fomantis_teradark",
            "required": false
        },
        {
            "id": "cobblemonraiddens:fomantis_teradragon",
            "required": false
        },
        {
            "id": "cobblemonraiddens:fomantis_teraelectric",
            "required": false
        },
        {
            "id": "cobblemonraiddens:fomantis_terafairy",
            "required": false
        },
        {
            "id": "cobblemonraiddens:fomantis_terafighting",
            "required": false
        },
        {
            "id": "cobblemonraiddens:fomantis_terafire",
            "required": false
        },
        {
            "id": "cobblemonraiddens:fomantis_teraflying",
            "required": false
        },
        {
            "id": "cobblemonraiddens:fomantis_teraghost",
            "required": false
        },
        {
            "id": "cobblemonraiddens:fomantis_teragrass",
            "required": false
        },
        {
            "id": "cobblemonraiddens:fomantis_teraground",
            "required": false
        },
        {
            "id": "cobblemonraiddens:fomantis_teraice",
            "required": false
        },
        {
            "id": "cobblemonraiddens:fomantis_teranormal",
            "required": false
        },
        {
            "id": "cobblemonraiddens:fomantis_terapoison",
            "required": false
        },
        {
            "id": "cobblemonraiddens:fomantis_terapsychic",
            "required": false
        },
        {
            "id": "cobblemonraiddens:fomantis_terarock",
            "required": false
        },
        {
            "id": "cobblemonraiddens:fomantis_terasteel",
            "required": false
        },
        {
            "id": "cobblemonraiddens:fomantis_terawater",
            "required": false
        }
    ]
}