{
    "replace": false,
    "values": [
        {
            "id": "cobblemonraiddens:foongus_stellar",
            "required": false
        },
        {
            "id": "cobblemonraiddens:foongus_terabug",
            "required": false
        },
        {
            "id": "cobblemonraiddens:foongus_teradark",
            "required": false
        },
        {
            "id": "cobblemonraiddens:foongus_teradragon",
            "required": false
        },
        {
            "id": "cobblemonraiddens:foongus_teraelectric",
            "required": false
        },
        {
            "id": "cobblemonraiddens:foongus_terafairy",
            "required": false
        },
        {
            "id": "cobblemonraiddens:foongus_terafighting",
            "required": false
        },
        {
            "id": "cobblemonraiddens:foongus_terafire",
            "required": false
        },
        {
            "id": "cobblemonraiddens:foongus_teraflying",
            "required": false
        },
        {
            "id": "cobblemonraiddens:foongus_teraghost",
            "required": false
        },
        {
            "id": "cobblemonraiddens:foongus_teragrass",
            "required": false
        },
        {
            "id": "cobblemonraiddens:foongus_teraground",
            "required": false
        },
        {
            "id": "cobblemonraiddens:foongus_teraice",
            "required": false
        },
        {
            "id": "cobblemonraiddens:foongus_teranormal",
            "required": false
        },
        {
            "id": "cobblemonraiddens:foongus_terapoison",
            "required": false
        },
        {
            "id": "cobblemonraiddens:foongus_terapsychic",
            "required": false
        },
        {
            "id": "cobblemonraiddens:foongus_terarock",
            "required": false
        },
        {
            "id": "cobblemonraiddens:foongus_terasteel",
            "required": false
        },
        {
            "id": "cobblemonraiddens:foongus_terawater",
            "required": false
        }
    ]
}