{
    "replace": false,
    "values": [
        {
            "id": "cobblemonraiddens:forretress_stellar",
            "required": false
        },
        {
            "id": "cobblemonraiddens:forretress_terabug",
            "required": false
        },
        {
            "id": "cobblemonraiddens:forretress_teradark",
            "required": false
        },
        {
            "id": "cobblemonraiddens:forretress_teradragon",
            "required": false
        },
        {
            "id": "cobblemonraiddens:forretress_teraelectric",
            "required": false
        },
        {
            "id": "cobblemonraiddens:forretress_terafairy",
            "required": false
        },
        {
            "id": "cobblemonraiddens:forretress_terafighting",
            "required": false
        },
        {
            "id": "cobblemonraiddens:forretress_terafire",
            "required": false
        },
        {
            "id": "cobblemonraiddens:forretress_teraflying",
            "required": false
        },
        {
            "id": "cobblemonraiddens:forretress_teraghost",
            "required": false
        },
        {
            "id": "cobblemonraiddens:forretress_teragrass",
            "required": false
        },
        {
            "id": "cobblemonraiddens:forretress_teraground",
            "required": false
        },
        {
            "id": "cobblemonraiddens:forretress_teraice",
            "required": false
        },
        {
            "id": "cobblemonraiddens:forretress_teranormal",
            "required": false
        },
        {
            "id": "cobblemonraiddens:forretress_terapoison",
            "required": false
        },
        {
            "id": "cobblemonraiddens:forretress_terapsychic",
            "required": false
        },
        {
            "id": "cobblemonraiddens:forretress_terarock",
            "required": false
        },
        {
            "id": "cobblemonraiddens:forretress_terasteel",
            "required": false
        },
        {
            "id": "cobblemonraiddens:forretress_terawater",
            "required": false
        }
    ]
}