{
    "replace": false,
    "values": [
        {
            "id": "cobblemonraiddens:fraxure_stellar",
            "required": false
        },
        {
            "id": "cobblemonraiddens:fraxure_terabug",
            "required": false
        },
        {
            "id": "cobblemonraiddens:fraxure_teradark",
            "required": false
        },
        {
            "id": "cobblemonraiddens:fraxure_teradragon",
            "required": false
        },
        {
            "id": "cobblemonraiddens:fraxure_teraelectric",
            "required": false
        },
        {
            "id": "cobblemonraiddens:fraxure_terafairy",
            "required": false
        },
        {
            "id": "cobblemonraiddens:fraxure_terafighting",
            "required": false
        },
        {
            "id": "cobblemonraiddens:fraxure_terafire",
            "required": false
        },
        {
            "id": "cobblemonraiddens:fraxure_teraflying",
            "required": false
        },
        {
            "id": "cobblemonraiddens:fraxure_teraghost",
            "required": false
        },
        {
            "id": "cobblemonraiddens:fraxure_teragrass",
            "required": false
        },
        {
            "id": "cobblemonraiddens:fraxure_teraground",
            "required": false
        },
        {
            "id": "cobblemonraiddens:fraxure_teraice",
            "required": false
        },
        {
            "id": "cobblemonraiddens:fraxure_teranormal",
            "required": false
        },
        {
            "id": "cobblemonraiddens:fraxure_terapoison",
            "required": false
        },
        {
            "id": "cobblemonraiddens:fraxure_terapsychic",
            "required": false
        },
        {
            "id": "cobblemonraiddens:fraxure_terarock",
            "required": false
        },
        {
            "id": "cobblemonraiddens:fraxure_terasteel",
            "required": false
        },
        {
            "id": "cobblemonraiddens:fraxure_terawater",
            "required": false
        }
    ]
}