{
    "replace": false,
    "values": [
        {
            "id": "cobblemonraiddens:frigibax_stellar",
            "required": false
        },
        {
            "id": "cobblemonraiddens:frigibax_terabug",
            "required": false
        },
        {
            "id": "cobblemonraiddens:frigibax_teradark",
            "required": false
        },
        {
            "id": "cobblemonraiddens:frigibax_teradragon",
            "required": false
        },
        {
            "id": "cobblemonraiddens:frigibax_teraelectric",
            "required": false
        },
        {
            "id": "cobblemonraiddens:frigibax_terafairy",
            "required": false
        },
        {
            "id": "cobblemonraiddens:frigibax_terafighting",
            "required": false
        },
        {
            "id": "cobblemonraiddens:frigibax_terafire",
            "required": false
        },
        {
            "id": "cobblemonraiddens:frigibax_teraflying",
            "required": false
        },
        {
            "id": "cobblemonraiddens:frigibax_teraghost",
            "required": false
        },
        {
            "id": "cobblemonraiddens:frigibax_teragrass",
            "required": false
        },
        {
            "id": "cobblemonraiddens:frigibax_teraground",
            "required": false
        },
        {
            "id": "cobblemonraiddens:frigibax_teraice",
            "required": false
        },
        {
            "id": "cobblemonraiddens:frigibax_teranormal",
            "required": false
        },
        {
            "id": "cobblemonraiddens:frigibax_terapoison",
            "required": false
        },
        {
            "id": "cobblemonraiddens:frigibax_terapsychic",
            "required": false
        },
        {
            "id": "cobblemonraiddens:frigibax_terarock",
            "required": false
        },
        {
            "id": "cobblemonraiddens:frigibax_terasteel",
            "required": false
        },
        {
            "id": "cobblemonraiddens:frigibax_terawater",
            "required": false
        }
    ]
}