{
    "replace": false,
    "values": [
        {
            "id": "cobblemonraiddens:frillish_stellar",
            "required": false
        },
        {
            "id": "cobblemonraiddens:frillish_terabug",
            "required": false
        },
        {
            "id": "cobblemonraiddens:frillish_teradark",
            "required": false
        },
        {
            "id": "cobblemonraiddens:frillish_teradragon",
            "required": false
        },
        {
            "id": "cobblemonraiddens:frillish_teraelectric",
            "required": false
        },
        {
            "id": "cobblemonraiddens:frillish_terafairy",
            "required": false
        },
        {
            "id": "cobblemonraiddens:frillish_terafighting",
            "required": false
        },
        {
            "id": "cobblemonraiddens:frillish_terafire",
            "required": false
        },
        {
            "id": "cobblemonraiddens:frillish_teraflying",
            "required": false
        },
        {
            "id": "cobblemonraiddens:frillish_teraghost",
            "required": false
        },
        {
            "id": "cobblemonraiddens:frillish_teragrass",
            "required": false
        },
        {
            "id": "cobblemonraiddens:frillish_teraground",
            "required": false
        },
        {
            "id": "cobblemonraiddens:frillish_teraice",
            "required": false
        },
        {
            "id": "cobblemonraiddens:frillish_teranormal",
            "required": false
        },
        {
            "id": "cobblemonraiddens:frillish_terapoison",
            "required": false
        },
        {
            "id": "cobblemonraiddens:frillish_terapsychic",
            "required": false
        },
        {
            "id": "cobblemonraiddens:frillish_terarock",
            "required": false
        },
        {
            "id": "cobblemonraiddens:frillish_terasteel",
            "required": false
        },
        {
            "id": "cobblemonraiddens:frillish_terawater",
            "required": false
        }
    ]
}