{
    "replace": false,
    "values": [
        {
            "id": "cobblemonraiddens:froakie_stellar",
            "required": false
        },
        {
            "id": "cobblemonraiddens:froakie_terabug",
            "required": false
        },
        {
            "id": "cobblemonraiddens:froakie_teradark",
            "required": false
        },
        {
            "id": "cobblemonraiddens:froakie_teradragon",
            "required": false
        },
        {
            "id": "cobblemonraiddens:froakie_teraelectric",
            "required": false
        },
        {
            "id": "cobblemonraiddens:froakie_terafairy",
            "required": false
        },
        {
            "id": "cobblemonraiddens:froakie_terafighting",
            "required": false
        },
        {
            "id": "cobblemonraiddens:froakie_terafire",
            "required": false
        },
        {
            "id": "cobblemonraiddens:froakie_teraflying",
            "required": false
        },
        {
            "id": "cobblemonraiddens:froakie_teraghost",
            "required": false
        },
        {
            "id": "cobblemonraiddens:froakie_teragrass",
            "required": false
        },
        {
            "id": "cobblemonraiddens:froakie_teraground",
            "required": false
        },
        {
            "id": "cobblemonraiddens:froakie_teraice",
            "required": false
        },
        {
            "id": "cobblemonraiddens:froakie_teranormal",
            "required": false
        },
        {
            "id": "cobblemonraiddens:froakie_terapoison",
            "required": false
        },
        {
            "id": "cobblemonraiddens:froakie_terapsychic",
            "required": false
        },
        {
            "id": "cobblemonraiddens:froakie_terarock",
            "required": false
        },
        {
            "id": "cobblemonraiddens:froakie_terasteel",
            "required": false
        },
        {
            "id": "cobblemonraiddens:froakie_terawater",
            "required": false
        }
    ]
}