{
    "replace": false,
    "values": [
        {
            "id": "cobblemonraiddens:frogadier_stellar",
            "required": false
        },
        {
            "id": "cobblemonraiddens:frogadier_terabug",
            "required": false
        },
        {
            "id": "cobblemonraiddens:frogadier_teradark",
            "required": false
        },
        {
            "id": "cobblemonraiddens:frogadier_teradragon",
            "required": false
        },
        {
            "id": "cobblemonraiddens:frogadier_teraelectric",
            "required": false
        },
        {
            "id": "cobblemonraiddens:frogadier_terafairy",
            "required": false
        },
        {
            "id": "cobblemonraiddens:frogadier_terafighting",
            "required": false
        },
        {
            "id": "cobblemonraiddens:frogadier_terafire",
            "required": false
        },
        {
            "id": "cobblemonraiddens:frogadier_teraflying",
            "required": false
        },
        {
            "id": "cobblemonraiddens:frogadier_teraghost",
            "required": false
        },
        {
            "id": "cobblemonraiddens:frogadier_teragrass",
            "required": false
        },
        {
            "id": "cobblemonraiddens:frogadier_teraground",
            "required": false
        },
        {
            "id": "cobblemonraiddens:frogadier_teraice",
            "required": false
        },
        {
            "id": "cobblemonraiddens:frogadier_teranormal",
            "required": false
        },
        {
            "id": "cobblemonraiddens:frogadier_terapoison",
            "required": false
        },
        {
            "id": "cobblemonraiddens:frogadier_terapsychic",
            "required": false
        },
        {
            "id": "cobblemonraiddens:frogadier_terarock",
            "required": false
        },
        {
            "id": "cobblemonraiddens:frogadier_terasteel",
            "required": false
        },
        {
            "id": "cobblemonraiddens:frogadier_terawater",
            "required": false
        }
    ]
}