{
    "replace": false,
    "values": [
        {
            "id": "cobblemonraiddens:froslass_stellar",
            "required": false
        },
        {
            "id": "cobblemonraiddens:froslass_terabug",
            "required": false
        },
        {
            "id": "cobblemonraiddens:froslass_teradark",
            "required": false
        },
        {
            "id": "cobblemonraiddens:froslass_teradragon",
            "required": false
        },
        {
            "id": "cobblemonraiddens:froslass_teraelectric",
            "required": false
        },
        {
            "id": "cobblemonraiddens:froslass_terafairy",
            "required": false
        },
        {
            "id": "cobblemonraiddens:froslass_terafighting",
            "required": false
        },
        {
            "id": "cobblemonraiddens:froslass_terafire",
            "required": false
        },
        {
            "id": "cobblemonraiddens:froslass_teraflying",
            "required": false
        },
        {
            "id": "cobblemonraiddens:froslass_teraghost",
            "required": false
        },
        {
            "id": "cobblemonraiddens:froslass_teragrass",
            "required": false
        },
        {
            "id": "cobblemonraiddens:froslass_teraground",
            "required": false
        },
        {
            "id": "cobblemonraiddens:froslass_teraice",
            "required": false
        },
        {
            "id": "cobblemonraiddens:froslass_teranormal",
            "required": false
        },
        {
            "id": "cobblemonraiddens:froslass_terapoison",
            "required": false
        },
        {
            "id": "cobblemonraiddens:froslass_terapsychic",
            "required": false
        },
        {
            "id": "cobblemonraiddens:froslass_terarock",
            "required": false
        },
        {
            "id": "cobblemonraiddens:froslass_terasteel",
            "required": false
        },
        {
            "id": "cobblemonraiddens:froslass_terawater",
            "required": false
        }
    ]
}