{
    "replace": false,
    "values": [
        {
            "id": "cobblemonraiddens:frosmoth_stellar",
            "required": false
        },
        {
            "id": "cobblemonraiddens:frosmoth_terabug",
            "required": false
        },
        {
            "id": "cobblemonraiddens:frosmoth_teradark",
            "required": false
        },
        {
            "id": "cobblemonraiddens:frosmoth_teradragon",
            "required": false
        },
        {
            "id": "cobblemonraiddens:frosmoth_teraelectric",
            "required": false
        },
        {
            "id": "cobblemonraiddens:frosmoth_terafairy",
            "required": false
        },
        {
            "id": "cobblemonraiddens:frosmoth_terafighting",
            "required": false
        },
        {
            "id": "cobblemonraiddens:frosmoth_terafire",
            "required": false
        },
        {
            "id": "cobblemonraiddens:frosmoth_teraflying",
            "required": false
        },
        {
            "id": "cobblemonraiddens:frosmoth_teraghost",
            "required": false
        },
        {
            "id": "cobblemonraiddens:frosmoth_teragrass",
            "required": false
        },
        {
            "id": "cobblemonraiddens:frosmoth_teraground",
            "required": false
        },
        {
            "id": "cobblemonraiddens:frosmoth_teraice",
            "required": false
        },
        {
            "id": "cobblemonraiddens:frosmoth_teranormal",
            "required": false
        },
        {
            "id": "cobblemonraiddens:frosmoth_terapoison",
            "required": false
        },
        {
            "id": "cobblemonraiddens:frosmoth_terapsychic",
            "required": false
        },
        {
            "id": "cobblemonraiddens:frosmoth_terarock",
            "required": false
        },
        {
            "id": "cobblemonraiddens:frosmoth_terasteel",
            "required": false
        },
        {
            "id": "cobblemonraiddens:frosmoth_terawater",
            "required": false
        }
    ]
}