{
    "replace": false,
    "values": [
        {
            "id": "cobblemonraiddens:fuecoco_stellar",
            "required": false
        },
        {
            "id": "cobblemonraiddens:fuecoco_terabug",
            "required": false
        },
        {
            "id": "cobblemonraiddens:fuecoco_teradark",
            "required": false
        },
        {
            "id": "cobblemonraiddens:fuecoco_teradragon",
            "required": false
        },
        {
            "id": "cobblemonraiddens:fuecoco_teraelectric",
            "required": false
        },
        {
            "id": "cobblemonraiddens:fuecoco_terafairy",
            "required": false
        },
        {
            "id": "cobblemonraiddens:fuecoco_terafighting",
            "required": false
        },
        {
            "id": "cobblemonraiddens:fuecoco_terafire",
            "required": false
        },
        {
            "id": "cobblemonraiddens:fuecoco_teraflying",
            "required": false
        },
        {
            "id": "cobblemonraiddens:fuecoco_teraghost",
            "required": false
        },
        {
            "id": "cobblemonraiddens:fuecoco_teragrass",
            "required": false
        },
        {
            "id": "cobblemonraiddens:fuecoco_teraground",
            "required": false
        },
        {
            "id": "cobblemonraiddens:fuecoco_teraice",
            "required": false
        },
        {
            "id": "cobblemonraiddens:fuecoco_teranormal",
            "required": false
        },
        {
            "id": "cobblemonraiddens:fuecoco_terapoison",
            "required": false
        },
        {
            "id": "cobblemonraiddens:fuecoco_terapsychic",
            "required": false
        },
        {
            "id": "cobblemonraiddens:fuecoco_terarock",
            "required": false
        },
        {
            "id": "cobblemonraiddens:fuecoco_terasteel",
            "required": false
        },
        {
            "id": "cobblemonraiddens:fuecoco_terawater",
            "required": false
        }
    ]
}