{
    "replace": false,
    "values": [
        {
            "id": "cobblemonraiddens:furfrou_stellar",
            "required": false
        },
        {
            "id": "cobblemonraiddens:furfrou_terabug",
            "required": false
        },
        {
            "id": "cobblemonraiddens:furfrou_teradark",
            "required": false
        },
        {
            "id": "cobblemonraiddens:furfrou_teradragon",
            "required": false
        },
        {
            "id": "cobblemonraiddens:furfrou_teraelectric",
            "required": false
        },
        {
            "id": "cobblemonraiddens:furfrou_terafairy",
            "required": false
        },
        {
            "id": "cobblemonraiddens:furfrou_terafighting",
            "required": false
        },
        {
            "id": "cobblemonraiddens:furfrou_terafire",
            "required": false
        },
        {
            "id": "cobblemonraiddens:furfrou_teraflying",
            "required": false
        },
        {
            "id": "cobblemonraiddens:furfrou_teraghost",
            "required": false
        },
        {
            "id": "cobblemonraiddens:furfrou_teragrass",
            "required": false
        },
        {
            "id": "cobblemonraiddens:furfrou_teraground",
            "required": false
        },
        {
            "id": "cobblemonraiddens:furfrou_teraice",
            "required": false
        },
        {
            "id": "cobblemonraiddens:furfrou_teranormal",
            "required": false
        },
        {
            "id": "cobblemonraiddens:furfrou_terapoison",
            "required": false
        },
        {
            "id": "cobblemonraiddens:furfrou_terapsychic",
            "required": false
        },
        {
            "id": "cobblemonraiddens:furfrou_terarock",
            "required": false
        },
        {
            "id": "cobblemonraiddens:furfrou_terasteel",
            "required": false
        },
        {
            "id": "cobblemonraiddens:furfrou_terawater",
            "required": false
        }
    ]
}