{
    "replace": false,
    "values": [
        {
            "id": "cobblemonraiddens:furret_stellar",
            "required": false
        },
        {
            "id": "cobblemonraiddens:furret_terabug",
            "required": false
        },
        {
            "id": "cobblemonraiddens:furret_teradark",
            "required": false
        },
        {
            "id": "cobblemonraiddens:furret_teradragon",
            "required": false
        },
        {
            "id": "cobblemonraiddens:furret_teraelectric",
            "required": false
        },
        {
            "id": "cobblemonraiddens:furret_terafairy",
            "required": false
        },
        {
            "id": "cobblemonraiddens:furret_terafighting",
            "required": false
        },
        {
            "id": "cobblemonraiddens:furret_terafire",
            "required": false
        },
        {
            "id": "cobblemonraiddens:furret_teraflying",
            "required": false
        },
        {
            "id": "cobblemonraiddens:furret_teraghost",
            "required": false
        },
        {
            "id": "cobblemonraiddens:furret_teragrass",
            "required": false
        },
        {
            "id": "cobblemonraiddens:furret_teraground",
            "required": false
        },
        {
            "id": "cobblemonraiddens:furret_teraice",
            "required": false
        },
        {
            "id": "cobblemonraiddens:furret_teranormal",
            "required": false
        },
        {
            "id": "cobblemonraiddens:furret_terapoison",
            "required": false
        },
        {
            "id": "cobblemonraiddens:furret_terapsychic",
            "required": false
        },
        {
            "id": "cobblemonraiddens:furret_terarock",
            "required": false
        },
        {
            "id": "cobblemonraiddens:furret_terasteel",
            "required": false
        },
        {
            "id": "cobblemonraiddens:furret_terawater",
            "required": false
        }
    ]
}