{
    "replace": false,
    "values": [
        {
            "id": "cobblemonraiddens:gabite_stellar",
            "required": false
        },
        {
            "id": "cobblemonraiddens:gabite_terabug",
            "required": false
        },
        {
            "id": "cobblemonraiddens:gabite_teradark",
            "required": false
        },
        {
            "id": "cobblemonraiddens:gabite_teradragon",
            "required": false
        },
        {
            "id": "cobblemonraiddens:gabite_teraelectric",
            "required": false
        },
        {
            "id": "cobblemonraiddens:gabite_terafairy",
            "required": false
        },
        {
            "id": "cobblemonraiddens:gabite_terafighting",
            "required": false
        },
        {
            "id": "cobblemonraiddens:gabite_terafire",
            "required": false
        },
        {
            "id": "cobblemonraiddens:gabite_teraflying",
            "required": false
        },
        {
            "id": "cobblemonraiddens:gabite_teraghost",
            "required": false
        },
        {
            "id": "cobblemonraiddens:gabite_teragrass",
            "required": false
        },
        {
            "id": "cobblemonraiddens:gabite_teraground",
            "required": false
        },
        {
            "id": "cobblemonraiddens:gabite_teraice",
            "required": false
        },
        {
            "id": "cobblemonraiddens:gabite_teranormal",
            "required": false
        },
        {
            "id": "cobblemonraiddens:gabite_terapoison",
            "required": false
        },
        {
            "id": "cobblemonraiddens:gabite_terapsychic",
            "required": false
        },
        {
            "id": "cobblemonraiddens:gabite_terarock",
            "required": false
        },
        {
            "id": "cobblemonraiddens:gabite_terasteel",
            "required": false
        },
        {
            "id": "cobblemonraiddens:gabite_terawater",
            "required": false
        }
    ]
}