{
    "replace": false,
    "values": [
        {
            "id": "cobblemonraiddens:gallade_stellar",
            "required": false
        },
        {
            "id": "cobblemonraiddens:gallade_terabug",
            "required": false
        },
        {
            "id": "cobblemonraiddens:gallade_teradark",
            "required": false
        },
        {
            "id": "cobblemonraiddens:gallade_teradragon",
            "required": false
        },
        {
            "id": "cobblemonraiddens:gallade_teraelectric",
            "required": false
        },
        {
            "id": "cobblemonraiddens:gallade_terafairy",
            "required": false
        },
        {
            "id": "cobblemonraiddens:gallade_terafighting",
            "required": false
        },
        {
            "id": "cobblemonraiddens:gallade_terafire",
            "required": false
        },
        {
            "id": "cobblemonraiddens:gallade_teraflying",
            "required": false
        },
        {
            "id": "cobblemonraiddens:gallade_teraghost",
            "required": false
        },
        {
            "id": "cobblemonraiddens:gallade_teragrass",
            "required": false
        },
        {
            "id": "cobblemonraiddens:gallade_teraground",
            "required": false
        },
        {
            "id": "cobblemonraiddens:gallade_teraice",
            "required": false
        },
        {
            "id": "cobblemonraiddens:gallade_teranormal",
            "required": false
        },
        {
            "id": "cobblemonraiddens:gallade_terapoison",
            "required": false
        },
        {
            "id": "cobblemonraiddens:gallade_terapsychic",
            "required": false
        },
        {
            "id": "cobblemonraiddens:gallade_terarock",
            "required": false
        },
        {
            "id": "cobblemonraiddens:gallade_terasteel",
            "required": false
        },
        {
            "id": "cobblemonraiddens:gallade_terawater",
            "required": false
        }
    ]
}