{
    "replace": false,
    "values": [
        {
            "id": "cobblemonraiddens:galvantula_stellar",
            "required": false
        },
        {
            "id": "cobblemonraiddens:galvantula_terabug",
            "required": false
        },
        {
            "id": "cobblemonraiddens:galvantula_teradark",
            "required": false
        },
        {
            "id": "cobblemonraiddens:galvantula_teradragon",
            "required": false
        },
        {
            "id": "cobblemonraiddens:galvantula_teraelectric",
            "required": false
        },
        {
            "id": "cobblemonraiddens:galvantula_terafairy",
            "required": false
        },
        {
            "id": "cobblemonraiddens:galvantula_terafighting",
            "required": false
        },
        {
            "id": "cobblemonraiddens:galvantula_terafire",
            "required": false
        },
        {
            "id": "cobblemonraiddens:galvantula_teraflying",
            "required": false
        },
        {
            "id": "cobblemonraiddens:galvantula_teraghost",
            "required": false
        },
        {
            "id": "cobblemonraiddens:galvantula_teragrass",
            "required": false
        },
        {
            "id": "cobblemonraiddens:galvantula_teraground",
            "required": false
        },
        {
            "id": "cobblemonraiddens:galvantula_teraice",
            "required": false
        },
        {
            "id": "cobblemonraiddens:galvantula_teranormal",
            "required": false
        },
        {
            "id": "cobblemonraiddens:galvantula_terapoison",
            "required": false
        },
        {
            "id": "cobblemonraiddens:galvantula_terapsychic",
            "required": false
        },
        {
            "id": "cobblemonraiddens:galvantula_terarock",
            "required": false
        },
        {
            "id": "cobblemonraiddens:galvantula_terasteel",
            "required": false
        },
        {
            "id": "cobblemonraiddens:galvantula_terawater",
            "required": false
        }
    ]
}