{
    "replace": false,
    "values": [
        {
            "id": "cobblemonraiddens:garbodor_stellar",
            "required": false
        },
        {
            "id": "cobblemonraiddens:garbodor_terabug",
            "required": false
        },
        {
            "id": "cobblemonraiddens:garbodor_teradark",
            "required": false
        },
        {
            "id": "cobblemonraiddens:garbodor_teradragon",
            "required": false
        },
        {
            "id": "cobblemonraiddens:garbodor_teraelectric",
            "required": false
        },
        {
            "id": "cobblemonraiddens:garbodor_terafairy",
            "required": false
        },
        {
            "id": "cobblemonraiddens:garbodor_terafighting",
            "required": false
        },
        {
            "id": "cobblemonraiddens:garbodor_terafire",
            "required": false
        },
        {
            "id": "cobblemonraiddens:garbodor_teraflying",
            "required": false
        },
        {
            "id": "cobblemonraiddens:garbodor_teraghost",
            "required": false
        },
        {
            "id": "cobblemonraiddens:garbodor_teragrass",
            "required": false
        },
        {
            "id": "cobblemonraiddens:garbodor_teraground",
            "required": false
        },
        {
            "id": "cobblemonraiddens:garbodor_teraice",
            "required": false
        },
        {
            "id": "cobblemonraiddens:garbodor_teranormal",
            "required": false
        },
        {
            "id": "cobblemonraiddens:garbodor_terapoison",
            "required": false
        },
        {
            "id": "cobblemonraiddens:garbodor_terapsychic",
            "required": false
        },
        {
            "id": "cobblemonraiddens:garbodor_terarock",
            "required": false
        },
        {
            "id": "cobblemonraiddens:garbodor_terasteel",
            "required": false
        },
        {
            "id": "cobblemonraiddens:garbodor_terawater",
            "required": false
        }
    ]
}