{
    "replace": false,
    "values": [
        {
            "id": "cobblemonraiddens:garchomp_stellar",
            "required": false
        },
        {
            "id": "cobblemonraiddens:garchomp_terabug",
            "required": false
        },
        {
            "id": "cobblemonraiddens:garchomp_teradark",
            "required": false
        },
        {
            "id": "cobblemonraiddens:garchomp_teradragon",
            "required": false
        },
        {
            "id": "cobblemonraiddens:garchomp_teraelectric",
            "required": false
        },
        {
            "id": "cobblemonraiddens:garchomp_terafairy",
            "required": false
        },
        {
            "id": "cobblemonraiddens:garchomp_terafighting",
            "required": false
        },
        {
            "id": "cobblemonraiddens:garchomp_terafire",
            "required": false
        },
        {
            "id": "cobblemonraiddens:garchomp_teraflying",
            "required": false
        },
        {
            "id": "cobblemonraiddens:garchomp_teraghost",
            "required": false
        },
        {
            "id": "cobblemonraiddens:garchomp_teragrass",
            "required": false
        },
        {
            "id": "cobblemonraiddens:garchomp_teraground",
            "required": false
        },
        {
            "id": "cobblemonraiddens:garchomp_teraice",
            "required": false
        },
        {
            "id": "cobblemonraiddens:garchomp_teranormal",
            "required": false
        },
        {
            "id": "cobblemonraiddens:garchomp_terapoison",
            "required": false
        },
        {
            "id": "cobblemonraiddens:garchomp_terapsychic",
            "required": false
        },
        {
            "id": "cobblemonraiddens:garchomp_terarock",
            "required": false
        },
        {
            "id": "cobblemonraiddens:garchomp_terasteel",
            "required": false
        },
        {
            "id": "cobblemonraiddens:garchomp_terawater",
            "required": false
        }
    ]
}