{
    "replace": false,
    "values": [
        {
            "id": "cobblemonraiddens:gardevoir_stellar",
            "required": false
        },
        {
            "id": "cobblemonraiddens:gardevoir_terabug",
            "required": false
        },
        {
            "id": "cobblemonraiddens:gardevoir_teradark",
            "required": false
        },
        {
            "id": "cobblemonraiddens:gardevoir_teradragon",
            "required": false
        },
        {
            "id": "cobblemonraiddens:gardevoir_teraelectric",
            "required": false
        },
        {
            "id": "cobblemonraiddens:gardevoir_terafairy",
            "required": false
        },
        {
            "id": "cobblemonraiddens:gardevoir_terafighting",
            "required": false
        },
        {
            "id": "cobblemonraiddens:gardevoir_terafire",
            "required": false
        },
        {
            "id": "cobblemonraiddens:gardevoir_teraflying",
            "required": false
        },
        {
            "id": "cobblemonraiddens:gardevoir_teraghost",
            "required": false
        },
        {
            "id": "cobblemonraiddens:gardevoir_teragrass",
            "required": false
        },
        {
            "id": "cobblemonraiddens:gardevoir_teraground",
            "required": false
        },
        {
            "id": "cobblemonraiddens:gardevoir_teraice",
            "required": false
        },
        {
            "id": "cobblemonraiddens:gardevoir_teranormal",
            "required": false
        },
        {
            "id": "cobblemonraiddens:gardevoir_terapoison",
            "required": false
        },
        {
            "id": "cobblemonraiddens:gardevoir_terapsychic",
            "required": false
        },
        {
            "id": "cobblemonraiddens:gardevoir_terarock",
            "required": false
        },
        {
            "id": "cobblemonraiddens:gardevoir_terasteel",
            "required": false
        },
        {
            "id": "cobblemonraiddens:gardevoir_terawater",
            "required": false
        }
    ]
}