{
    "replace": false,
    "values": [
        {
            "id": "cobblemonraiddens:garganacl_stellar",
            "required": false
        },
        {
            "id": "cobblemonraiddens:garganacl_terabug",
            "required": false
        },
        {
            "id": "cobblemonraiddens:garganacl_teradark",
            "required": false
        },
        {
            "id": "cobblemonraiddens:garganacl_teradragon",
            "required": false
        },
        {
            "id": "cobblemonraiddens:garganacl_teraelectric",
            "required": false
        },
        {
            "id": "cobblemonraiddens:garganacl_terafairy",
            "required": false
        },
        {
            "id": "cobblemonraiddens:garganacl_terafighting",
            "required": false
        },
        {
            "id": "cobblemonraiddens:garganacl_terafire",
            "required": false
        },
        {
            "id": "cobblemonraiddens:garganacl_teraflying",
            "required": false
        },
        {
            "id": "cobblemonraiddens:garganacl_teraghost",
            "required": false
        },
        {
            "id": "cobblemonraiddens:garganacl_teragrass",
            "required": false
        },
        {
            "id": "cobblemonraiddens:garganacl_teraground",
            "required": false
        },
        {
            "id": "cobblemonraiddens:garganacl_teraice",
            "required": false
        },
        {
            "id": "cobblemonraiddens:garganacl_teranormal",
            "required": false
        },
        {
            "id": "cobblemonraiddens:garganacl_terapoison",
            "required": false
        },
        {
            "id": "cobblemonraiddens:garganacl_terapsychic",
            "required": false
        },
        {
            "id": "cobblemonraiddens:garganacl_terarock",
            "required": false
        },
        {
            "id": "cobblemonraiddens:garganacl_terasteel",
            "required": false
        },
        {
            "id": "cobblemonraiddens:garganacl_terawater",
            "required": false
        }
    ]
}