{
    "replace": false,
    "values": [
        {
            "id": "cobblemonraiddens:gastly_stellar",
            "required": false
        },
        {
            "id": "cobblemonraiddens:gastly_terabug",
            "required": false
        },
        {
            "id": "cobblemonraiddens:gastly_teradark",
            "required": false
        },
        {
            "id": "cobblemonraiddens:gastly_teradragon",
            "required": false
        },
        {
            "id": "cobblemonraiddens:gastly_teraelectric",
            "required": false
        },
        {
            "id": "cobblemonraiddens:gastly_terafairy",
            "required": false
        },
        {
            "id": "cobblemonraiddens:gastly_terafighting",
            "required": false
        },
        {
            "id": "cobblemonraiddens:gastly_terafire",
            "required": false
        },
        {
            "id": "cobblemonraiddens:gastly_teraflying",
            "required": false
        },
        {
            "id": "cobblemonraiddens:gastly_teraghost",
            "required": false
        },
        {
            "id": "cobblemonraiddens:gastly_teragrass",
            "required": false
        },
        {
            "id": "cobblemonraiddens:gastly_teraground",
            "required": false
        },
        {
            "id": "cobblemonraiddens:gastly_teraice",
            "required": false
        },
        {
            "id": "cobblemonraiddens:gastly_teranormal",
            "required": false
        },
        {
            "id": "cobblemonraiddens:gastly_terapoison",
            "required": false
        },
        {
            "id": "cobblemonraiddens:gastly_terapsychic",
            "required": false
        },
        {
            "id": "cobblemonraiddens:gastly_terarock",
            "required": false
        },
        {
            "id": "cobblemonraiddens:gastly_terasteel",
            "required": false
        },
        {
            "id": "cobblemonraiddens:gastly_terawater",
            "required": false
        }
    ]
}