{
    "replace": false,
    "values": [
        {
            "id": "cobblemonraiddens:gastrodon_stellar",
            "required": false
        },
        {
            "id": "cobblemonraiddens:gastrodon_terabug",
            "required": false
        },
        {
            "id": "cobblemonraiddens:gastrodon_teradark",
            "required": false
        },
        {
            "id": "cobblemonraiddens:gastrodon_teradragon",
            "required": false
        },
        {
            "id": "cobblemonraiddens:gastrodon_teraelectric",
            "required": false
        },
        {
            "id": "cobblemonraiddens:gastrodon_terafairy",
            "required": false
        },
        {
            "id": "cobblemonraiddens:gastrodon_terafighting",
            "required": false
        },
        {
            "id": "cobblemonraiddens:gastrodon_terafire",
            "required": false
        },
        {
            "id": "cobblemonraiddens:gastrodon_teraflying",
            "required": false
        },
        {
            "id": "cobblemonraiddens:gastrodon_teraghost",
            "required": false
        },
        {
            "id": "cobblemonraiddens:gastrodon_teragrass",
            "required": false
        },
        {
            "id": "cobblemonraiddens:gastrodon_teraground",
            "required": false
        },
        {
            "id": "cobblemonraiddens:gastrodon_teraice",
            "required": false
        },
        {
            "id": "cobblemonraiddens:gastrodon_teranormal",
            "required": false
        },
        {
            "id": "cobblemonraiddens:gastrodon_terapoison",
            "required": false
        },
        {
            "id": "cobblemonraiddens:gastrodon_terapsychic",
            "required": false
        },
        {
            "id": "cobblemonraiddens:gastrodon_terarock",
            "required": false
        },
        {
            "id": "cobblemonraiddens:gastrodon_terasteel",
            "required": false
        },
        {
            "id": "cobblemonraiddens:gastrodon_terawater",
            "required": false
        }
    ]
}