{
    "replace": false,
    "values": [
        {
            "id": "cobblemonraiddens:genesect_stellar",
            "required": false
        },
        {
            "id": "cobblemonraiddens:genesect_terabug",
            "required": false
        },
        {
            "id": "cobblemonraiddens:genesect_teradark",
            "required": false
        },
        {
            "id": "cobblemonraiddens:genesect_teradragon",
            "required": false
        },
        {
            "id": "cobblemonraiddens:genesect_teraelectric",
            "required": false
        },
        {
            "id": "cobblemonraiddens:genesect_terafairy",
            "required": false
        },
        {
            "id": "cobblemonraiddens:genesect_terafighting",
            "required": false
        },
        {
            "id": "cobblemonraiddens:genesect_terafire",
            "required": false
        },
        {
            "id": "cobblemonraiddens:genesect_teraflying",
            "required": false
        },
        {
            "id": "cobblemonraiddens:genesect_teraghost",
            "required": false
        },
        {
            "id": "cobblemonraiddens:genesect_teragrass",
            "required": false
        },
        {
            "id": "cobblemonraiddens:genesect_teraground",
            "required": false
        },
        {
            "id": "cobblemonraiddens:genesect_teraice",
            "required": false
        },
        {
            "id": "cobblemonraiddens:genesect_teranormal",
            "required": false
        },
        {
            "id": "cobblemonraiddens:genesect_terapoison",
            "required": false
        },
        {
            "id": "cobblemonraiddens:genesect_terapsychic",
            "required": false
        },
        {
            "id": "cobblemonraiddens:genesect_terarock",
            "required": false
        },
        {
            "id": "cobblemonraiddens:genesect_terasteel",
            "required": false
        },
        {
            "id": "cobblemonraiddens:genesect_terawater",
            "required": false
        }
    ]
}