{
    "replace": false,
    "values": [
        {
            "id": "cobblemonraiddens:gengar_stellar",
            "required": false
        },
        {
            "id": "cobblemonraiddens:gengar_terabug",
            "required": false
        },
        {
            "id": "cobblemonraiddens:gengar_teradark",
            "required": false
        },
        {
            "id": "cobblemonraiddens:gengar_teradragon",
            "required": false
        },
        {
            "id": "cobblemonraiddens:gengar_teraelectric",
            "required": false
        },
        {
            "id": "cobblemonraiddens:gengar_terafairy",
            "required": false
        },
        {
            "id": "cobblemonraiddens:gengar_terafighting",
            "required": false
        },
        {
            "id": "cobblemonraiddens:gengar_terafire",
            "required": false
        },
        {
            "id": "cobblemonraiddens:gengar_teraflying",
            "required": false
        },
        {
            "id": "cobblemonraiddens:gengar_teraghost",
            "required": false
        },
        {
            "id": "cobblemonraiddens:gengar_teragrass",
            "required": false
        },
        {
            "id": "cobblemonraiddens:gengar_teraground",
            "required": false
        },
        {
            "id": "cobblemonraiddens:gengar_teraice",
            "required": false
        },
        {
            "id": "cobblemonraiddens:gengar_teranormal",
            "required": false
        },
        {
            "id": "cobblemonraiddens:gengar_terapoison",
            "required": false
        },
        {
            "id": "cobblemonraiddens:gengar_terapsychic",
            "required": false
        },
        {
            "id": "cobblemonraiddens:gengar_terarock",
            "required": false
        },
        {
            "id": "cobblemonraiddens:gengar_terasteel",
            "required": false
        },
        {
            "id": "cobblemonraiddens:gengar_terawater",
            "required": false
        }
    ]
}