{
    "replace": false,
    "values": [
        {
            "id": "cobblemonraiddens:geodude_stellar",
            "required": false
        },
        {
            "id": "cobblemonraiddens:geodude_terabug",
            "required": false
        },
        {
            "id": "cobblemonraiddens:geodude_teradark",
            "required": false
        },
        {
            "id": "cobblemonraiddens:geodude_teradragon",
            "required": false
        },
        {
            "id": "cobblemonraiddens:geodude_teraelectric",
            "required": false
        },
        {
            "id": "cobblemonraiddens:geodude_terafairy",
            "required": false
        },
        {
            "id": "cobblemonraiddens:geodude_terafighting",
            "required": false
        },
        {
            "id": "cobblemonraiddens:geodude_terafire",
            "required": false
        },
        {
            "id": "cobblemonraiddens:geodude_teraflying",
            "required": false
        },
        {
            "id": "cobblemonraiddens:geodude_teraghost",
            "required": false
        },
        {
            "id": "cobblemonraiddens:geodude_teragrass",
            "required": false
        },
        {
            "id": "cobblemonraiddens:geodude_teraground",
            "required": false
        },
        {
            "id": "cobblemonraiddens:geodude_teraice",
            "required": false
        },
        {
            "id": "cobblemonraiddens:geodude_teranormal",
            "required": false
        },
        {
            "id": "cobblemonraiddens:geodude_terapoison",
            "required": false
        },
        {
            "id": "cobblemonraiddens:geodude_terapsychic",
            "required": false
        },
        {
            "id": "cobblemonraiddens:geodude_terarock",
            "required": false
        },
        {
            "id": "cobblemonraiddens:geodude_terasteel",
            "required": false
        },
        {
            "id": "cobblemonraiddens:geodude_terawater",
            "required": false
        }
    ]
}