{
    "replace": false,
    "values": [
        {
            "id": "cobblemonraiddens:gholdengo_stellar",
            "required": false
        },
        {
            "id": "cobblemonraiddens:gholdengo_terabug",
            "required": false
        },
        {
            "id": "cobblemonraiddens:gholdengo_teradark",
            "required": false
        },
        {
            "id": "cobblemonraiddens:gholdengo_teradragon",
            "required": false
        },
        {
            "id": "cobblemonraiddens:gholdengo_teraelectric",
            "required": false
        },
        {
            "id": "cobblemonraiddens:gholdengo_terafairy",
            "required": false
        },
        {
            "id": "cobblemonraiddens:gholdengo_terafighting",
            "required": false
        },
        {
            "id": "cobblemonraiddens:gholdengo_terafire",
            "required": false
        },
        {
            "id": "cobblemonraiddens:gholdengo_teraflying",
            "required": false
        },
        {
            "id": "cobblemonraiddens:gholdengo_teraghost",
            "required": false
        },
        {
            "id": "cobblemonraiddens:gholdengo_teragrass",
            "required": false
        },
        {
            "id": "cobblemonraiddens:gholdengo_teraground",
            "required": false
        },
        {
            "id": "cobblemonraiddens:gholdengo_teraice",
            "required": false
        },
        {
            "id": "cobblemonraiddens:gholdengo_teranormal",
            "required": false
        },
        {
            "id": "cobblemonraiddens:gholdengo_terapoison",
            "required": false
        },
        {
            "id": "cobblemonraiddens:gholdengo_terapsychic",
            "required": false
        },
        {
            "id": "cobblemonraiddens:gholdengo_terarock",
            "required": false
        },
        {
            "id": "cobblemonraiddens:gholdengo_terasteel",
            "required": false
        },
        {
            "id": "cobblemonraiddens:gholdengo_terawater",
            "required": false
        }
    ]
}