{
    "replace": false,
    "values": [
        {
            "id": "cobblemonraiddens:gible_stellar",
            "required": false
        },
        {
            "id": "cobblemonraiddens:gible_terabug",
            "required": false
        },
        {
            "id": "cobblemonraiddens:gible_teradark",
            "required": false
        },
        {
            "id": "cobblemonraiddens:gible_teradragon",
            "required": false
        },
        {
            "id": "cobblemonraiddens:gible_teraelectric",
            "required": false
        },
        {
            "id": "cobblemonraiddens:gible_terafairy",
            "required": false
        },
        {
            "id": "cobblemonraiddens:gible_terafighting",
            "required": false
        },
        {
            "id": "cobblemonraiddens:gible_terafire",
            "required": false
        },
        {
            "id": "cobblemonraiddens:gible_teraflying",
            "required": false
        },
        {
            "id": "cobblemonraiddens:gible_teraghost",
            "required": false
        },
        {
            "id": "cobblemonraiddens:gible_teragrass",
            "required": false
        },
        {
            "id": "cobblemonraiddens:gible_teraground",
            "required": false
        },
        {
            "id": "cobblemonraiddens:gible_teraice",
            "required": false
        },
        {
            "id": "cobblemonraiddens:gible_teranormal",
            "required": false
        },
        {
            "id": "cobblemonraiddens:gible_terapoison",
            "required": false
        },
        {
            "id": "cobblemonraiddens:gible_terapsychic",
            "required": false
        },
        {
            "id": "cobblemonraiddens:gible_terarock",
            "required": false
        },
        {
            "id": "cobblemonraiddens:gible_terasteel",
            "required": false
        },
        {
            "id": "cobblemonraiddens:gible_terawater",
            "required": false
        }
    ]
}