{
    "replace": false,
    "values": [
        {
            "id": "cobblemonraiddens:gigalith_stellar",
            "required": false
        },
        {
            "id": "cobblemonraiddens:gigalith_terabug",
            "required": false
        },
        {
            "id": "cobblemonraiddens:gigalith_teradark",
            "required": false
        },
        {
            "id": "cobblemonraiddens:gigalith_teradragon",
            "required": false
        },
        {
            "id": "cobblemonraiddens:gigalith_teraelectric",
            "required": false
        },
        {
            "id": "cobblemonraiddens:gigalith_terafairy",
            "required": false
        },
        {
            "id": "cobblemonraiddens:gigalith_terafighting",
            "required": false
        },
        {
            "id": "cobblemonraiddens:gigalith_terafire",
            "required": false
        },
        {
            "id": "cobblemonraiddens:gigalith_teraflying",
            "required": false
        },
        {
            "id": "cobblemonraiddens:gigalith_teraghost",
            "required": false
        },
        {
            "id": "cobblemonraiddens:gigalith_teragrass",
            "required": false
        },
        {
            "id": "cobblemonraiddens:gigalith_teraground",
            "required": false
        },
        {
            "id": "cobblemonraiddens:gigalith_teraice",
            "required": false
        },
        {
            "id": "cobblemonraiddens:gigalith_teranormal",
            "required": false
        },
        {
            "id": "cobblemonraiddens:gigalith_terapoison",
            "required": false
        },
        {
            "id": "cobblemonraiddens:gigalith_terapsychic",
            "required": false
        },
        {
            "id": "cobblemonraiddens:gigalith_terarock",
            "required": false
        },
        {
            "id": "cobblemonraiddens:gigalith_terasteel",
            "required": false
        },
        {
            "id": "cobblemonraiddens:gigalith_terawater",
            "required": false
        }
    ]
}