{
    "replace": false,
    "values": [
        {
            "id": "cobblemonraiddens:gimmighoul_stellar",
            "required": false
        },
        {
            "id": "cobblemonraiddens:gimmighoul_terabug",
            "required": false
        },
        {
            "id": "cobblemonraiddens:gimmighoul_teradark",
            "required": false
        },
        {
            "id": "cobblemonraiddens:gimmighoul_teradragon",
            "required": false
        },
        {
            "id": "cobblemonraiddens:gimmighoul_teraelectric",
            "required": false
        },
        {
            "id": "cobblemonraiddens:gimmighoul_terafairy",
            "required": false
        },
        {
            "id": "cobblemonraiddens:gimmighoul_terafighting",
            "required": false
        },
        {
            "id": "cobblemonraiddens:gimmighoul_terafire",
            "required": false
        },
        {
            "id": "cobblemonraiddens:gimmighoul_teraflying",
            "required": false
        },
        {
            "id": "cobblemonraiddens:gimmighoul_teraghost",
            "required": false
        },
        {
            "id": "cobblemonraiddens:gimmighoul_teragrass",
            "required": false
        },
        {
            "id": "cobblemonraiddens:gimmighoul_teraground",
            "required": false
        },
        {
            "id": "cobblemonraiddens:gimmighoul_teraice",
            "required": false
        },
        {
            "id": "cobblemonraiddens:gimmighoul_teranormal",
            "required": false
        },
        {
            "id": "cobblemonraiddens:gimmighoul_terapoison",
            "required": false
        },
        {
            "id": "cobblemonraiddens:gimmighoul_terapsychic",
            "required": false
        },
        {
            "id": "cobblemonraiddens:gimmighoul_terarock",
            "required": false
        },
        {
            "id": "cobblemonraiddens:gimmighoul_terasteel",
            "required": false
        },
        {
            "id": "cobblemonraiddens:gimmighoul_terawater",
            "required": false
        }
    ]
}