{
    "replace": false,
    "values": [
        {
            "id": "cobblemonraiddens:giratina_origin_stellar",
            "required": false
        },
        {
            "id": "cobblemonraiddens:giratina_origin_terabug",
            "required": false
        },
        {
            "id": "cobblemonraiddens:giratina_origin_teradark",
            "required": false
        },
        {
            "id": "cobblemonraiddens:giratina_origin_teradragon",
            "required": false
        },
        {
            "id": "cobblemonraiddens:giratina_origin_teraelectric",
            "required": false
        },
        {
            "id": "cobblemonraiddens:giratina_origin_terafairy",
            "required": false
        },
        {
            "id": "cobblemonraiddens:giratina_origin_terafighting",
            "required": false
        },
        {
            "id": "cobblemonraiddens:giratina_origin_terafire",
            "required": false
        },
        {
            "id": "cobblemonraiddens:giratina_origin_teraflying",
            "required": false
        },
        {
            "id": "cobblemonraiddens:giratina_origin_teraghost",
            "required": false
        },
        {
            "id": "cobblemonraiddens:giratina_origin_teragrass",
            "required": false
        },
        {
            "id": "cobblemonraiddens:giratina_origin_teraground",
            "required": false
        },
        {
            "id": "cobblemonraiddens:giratina_origin_teraice",
            "required": false
        },
        {
            "id": "cobblemonraiddens:giratina_origin_teranormal",
            "required": false
        },
        {
            "id": "cobblemonraiddens:giratina_origin_terapoison",
            "required": false
        },
        {
            "id": "cobblemonraiddens:giratina_origin_terapsychic",
            "required": false
        },
        {
            "id": "cobblemonraiddens:giratina_origin_terarock",
            "required": false
        },
        {
            "id": "cobblemonraiddens:giratina_origin_terasteel",
            "required": false
        },
        {
            "id": "cobblemonraiddens:giratina_origin_terawater",
            "required": false
        }
    ]
}