{
    "replace": false,
    "values": [
        {
            "id": "cobblemonraiddens:giratina_stellar",
            "required": false
        },
        {
            "id": "cobblemonraiddens:giratina_terabug",
            "required": false
        },
        {
            "id": "cobblemonraiddens:giratina_teradark",
            "required": false
        },
        {
            "id": "cobblemonraiddens:giratina_teradragon",
            "required": false
        },
        {
            "id": "cobblemonraiddens:giratina_teraelectric",
            "required": false
        },
        {
            "id": "cobblemonraiddens:giratina_terafairy",
            "required": false
        },
        {
            "id": "cobblemonraiddens:giratina_terafighting",
            "required": false
        },
        {
            "id": "cobblemonraiddens:giratina_terafire",
            "required": false
        },
        {
            "id": "cobblemonraiddens:giratina_teraflying",
            "required": false
        },
        {
            "id": "cobblemonraiddens:giratina_teraghost",
            "required": false
        },
        {
            "id": "cobblemonraiddens:giratina_teragrass",
            "required": false
        },
        {
            "id": "cobblemonraiddens:giratina_teraground",
            "required": false
        },
        {
            "id": "cobblemonraiddens:giratina_teraice",
            "required": false
        },
        {
            "id": "cobblemonraiddens:giratina_teranormal",
            "required": false
        },
        {
            "id": "cobblemonraiddens:giratina_terapoison",
            "required": false
        },
        {
            "id": "cobblemonraiddens:giratina_terapsychic",
            "required": false
        },
        {
            "id": "cobblemonraiddens:giratina_terarock",
            "required": false
        },
        {
            "id": "cobblemonraiddens:giratina_terasteel",
            "required": false
        },
        {
            "id": "cobblemonraiddens:giratina_terawater",
            "required": false
        }
    ]
}