{
    "replace": false,
    "values": [
        {
            "id": "cobblemonraiddens:girafarig_stellar",
            "required": false
        },
        {
            "id": "cobblemonraiddens:girafarig_terabug",
            "required": false
        },
        {
            "id": "cobblemonraiddens:girafarig_teradark",
            "required": false
        },
        {
            "id": "cobblemonraiddens:girafarig_teradragon",
            "required": false
        },
        {
            "id": "cobblemonraiddens:girafarig_teraelectric",
            "required": false
        },
        {
            "id": "cobblemonraiddens:girafarig_terafairy",
            "required": false
        },
        {
            "id": "cobblemonraiddens:girafarig_terafighting",
            "required": false
        },
        {
            "id": "cobblemonraiddens:girafarig_terafire",
            "required": false
        },
        {
            "id": "cobblemonraiddens:girafarig_teraflying",
            "required": false
        },
        {
            "id": "cobblemonraiddens:girafarig_teraghost",
            "required": false
        },
        {
            "id": "cobblemonraiddens:girafarig_teragrass",
            "required": false
        },
        {
            "id": "cobblemonraiddens:girafarig_teraground",
            "required": false
        },
        {
            "id": "cobblemonraiddens:girafarig_teraice",
            "required": false
        },
        {
            "id": "cobblemonraiddens:girafarig_teranormal",
            "required": false
        },
        {
            "id": "cobblemonraiddens:girafarig_terapoison",
            "required": false
        },
        {
            "id": "cobblemonraiddens:girafarig_terapsychic",
            "required": false
        },
        {
            "id": "cobblemonraiddens:girafarig_terarock",
            "required": false
        },
        {
            "id": "cobblemonraiddens:girafarig_terasteel",
            "required": false
        },
        {
            "id": "cobblemonraiddens:girafarig_terawater",
            "required": false
        }
    ]
}