{
    "replace": false,
    "values": [
        {
            "id": "cobblemonraiddens:glaceon_stellar",
            "required": false
        },
        {
            "id": "cobblemonraiddens:glaceon_terabug",
            "required": false
        },
        {
            "id": "cobblemonraiddens:glaceon_teradark",
            "required": false
        },
        {
            "id": "cobblemonraiddens:glaceon_teradragon",
            "required": false
        },
        {
            "id": "cobblemonraiddens:glaceon_teraelectric",
            "required": false
        },
        {
            "id": "cobblemonraiddens:glaceon_terafairy",
            "required": false
        },
        {
            "id": "cobblemonraiddens:glaceon_terafighting",
            "required": false
        },
        {
            "id": "cobblemonraiddens:glaceon_terafire",
            "required": false
        },
        {
            "id": "cobblemonraiddens:glaceon_teraflying",
            "required": false
        },
        {
            "id": "cobblemonraiddens:glaceon_teraghost",
            "required": false
        },
        {
            "id": "cobblemonraiddens:glaceon_teragrass",
            "required": false
        },
        {
            "id": "cobblemonraiddens:glaceon_teraground",
            "required": false
        },
        {
            "id": "cobblemonraiddens:glaceon_teraice",
            "required": false
        },
        {
            "id": "cobblemonraiddens:glaceon_teranormal",
            "required": false
        },
        {
            "id": "cobblemonraiddens:glaceon_terapoison",
            "required": false
        },
        {
            "id": "cobblemonraiddens:glaceon_terapsychic",
            "required": false
        },
        {
            "id": "cobblemonraiddens:glaceon_terarock",
            "required": false
        },
        {
            "id": "cobblemonraiddens:glaceon_terasteel",
            "required": false
        },
        {
            "id": "cobblemonraiddens:glaceon_terawater",
            "required": false
        }
    ]
}