{
    "replace": false,
    "values": [
        {
            "id": "cobblemonraiddens:glalie_stellar",
            "required": false
        },
        {
            "id": "cobblemonraiddens:glalie_terabug",
            "required": false
        },
        {
            "id": "cobblemonraiddens:glalie_teradark",
            "required": false
        },
        {
            "id": "cobblemonraiddens:glalie_teradragon",
            "required": false
        },
        {
            "id": "cobblemonraiddens:glalie_teraelectric",
            "required": false
        },
        {
            "id": "cobblemonraiddens:glalie_terafairy",
            "required": false
        },
        {
            "id": "cobblemonraiddens:glalie_terafighting",
            "required": false
        },
        {
            "id": "cobblemonraiddens:glalie_terafire",
            "required": false
        },
        {
            "id": "cobblemonraiddens:glalie_teraflying",
            "required": false
        },
        {
            "id": "cobblemonraiddens:glalie_teraghost",
            "required": false
        },
        {
            "id": "cobblemonraiddens:glalie_teragrass",
            "required": false
        },
        {
            "id": "cobblemonraiddens:glalie_teraground",
            "required": false
        },
        {
            "id": "cobblemonraiddens:glalie_teraice",
            "required": false
        },
        {
            "id": "cobblemonraiddens:glalie_teranormal",
            "required": false
        },
        {
            "id": "cobblemonraiddens:glalie_terapoison",
            "required": false
        },
        {
            "id": "cobblemonraiddens:glalie_terapsychic",
            "required": false
        },
        {
            "id": "cobblemonraiddens:glalie_terarock",
            "required": false
        },
        {
            "id": "cobblemonraiddens:glalie_terasteel",
            "required": false
        },
        {
            "id": "cobblemonraiddens:glalie_terawater",
            "required": false
        }
    ]
}