{
    "replace": false,
    "values": [
        {
            "id": "cobblemonraiddens:glameow_stellar",
            "required": false
        },
        {
            "id": "cobblemonraiddens:glameow_terabug",
            "required": false
        },
        {
            "id": "cobblemonraiddens:glameow_teradark",
            "required": false
        },
        {
            "id": "cobblemonraiddens:glameow_teradragon",
            "required": false
        },
        {
            "id": "cobblemonraiddens:glameow_teraelectric",
            "required": false
        },
        {
            "id": "cobblemonraiddens:glameow_terafairy",
            "required": false
        },
        {
            "id": "cobblemonraiddens:glameow_terafighting",
            "required": false
        },
        {
            "id": "cobblemonraiddens:glameow_terafire",
            "required": false
        },
        {
            "id": "cobblemonraiddens:glameow_teraflying",
            "required": false
        },
        {
            "id": "cobblemonraiddens:glameow_teraghost",
            "required": false
        },
        {
            "id": "cobblemonraiddens:glameow_teragrass",
            "required": false
        },
        {
            "id": "cobblemonraiddens:glameow_teraground",
            "required": false
        },
        {
            "id": "cobblemonraiddens:glameow_teraice",
            "required": false
        },
        {
            "id": "cobblemonraiddens:glameow_teranormal",
            "required": false
        },
        {
            "id": "cobblemonraiddens:glameow_terapoison",
            "required": false
        },
        {
            "id": "cobblemonraiddens:glameow_terapsychic",
            "required": false
        },
        {
            "id": "cobblemonraiddens:glameow_terarock",
            "required": false
        },
        {
            "id": "cobblemonraiddens:glameow_terasteel",
            "required": false
        },
        {
            "id": "cobblemonraiddens:glameow_terawater",
            "required": false
        }
    ]
}