{
    "replace": false,
    "values": [
        {
            "id": "cobblemonraiddens:glastrier_stellar",
            "required": false
        },
        {
            "id": "cobblemonraiddens:glastrier_terabug",
            "required": false
        },
        {
            "id": "cobblemonraiddens:glastrier_teradark",
            "required": false
        },
        {
            "id": "cobblemonraiddens:glastrier_teradragon",
            "required": false
        },
        {
            "id": "cobblemonraiddens:glastrier_teraelectric",
            "required": false
        },
        {
            "id": "cobblemonraiddens:glastrier_terafairy",
            "required": false
        },
        {
            "id": "cobblemonraiddens:glastrier_terafighting",
            "required": false
        },
        {
            "id": "cobblemonraiddens:glastrier_terafire",
            "required": false
        },
        {
            "id": "cobblemonraiddens:glastrier_teraflying",
            "required": false
        },
        {
            "id": "cobblemonraiddens:glastrier_teraghost",
            "required": false
        },
        {
            "id": "cobblemonraiddens:glastrier_teragrass",
            "required": false
        },
        {
            "id": "cobblemonraiddens:glastrier_teraground",
            "required": false
        },
        {
            "id": "cobblemonraiddens:glastrier_teraice",
            "required": false
        },
        {
            "id": "cobblemonraiddens:glastrier_teranormal",
            "required": false
        },
        {
            "id": "cobblemonraiddens:glastrier_terapoison",
            "required": false
        },
        {
            "id": "cobblemonraiddens:glastrier_terapsychic",
            "required": false
        },
        {
            "id": "cobblemonraiddens:glastrier_terarock",
            "required": false
        },
        {
            "id": "cobblemonraiddens:glastrier_terasteel",
            "required": false
        },
        {
            "id": "cobblemonraiddens:glastrier_terawater",
            "required": false
        }
    ]
}