{
    "replace": false,
    "values": [
        {
            "id": "cobblemonraiddens:gligar_stellar",
            "required": false
        },
        {
            "id": "cobblemonraiddens:gligar_terabug",
            "required": false
        },
        {
            "id": "cobblemonraiddens:gligar_teradark",
            "required": false
        },
        {
            "id": "cobblemonraiddens:gligar_teradragon",
            "required": false
        },
        {
            "id": "cobblemonraiddens:gligar_teraelectric",
            "required": false
        },
        {
            "id": "cobblemonraiddens:gligar_terafairy",
            "required": false
        },
        {
            "id": "cobblemonraiddens:gligar_terafighting",
            "required": false
        },
        {
            "id": "cobblemonraiddens:gligar_terafire",
            "required": false
        },
        {
            "id": "cobblemonraiddens:gligar_teraflying",
            "required": false
        },
        {
            "id": "cobblemonraiddens:gligar_teraghost",
            "required": false
        },
        {
            "id": "cobblemonraiddens:gligar_teragrass",
            "required": false
        },
        {
            "id": "cobblemonraiddens:gligar_teraground",
            "required": false
        },
        {
            "id": "cobblemonraiddens:gligar_teraice",
            "required": false
        },
        {
            "id": "cobblemonraiddens:gligar_teranormal",
            "required": false
        },
        {
            "id": "cobblemonraiddens:gligar_terapoison",
            "required": false
        },
        {
            "id": "cobblemonraiddens:gligar_terapsychic",
            "required": false
        },
        {
            "id": "cobblemonraiddens:gligar_terarock",
            "required": false
        },
        {
            "id": "cobblemonraiddens:gligar_terasteel",
            "required": false
        },
        {
            "id": "cobblemonraiddens:gligar_terawater",
            "required": false
        }
    ]
}