{
    "replace": false,
    "values": [
        {
            "id": "cobblemonraiddens:glimmet_stellar",
            "required": false
        },
        {
            "id": "cobblemonraiddens:glimmet_terabug",
            "required": false
        },
        {
            "id": "cobblemonraiddens:glimmet_teradark",
            "required": false
        },
        {
            "id": "cobblemonraiddens:glimmet_teradragon",
            "required": false
        },
        {
            "id": "cobblemonraiddens:glimmet_teraelectric",
            "required": false
        },
        {
            "id": "cobblemonraiddens:glimmet_terafairy",
            "required": false
        },
        {
            "id": "cobblemonraiddens:glimmet_terafighting",
            "required": false
        },
        {
            "id": "cobblemonraiddens:glimmet_terafire",
            "required": false
        },
        {
            "id": "cobblemonraiddens:glimmet_teraflying",
            "required": false
        },
        {
            "id": "cobblemonraiddens:glimmet_teraghost",
            "required": false
        },
        {
            "id": "cobblemonraiddens:glimmet_teragrass",
            "required": false
        },
        {
            "id": "cobblemonraiddens:glimmet_teraground",
            "required": false
        },
        {
            "id": "cobblemonraiddens:glimmet_teraice",
            "required": false
        },
        {
            "id": "cobblemonraiddens:glimmet_teranormal",
            "required": false
        },
        {
            "id": "cobblemonraiddens:glimmet_terapoison",
            "required": false
        },
        {
            "id": "cobblemonraiddens:glimmet_terapsychic",
            "required": false
        },
        {
            "id": "cobblemonraiddens:glimmet_terarock",
            "required": false
        },
        {
            "id": "cobblemonraiddens:glimmet_terasteel",
            "required": false
        },
        {
            "id": "cobblemonraiddens:glimmet_terawater",
            "required": false
        }
    ]
}