{
    "replace": false,
    "values": [
        {
            "id": "cobblemonraiddens:glimmora_stellar",
            "required": false
        },
        {
            "id": "cobblemonraiddens:glimmora_terabug",
            "required": false
        },
        {
            "id": "cobblemonraiddens:glimmora_teradark",
            "required": false
        },
        {
            "id": "cobblemonraiddens:glimmora_teradragon",
            "required": false
        },
        {
            "id": "cobblemonraiddens:glimmora_teraelectric",
            "required": false
        },
        {
            "id": "cobblemonraiddens:glimmora_terafairy",
            "required": false
        },
        {
            "id": "cobblemonraiddens:glimmora_terafighting",
            "required": false
        },
        {
            "id": "cobblemonraiddens:glimmora_terafire",
            "required": false
        },
        {
            "id": "cobblemonraiddens:glimmora_teraflying",
            "required": false
        },
        {
            "id": "cobblemonraiddens:glimmora_teraghost",
            "required": false
        },
        {
            "id": "cobblemonraiddens:glimmora_teragrass",
            "required": false
        },
        {
            "id": "cobblemonraiddens:glimmora_teraground",
            "required": false
        },
        {
            "id": "cobblemonraiddens:glimmora_teraice",
            "required": false
        },
        {
            "id": "cobblemonraiddens:glimmora_teranormal",
            "required": false
        },
        {
            "id": "cobblemonraiddens:glimmora_terapoison",
            "required": false
        },
        {
            "id": "cobblemonraiddens:glimmora_terapsychic",
            "required": false
        },
        {
            "id": "cobblemonraiddens:glimmora_terarock",
            "required": false
        },
        {
            "id": "cobblemonraiddens:glimmora_terasteel",
            "required": false
        },
        {
            "id": "cobblemonraiddens:glimmora_terawater",
            "required": false
        }
    ]
}