{
    "replace": false,
    "values": [
        {
            "id": "cobblemonraiddens:gliscor_stellar",
            "required": false
        },
        {
            "id": "cobblemonraiddens:gliscor_terabug",
            "required": false
        },
        {
            "id": "cobblemonraiddens:gliscor_teradark",
            "required": false
        },
        {
            "id": "cobblemonraiddens:gliscor_teradragon",
            "required": false
        },
        {
            "id": "cobblemonraiddens:gliscor_teraelectric",
            "required": false
        },
        {
            "id": "cobblemonraiddens:gliscor_terafairy",
            "required": false
        },
        {
            "id": "cobblemonraiddens:gliscor_terafighting",
            "required": false
        },
        {
            "id": "cobblemonraiddens:gliscor_terafire",
            "required": false
        },
        {
            "id": "cobblemonraiddens:gliscor_teraflying",
            "required": false
        },
        {
            "id": "cobblemonraiddens:gliscor_teraghost",
            "required": false
        },
        {
            "id": "cobblemonraiddens:gliscor_teragrass",
            "required": false
        },
        {
            "id": "cobblemonraiddens:gliscor_teraground",
            "required": false
        },
        {
            "id": "cobblemonraiddens:gliscor_teraice",
            "required": false
        },
        {
            "id": "cobblemonraiddens:gliscor_teranormal",
            "required": false
        },
        {
            "id": "cobblemonraiddens:gliscor_terapoison",
            "required": false
        },
        {
            "id": "cobblemonraiddens:gliscor_terapsychic",
            "required": false
        },
        {
            "id": "cobblemonraiddens:gliscor_terarock",
            "required": false
        },
        {
            "id": "cobblemonraiddens:gliscor_terasteel",
            "required": false
        },
        {
            "id": "cobblemonraiddens:gliscor_terawater",
            "required": false
        }
    ]
}