{
    "replace": false,
    "values": [
        {
            "id": "cobblemonraiddens:gloom_stellar",
            "required": false
        },
        {
            "id": "cobblemonraiddens:gloom_terabug",
            "required": false
        },
        {
            "id": "cobblemonraiddens:gloom_teradark",
            "required": false
        },
        {
            "id": "cobblemonraiddens:gloom_teradragon",
            "required": false
        },
        {
            "id": "cobblemonraiddens:gloom_teraelectric",
            "required": false
        },
        {
            "id": "cobblemonraiddens:gloom_terafairy",
            "required": false
        },
        {
            "id": "cobblemonraiddens:gloom_terafighting",
            "required": false
        },
        {
            "id": "cobblemonraiddens:gloom_terafire",
            "required": false
        },
        {
            "id": "cobblemonraiddens:gloom_teraflying",
            "required": false
        },
        {
            "id": "cobblemonraiddens:gloom_teraghost",
            "required": false
        },
        {
            "id": "cobblemonraiddens:gloom_teragrass",
            "required": false
        },
        {
            "id": "cobblemonraiddens:gloom_teraground",
            "required": false
        },
        {
            "id": "cobblemonraiddens:gloom_teraice",
            "required": false
        },
        {
            "id": "cobblemonraiddens:gloom_teranormal",
            "required": false
        },
        {
            "id": "cobblemonraiddens:gloom_terapoison",
            "required": false
        },
        {
            "id": "cobblemonraiddens:gloom_terapsychic",
            "required": false
        },
        {
            "id": "cobblemonraiddens:gloom_terarock",
            "required": false
        },
        {
            "id": "cobblemonraiddens:gloom_terasteel",
            "required": false
        },
        {
            "id": "cobblemonraiddens:gloom_terawater",
            "required": false
        }
    ]
}