{
    "replace": false,
    "values": [
        {
            "id": "cobblemonraiddens:gogoat_stellar",
            "required": false
        },
        {
            "id": "cobblemonraiddens:gogoat_terabug",
            "required": false
        },
        {
            "id": "cobblemonraiddens:gogoat_teradark",
            "required": false
        },
        {
            "id": "cobblemonraiddens:gogoat_teradragon",
            "required": false
        },
        {
            "id": "cobblemonraiddens:gogoat_teraelectric",
            "required": false
        },
        {
            "id": "cobblemonraiddens:gogoat_terafairy",
            "required": false
        },
        {
            "id": "cobblemonraiddens:gogoat_terafighting",
            "required": false
        },
        {
            "id": "cobblemonraiddens:gogoat_terafire",
            "required": false
        },
        {
            "id": "cobblemonraiddens:gogoat_teraflying",
            "required": false
        },
        {
            "id": "cobblemonraiddens:gogoat_teraghost",
            "required": false
        },
        {
            "id": "cobblemonraiddens:gogoat_teragrass",
            "required": false
        },
        {
            "id": "cobblemonraiddens:gogoat_teraground",
            "required": false
        },
        {
            "id": "cobblemonraiddens:gogoat_teraice",
            "required": false
        },
        {
            "id": "cobblemonraiddens:gogoat_teranormal",
            "required": false
        },
        {
            "id": "cobblemonraiddens:gogoat_terapoison",
            "required": false
        },
        {
            "id": "cobblemonraiddens:gogoat_terapsychic",
            "required": false
        },
        {
            "id": "cobblemonraiddens:gogoat_terarock",
            "required": false
        },
        {
            "id": "cobblemonraiddens:gogoat_terasteel",
            "required": false
        },
        {
            "id": "cobblemonraiddens:gogoat_terawater",
            "required": false
        }
    ]
}