{
    "replace": false,
    "values": [
        {
            "id": "cobblemonraiddens:golbat_stellar",
            "required": false
        },
        {
            "id": "cobblemonraiddens:golbat_terabug",
            "required": false
        },
        {
            "id": "cobblemonraiddens:golbat_teradark",
            "required": false
        },
        {
            "id": "cobblemonraiddens:golbat_teradragon",
            "required": false
        },
        {
            "id": "cobblemonraiddens:golbat_teraelectric",
            "required": false
        },
        {
            "id": "cobblemonraiddens:golbat_terafairy",
            "required": false
        },
        {
            "id": "cobblemonraiddens:golbat_terafighting",
            "required": false
        },
        {
            "id": "cobblemonraiddens:golbat_terafire",
            "required": false
        },
        {
            "id": "cobblemonraiddens:golbat_teraflying",
            "required": false
        },
        {
            "id": "cobblemonraiddens:golbat_teraghost",
            "required": false
        },
        {
            "id": "cobblemonraiddens:golbat_teragrass",
            "required": false
        },
        {
            "id": "cobblemonraiddens:golbat_teraground",
            "required": false
        },
        {
            "id": "cobblemonraiddens:golbat_teraice",
            "required": false
        },
        {
            "id": "cobblemonraiddens:golbat_teranormal",
            "required": false
        },
        {
            "id": "cobblemonraiddens:golbat_terapoison",
            "required": false
        },
        {
            "id": "cobblemonraiddens:golbat_terapsychic",
            "required": false
        },
        {
            "id": "cobblemonraiddens:golbat_terarock",
            "required": false
        },
        {
            "id": "cobblemonraiddens:golbat_terasteel",
            "required": false
        },
        {
            "id": "cobblemonraiddens:golbat_terawater",
            "required": false
        }
    ]
}