{
    "replace": false,
    "values": [
        {
            "id": "cobblemonraiddens:goldeen_stellar",
            "required": false
        },
        {
            "id": "cobblemonraiddens:goldeen_terabug",
            "required": false
        },
        {
            "id": "cobblemonraiddens:goldeen_teradark",
            "required": false
        },
        {
            "id": "cobblemonraiddens:goldeen_teradragon",
            "required": false
        },
        {
            "id": "cobblemonraiddens:goldeen_teraelectric",
            "required": false
        },
        {
            "id": "cobblemonraiddens:goldeen_terafairy",
            "required": false
        },
        {
            "id": "cobblemonraiddens:goldeen_terafighting",
            "required": false
        },
        {
            "id": "cobblemonraiddens:goldeen_terafire",
            "required": false
        },
        {
            "id": "cobblemonraiddens:goldeen_teraflying",
            "required": false
        },
        {
            "id": "cobblemonraiddens:goldeen_teraghost",
            "required": false
        },
        {
            "id": "cobblemonraiddens:goldeen_teragrass",
            "required": false
        },
        {
            "id": "cobblemonraiddens:goldeen_teraground",
            "required": false
        },
        {
            "id": "cobblemonraiddens:goldeen_teraice",
            "required": false
        },
        {
            "id": "cobblemonraiddens:goldeen_teranormal",
            "required": false
        },
        {
            "id": "cobblemonraiddens:goldeen_terapoison",
            "required": false
        },
        {
            "id": "cobblemonraiddens:goldeen_terapsychic",
            "required": false
        },
        {
            "id": "cobblemonraiddens:goldeen_terarock",
            "required": false
        },
        {
            "id": "cobblemonraiddens:goldeen_terasteel",
            "required": false
        },
        {
            "id": "cobblemonraiddens:goldeen_terawater",
            "required": false
        }
    ]
}