{
    "replace": false,
    "values": [
        {
            "id": "cobblemonraiddens:golduck_stellar",
            "required": false
        },
        {
            "id": "cobblemonraiddens:golduck_terabug",
            "required": false
        },
        {
            "id": "cobblemonraiddens:golduck_teradark",
            "required": false
        },
        {
            "id": "cobblemonraiddens:golduck_teradragon",
            "required": false
        },
        {
            "id": "cobblemonraiddens:golduck_teraelectric",
            "required": false
        },
        {
            "id": "cobblemonraiddens:golduck_terafairy",
            "required": false
        },
        {
            "id": "cobblemonraiddens:golduck_terafighting",
            "required": false
        },
        {
            "id": "cobblemonraiddens:golduck_terafire",
            "required": false
        },
        {
            "id": "cobblemonraiddens:golduck_teraflying",
            "required": false
        },
        {
            "id": "cobblemonraiddens:golduck_teraghost",
            "required": false
        },
        {
            "id": "cobblemonraiddens:golduck_teragrass",
            "required": false
        },
        {
            "id": "cobblemonraiddens:golduck_teraground",
            "required": false
        },
        {
            "id": "cobblemonraiddens:golduck_teraice",
            "required": false
        },
        {
            "id": "cobblemonraiddens:golduck_teranormal",
            "required": false
        },
        {
            "id": "cobblemonraiddens:golduck_terapoison",
            "required": false
        },
        {
            "id": "cobblemonraiddens:golduck_terapsychic",
            "required": false
        },
        {
            "id": "cobblemonraiddens:golduck_terarock",
            "required": false
        },
        {
            "id": "cobblemonraiddens:golduck_terasteel",
            "required": false
        },
        {
            "id": "cobblemonraiddens:golduck_terawater",
            "required": false
        }
    ]
}