{
    "replace": false,
    "values": [
        {
            "id": "cobblemonraiddens:golett_stellar",
            "required": false
        },
        {
            "id": "cobblemonraiddens:golett_terabug",
            "required": false
        },
        {
            "id": "cobblemonraiddens:golett_teradark",
            "required": false
        },
        {
            "id": "cobblemonraiddens:golett_teradragon",
            "required": false
        },
        {
            "id": "cobblemonraiddens:golett_teraelectric",
            "required": false
        },
        {
            "id": "cobblemonraiddens:golett_terafairy",
            "required": false
        },
        {
            "id": "cobblemonraiddens:golett_terafighting",
            "required": false
        },
        {
            "id": "cobblemonraiddens:golett_terafire",
            "required": false
        },
        {
            "id": "cobblemonraiddens:golett_teraflying",
            "required": false
        },
        {
            "id": "cobblemonraiddens:golett_teraghost",
            "required": false
        },
        {
            "id": "cobblemonraiddens:golett_teragrass",
            "required": false
        },
        {
            "id": "cobblemonraiddens:golett_teraground",
            "required": false
        },
        {
            "id": "cobblemonraiddens:golett_teraice",
            "required": false
        },
        {
            "id": "cobblemonraiddens:golett_teranormal",
            "required": false
        },
        {
            "id": "cobblemonraiddens:golett_terapoison",
            "required": false
        },
        {
            "id": "cobblemonraiddens:golett_terapsychic",
            "required": false
        },
        {
            "id": "cobblemonraiddens:golett_terarock",
            "required": false
        },
        {
            "id": "cobblemonraiddens:golett_terasteel",
            "required": false
        },
        {
            "id": "cobblemonraiddens:golett_terawater",
            "required": false
        }
    ]
}