{
    "replace": false,
    "values": [
        {
            "id": "cobblemonraiddens:golem_stellar",
            "required": false
        },
        {
            "id": "cobblemonraiddens:golem_terabug",
            "required": false
        },
        {
            "id": "cobblemonraiddens:golem_teradark",
            "required": false
        },
        {
            "id": "cobblemonraiddens:golem_teradragon",
            "required": false
        },
        {
            "id": "cobblemonraiddens:golem_teraelectric",
            "required": false
        },
        {
            "id": "cobblemonraiddens:golem_terafairy",
            "required": false
        },
        {
            "id": "cobblemonraiddens:golem_terafighting",
            "required": false
        },
        {
            "id": "cobblemonraiddens:golem_terafire",
            "required": false
        },
        {
            "id": "cobblemonraiddens:golem_teraflying",
            "required": false
        },
        {
            "id": "cobblemonraiddens:golem_teraghost",
            "required": false
        },
        {
            "id": "cobblemonraiddens:golem_teragrass",
            "required": false
        },
        {
            "id": "cobblemonraiddens:golem_teraground",
            "required": false
        },
        {
            "id": "cobblemonraiddens:golem_teraice",
            "required": false
        },
        {
            "id": "cobblemonraiddens:golem_teranormal",
            "required": false
        },
        {
            "id": "cobblemonraiddens:golem_terapoison",
            "required": false
        },
        {
            "id": "cobblemonraiddens:golem_terapsychic",
            "required": false
        },
        {
            "id": "cobblemonraiddens:golem_terarock",
            "required": false
        },
        {
            "id": "cobblemonraiddens:golem_terasteel",
            "required": false
        },
        {
            "id": "cobblemonraiddens:golem_terawater",
            "required": false
        }
    ]
}