{
    "replace": false,
    "values": [
        {
            "id": "cobblemonraiddens:golisopod_stellar",
            "required": false
        },
        {
            "id": "cobblemonraiddens:golisopod_terabug",
            "required": false
        },
        {
            "id": "cobblemonraiddens:golisopod_teradark",
            "required": false
        },
        {
            "id": "cobblemonraiddens:golisopod_teradragon",
            "required": false
        },
        {
            "id": "cobblemonraiddens:golisopod_teraelectric",
            "required": false
        },
        {
            "id": "cobblemonraiddens:golisopod_terafairy",
            "required": false
        },
        {
            "id": "cobblemonraiddens:golisopod_terafighting",
            "required": false
        },
        {
            "id": "cobblemonraiddens:golisopod_terafire",
            "required": false
        },
        {
            "id": "cobblemonraiddens:golisopod_teraflying",
            "required": false
        },
        {
            "id": "cobblemonraiddens:golisopod_teraghost",
            "required": false
        },
        {
            "id": "cobblemonraiddens:golisopod_teragrass",
            "required": false
        },
        {
            "id": "cobblemonraiddens:golisopod_teraground",
            "required": false
        },
        {
            "id": "cobblemonraiddens:golisopod_teraice",
            "required": false
        },
        {
            "id": "cobblemonraiddens:golisopod_teranormal",
            "required": false
        },
        {
            "id": "cobblemonraiddens:golisopod_terapoison",
            "required": false
        },
        {
            "id": "cobblemonraiddens:golisopod_terapsychic",
            "required": false
        },
        {
            "id": "cobblemonraiddens:golisopod_terarock",
            "required": false
        },
        {
            "id": "cobblemonraiddens:golisopod_terasteel",
            "required": false
        },
        {
            "id": "cobblemonraiddens:golisopod_terawater",
            "required": false
        }
    ]
}