{
    "replace": false,
    "values": [
        {
            "id": "cobblemonraiddens:golurk_stellar",
            "required": false
        },
        {
            "id": "cobblemonraiddens:golurk_terabug",
            "required": false
        },
        {
            "id": "cobblemonraiddens:golurk_teradark",
            "required": false
        },
        {
            "id": "cobblemonraiddens:golurk_teradragon",
            "required": false
        },
        {
            "id": "cobblemonraiddens:golurk_teraelectric",
            "required": false
        },
        {
            "id": "cobblemonraiddens:golurk_terafairy",
            "required": false
        },
        {
            "id": "cobblemonraiddens:golurk_terafighting",
            "required": false
        },
        {
            "id": "cobblemonraiddens:golurk_terafire",
            "required": false
        },
        {
            "id": "cobblemonraiddens:golurk_teraflying",
            "required": false
        },
        {
            "id": "cobblemonraiddens:golurk_teraghost",
            "required": false
        },
        {
            "id": "cobblemonraiddens:golurk_teragrass",
            "required": false
        },
        {
            "id": "cobblemonraiddens:golurk_teraground",
            "required": false
        },
        {
            "id": "cobblemonraiddens:golurk_teraice",
            "required": false
        },
        {
            "id": "cobblemonraiddens:golurk_teranormal",
            "required": false
        },
        {
            "id": "cobblemonraiddens:golurk_terapoison",
            "required": false
        },
        {
            "id": "cobblemonraiddens:golurk_terapsychic",
            "required": false
        },
        {
            "id": "cobblemonraiddens:golurk_terarock",
            "required": false
        },
        {
            "id": "cobblemonraiddens:golurk_terasteel",
            "required": false
        },
        {
            "id": "cobblemonraiddens:golurk_terawater",
            "required": false
        }
    ]
}