{
    "replace": false,
    "values": [
        {
            "id": "cobblemonraiddens:goodra_hisuian_stellar",
            "required": false
        },
        {
            "id": "cobblemonraiddens:goodra_hisuian_terabug",
            "required": false
        },
        {
            "id": "cobblemonraiddens:goodra_hisuian_teradark",
            "required": false
        },
        {
            "id": "cobblemonraiddens:goodra_hisuian_teradragon",
            "required": false
        },
        {
            "id": "cobblemonraiddens:goodra_hisuian_teraelectric",
            "required": false
        },
        {
            "id": "cobblemonraiddens:goodra_hisuian_terafairy",
            "required": false
        },
        {
            "id": "cobblemonraiddens:goodra_hisuian_terafighting",
            "required": false
        },
        {
            "id": "cobblemonraiddens:goodra_hisuian_terafire",
            "required": false
        },
        {
            "id": "cobblemonraiddens:goodra_hisuian_teraflying",
            "required": false
        },
        {
            "id": "cobblemonraiddens:goodra_hisuian_teraghost",
            "required": false
        },
        {
            "id": "cobblemonraiddens:goodra_hisuian_teragrass",
            "required": false
        },
        {
            "id": "cobblemonraiddens:goodra_hisuian_teraground",
            "required": false
        },
        {
            "id": "cobblemonraiddens:goodra_hisuian_teraice",
            "required": false
        },
        {
            "id": "cobblemonraiddens:goodra_hisuian_teranormal",
            "required": false
        },
        {
            "id": "cobblemonraiddens:goodra_hisuian_terapoison",
            "required": false
        },
        {
            "id": "cobblemonraiddens:goodra_hisuian_terapsychic",
            "required": false
        },
        {
            "id": "cobblemonraiddens:goodra_hisuian_terarock",
            "required": false
        },
        {
            "id": "cobblemonraiddens:goodra_hisuian_terasteel",
            "required": false
        },
        {
            "id": "cobblemonraiddens:goodra_hisuian_terawater",
            "required": false
        }
    ]
}