{
    "replace": false,
    "values": [
        {
            "id": "cobblemonraiddens:goodra_stellar",
            "required": false
        },
        {
            "id": "cobblemonraiddens:goodra_terabug",
            "required": false
        },
        {
            "id": "cobblemonraiddens:goodra_teradark",
            "required": false
        },
        {
            "id": "cobblemonraiddens:goodra_teradragon",
            "required": false
        },
        {
            "id": "cobblemonraiddens:goodra_teraelectric",
            "required": false
        },
        {
            "id": "cobblemonraiddens:goodra_terafairy",
            "required": false
        },
        {
            "id": "cobblemonraiddens:goodra_terafighting",
            "required": false
        },
        {
            "id": "cobblemonraiddens:goodra_terafire",
            "required": false
        },
        {
            "id": "cobblemonraiddens:goodra_teraflying",
            "required": false
        },
        {
            "id": "cobblemonraiddens:goodra_teraghost",
            "required": false
        },
        {
            "id": "cobblemonraiddens:goodra_teragrass",
            "required": false
        },
        {
            "id": "cobblemonraiddens:goodra_teraground",
            "required": false
        },
        {
            "id": "cobblemonraiddens:goodra_teraice",
            "required": false
        },
        {
            "id": "cobblemonraiddens:goodra_teranormal",
            "required": false
        },
        {
            "id": "cobblemonraiddens:goodra_terapoison",
            "required": false
        },
        {
            "id": "cobblemonraiddens:goodra_terapsychic",
            "required": false
        },
        {
            "id": "cobblemonraiddens:goodra_terarock",
            "required": false
        },
        {
            "id": "cobblemonraiddens:goodra_terasteel",
            "required": false
        },
        {
            "id": "cobblemonraiddens:goodra_terawater",
            "required": false
        }
    ]
}