{
    "replace": false,
    "values": [
        {
            "id": "cobblemonraiddens:goomy_stellar",
            "required": false
        },
        {
            "id": "cobblemonraiddens:goomy_terabug",
            "required": false
        },
        {
            "id": "cobblemonraiddens:goomy_teradark",
            "required": false
        },
        {
            "id": "cobblemonraiddens:goomy_teradragon",
            "required": false
        },
        {
            "id": "cobblemonraiddens:goomy_teraelectric",
            "required": false
        },
        {
            "id": "cobblemonraiddens:goomy_terafairy",
            "required": false
        },
        {
            "id": "cobblemonraiddens:goomy_terafighting",
            "required": false
        },
        {
            "id": "cobblemonraiddens:goomy_terafire",
            "required": false
        },
        {
            "id": "cobblemonraiddens:goomy_teraflying",
            "required": false
        },
        {
            "id": "cobblemonraiddens:goomy_teraghost",
            "required": false
        },
        {
            "id": "cobblemonraiddens:goomy_teragrass",
            "required": false
        },
        {
            "id": "cobblemonraiddens:goomy_teraground",
            "required": false
        },
        {
            "id": "cobblemonraiddens:goomy_teraice",
            "required": false
        },
        {
            "id": "cobblemonraiddens:goomy_teranormal",
            "required": false
        },
        {
            "id": "cobblemonraiddens:goomy_terapoison",
            "required": false
        },
        {
            "id": "cobblemonraiddens:goomy_terapsychic",
            "required": false
        },
        {
            "id": "cobblemonraiddens:goomy_terarock",
            "required": false
        },
        {
            "id": "cobblemonraiddens:goomy_terasteel",
            "required": false
        },
        {
            "id": "cobblemonraiddens:goomy_terawater",
            "required": false
        }
    ]
}