{
    "replace": false,
    "values": [
        {
            "id": "cobblemonraiddens:gorebyss_stellar",
            "required": false
        },
        {
            "id": "cobblemonraiddens:gorebyss_terabug",
            "required": false
        },
        {
            "id": "cobblemonraiddens:gorebyss_teradark",
            "required": false
        },
        {
            "id": "cobblemonraiddens:gorebyss_teradragon",
            "required": false
        },
        {
            "id": "cobblemonraiddens:gorebyss_teraelectric",
            "required": false
        },
        {
            "id": "cobblemonraiddens:gorebyss_terafairy",
            "required": false
        },
        {
            "id": "cobblemonraiddens:gorebyss_terafighting",
            "required": false
        },
        {
            "id": "cobblemonraiddens:gorebyss_terafire",
            "required": false
        },
        {
            "id": "cobblemonraiddens:gorebyss_teraflying",
            "required": false
        },
        {
            "id": "cobblemonraiddens:gorebyss_teraghost",
            "required": false
        },
        {
            "id": "cobblemonraiddens:gorebyss_teragrass",
            "required": false
        },
        {
            "id": "cobblemonraiddens:gorebyss_teraground",
            "required": false
        },
        {
            "id": "cobblemonraiddens:gorebyss_teraice",
            "required": false
        },
        {
            "id": "cobblemonraiddens:gorebyss_teranormal",
            "required": false
        },
        {
            "id": "cobblemonraiddens:gorebyss_terapoison",
            "required": false
        },
        {
            "id": "cobblemonraiddens:gorebyss_terapsychic",
            "required": false
        },
        {
            "id": "cobblemonraiddens:gorebyss_terarock",
            "required": false
        },
        {
            "id": "cobblemonraiddens:gorebyss_terasteel",
            "required": false
        },
        {
            "id": "cobblemonraiddens:gorebyss_terawater",
            "required": false
        }
    ]
}