{
    "replace": false,
    "values": [
        {
            "id": "cobblemonraiddens:gossifleur_stellar",
            "required": false
        },
        {
            "id": "cobblemonraiddens:gossifleur_terabug",
            "required": false
        },
        {
            "id": "cobblemonraiddens:gossifleur_teradark",
            "required": false
        },
        {
            "id": "cobblemonraiddens:gossifleur_teradragon",
            "required": false
        },
        {
            "id": "cobblemonraiddens:gossifleur_teraelectric",
            "required": false
        },
        {
            "id": "cobblemonraiddens:gossifleur_terafairy",
            "required": false
        },
        {
            "id": "cobblemonraiddens:gossifleur_terafighting",
            "required": false
        },
        {
            "id": "cobblemonraiddens:gossifleur_terafire",
            "required": false
        },
        {
            "id": "cobblemonraiddens:gossifleur_teraflying",
            "required": false
        },
        {
            "id": "cobblemonraiddens:gossifleur_teraghost",
            "required": false
        },
        {
            "id": "cobblemonraiddens:gossifleur_teragrass",
            "required": false
        },
        {
            "id": "cobblemonraiddens:gossifleur_teraground",
            "required": false
        },
        {
            "id": "cobblemonraiddens:gossifleur_teraice",
            "required": false
        },
        {
            "id": "cobblemonraiddens:gossifleur_teranormal",
            "required": false
        },
        {
            "id": "cobblemonraiddens:gossifleur_terapoison",
            "required": false
        },
        {
            "id": "cobblemonraiddens:gossifleur_terapsychic",
            "required": false
        },
        {
            "id": "cobblemonraiddens:gossifleur_terarock",
            "required": false
        },
        {
            "id": "cobblemonraiddens:gossifleur_terasteel",
            "required": false
        },
        {
            "id": "cobblemonraiddens:gossifleur_terawater",
            "required": false
        }
    ]
}