{
    "replace": false,
    "values": [
        {
            "id": "cobblemonraiddens:gothitelle_stellar",
            "required": false
        },
        {
            "id": "cobblemonraiddens:gothitelle_terabug",
            "required": false
        },
        {
            "id": "cobblemonraiddens:gothitelle_teradark",
            "required": false
        },
        {
            "id": "cobblemonraiddens:gothitelle_teradragon",
            "required": false
        },
        {
            "id": "cobblemonraiddens:gothitelle_teraelectric",
            "required": false
        },
        {
            "id": "cobblemonraiddens:gothitelle_terafairy",
            "required": false
        },
        {
            "id": "cobblemonraiddens:gothitelle_terafighting",
            "required": false
        },
        {
            "id": "cobblemonraiddens:gothitelle_terafire",
            "required": false
        },
        {
            "id": "cobblemonraiddens:gothitelle_teraflying",
            "required": false
        },
        {
            "id": "cobblemonraiddens:gothitelle_teraghost",
            "required": false
        },
        {
            "id": "cobblemonraiddens:gothitelle_teragrass",
            "required": false
        },
        {
            "id": "cobblemonraiddens:gothitelle_teraground",
            "required": false
        },
        {
            "id": "cobblemonraiddens:gothitelle_teraice",
            "required": false
        },
        {
            "id": "cobblemonraiddens:gothitelle_teranormal",
            "required": false
        },
        {
            "id": "cobblemonraiddens:gothitelle_terapoison",
            "required": false
        },
        {
            "id": "cobblemonraiddens:gothitelle_terapsychic",
            "required": false
        },
        {
            "id": "cobblemonraiddens:gothitelle_terarock",
            "required": false
        },
        {
            "id": "cobblemonraiddens:gothitelle_terasteel",
            "required": false
        },
        {
            "id": "cobblemonraiddens:gothitelle_terawater",
            "required": false
        }
    ]
}