{
    "replace": false,
    "values": [
        {
            "id": "cobblemonraiddens:gothita_stellar",
            "required": false
        },
        {
            "id": "cobblemonraiddens:gothita_terabug",
            "required": false
        },
        {
            "id": "cobblemonraiddens:gothita_teradark",
            "required": false
        },
        {
            "id": "cobblemonraiddens:gothita_teradragon",
            "required": false
        },
        {
            "id": "cobblemonraiddens:gothita_teraelectric",
            "required": false
        },
        {
            "id": "cobblemonraiddens:gothita_terafairy",
            "required": false
        },
        {
            "id": "cobblemonraiddens:gothita_terafighting",
            "required": false
        },
        {
            "id": "cobblemonraiddens:gothita_terafire",
            "required": false
        },
        {
            "id": "cobblemonraiddens:gothita_teraflying",
            "required": false
        },
        {
            "id": "cobblemonraiddens:gothita_teraghost",
            "required": false
        },
        {
            "id": "cobblemonraiddens:gothita_teragrass",
            "required": false
        },
        {
            "id": "cobblemonraiddens:gothita_teraground",
            "required": false
        },
        {
            "id": "cobblemonraiddens:gothita_teraice",
            "required": false
        },
        {
            "id": "cobblemonraiddens:gothita_teranormal",
            "required": false
        },
        {
            "id": "cobblemonraiddens:gothita_terapoison",
            "required": false
        },
        {
            "id": "cobblemonraiddens:gothita_terapsychic",
            "required": false
        },
        {
            "id": "cobblemonraiddens:gothita_terarock",
            "required": false
        },
        {
            "id": "cobblemonraiddens:gothita_terasteel",
            "required": false
        },
        {
            "id": "cobblemonraiddens:gothita_terawater",
            "required": false
        }
    ]
}