{
    "replace": false,
    "values": [
        {
            "id": "cobblemonraiddens:gothorita_stellar",
            "required": false
        },
        {
            "id": "cobblemonraiddens:gothorita_terabug",
            "required": false
        },
        {
            "id": "cobblemonraiddens:gothorita_teradark",
            "required": false
        },
        {
            "id": "cobblemonraiddens:gothorita_teradragon",
            "required": false
        },
        {
            "id": "cobblemonraiddens:gothorita_teraelectric",
            "required": false
        },
        {
            "id": "cobblemonraiddens:gothorita_terafairy",
            "required": false
        },
        {
            "id": "cobblemonraiddens:gothorita_terafighting",
            "required": false
        },
        {
            "id": "cobblemonraiddens:gothorita_terafire",
            "required": false
        },
        {
            "id": "cobblemonraiddens:gothorita_teraflying",
            "required": false
        },
        {
            "id": "cobblemonraiddens:gothorita_teraghost",
            "required": false
        },
        {
            "id": "cobblemonraiddens:gothorita_teragrass",
            "required": false
        },
        {
            "id": "cobblemonraiddens:gothorita_teraground",
            "required": false
        },
        {
            "id": "cobblemonraiddens:gothorita_teraice",
            "required": false
        },
        {
            "id": "cobblemonraiddens:gothorita_teranormal",
            "required": false
        },
        {
            "id": "cobblemonraiddens:gothorita_terapoison",
            "required": false
        },
        {
            "id": "cobblemonraiddens:gothorita_terapsychic",
            "required": false
        },
        {
            "id": "cobblemonraiddens:gothorita_terarock",
            "required": false
        },
        {
            "id": "cobblemonraiddens:gothorita_terasteel",
            "required": false
        },
        {
            "id": "cobblemonraiddens:gothorita_terawater",
            "required": false
        }
    ]
}