{
    "replace": false,
    "values": [
        {
            "id": "cobblemonraiddens:gougingfire_stellar",
            "required": false
        },
        {
            "id": "cobblemonraiddens:gougingfire_terabug",
            "required": false
        },
        {
            "id": "cobblemonraiddens:gougingfire_teradark",
            "required": false
        },
        {
            "id": "cobblemonraiddens:gougingfire_teradragon",
            "required": false
        },
        {
            "id": "cobblemonraiddens:gougingfire_teraelectric",
            "required": false
        },
        {
            "id": "cobblemonraiddens:gougingfire_terafairy",
            "required": false
        },
        {
            "id": "cobblemonraiddens:gougingfire_terafighting",
            "required": false
        },
        {
            "id": "cobblemonraiddens:gougingfire_terafire",
            "required": false
        },
        {
            "id": "cobblemonraiddens:gougingfire_teraflying",
            "required": false
        },
        {
            "id": "cobblemonraiddens:gougingfire_teraghost",
            "required": false
        },
        {
            "id": "cobblemonraiddens:gougingfire_teragrass",
            "required": false
        },
        {
            "id": "cobblemonraiddens:gougingfire_teraground",
            "required": false
        },
        {
            "id": "cobblemonraiddens:gougingfire_teraice",
            "required": false
        },
        {
            "id": "cobblemonraiddens:gougingfire_teranormal",
            "required": false
        },
        {
            "id": "cobblemonraiddens:gougingfire_terapoison",
            "required": false
        },
        {
            "id": "cobblemonraiddens:gougingfire_terapsychic",
            "required": false
        },
        {
            "id": "cobblemonraiddens:gougingfire_terarock",
            "required": false
        },
        {
            "id": "cobblemonraiddens:gougingfire_terasteel",
            "required": false
        },
        {
            "id": "cobblemonraiddens:gougingfire_terawater",
            "required": false
        }
    ]
}