{
    "replace": false,
    "values": [
        {
            "id": "cobblemonraiddens:gourgeist_stellar",
            "required": false
        },
        {
            "id": "cobblemonraiddens:gourgeist_terabug",
            "required": false
        },
        {
            "id": "cobblemonraiddens:gourgeist_teradark",
            "required": false
        },
        {
            "id": "cobblemonraiddens:gourgeist_teradragon",
            "required": false
        },
        {
            "id": "cobblemonraiddens:gourgeist_teraelectric",
            "required": false
        },
        {
            "id": "cobblemonraiddens:gourgeist_terafairy",
            "required": false
        },
        {
            "id": "cobblemonraiddens:gourgeist_terafighting",
            "required": false
        },
        {
            "id": "cobblemonraiddens:gourgeist_terafire",
            "required": false
        },
        {
            "id": "cobblemonraiddens:gourgeist_teraflying",
            "required": false
        },
        {
            "id": "cobblemonraiddens:gourgeist_teraghost",
            "required": false
        },
        {
            "id": "cobblemonraiddens:gourgeist_teragrass",
            "required": false
        },
        {
            "id": "cobblemonraiddens:gourgeist_teraground",
            "required": false
        },
        {
            "id": "cobblemonraiddens:gourgeist_teraice",
            "required": false
        },
        {
            "id": "cobblemonraiddens:gourgeist_teranormal",
            "required": false
        },
        {
            "id": "cobblemonraiddens:gourgeist_terapoison",
            "required": false
        },
        {
            "id": "cobblemonraiddens:gourgeist_terapsychic",
            "required": false
        },
        {
            "id": "cobblemonraiddens:gourgeist_terarock",
            "required": false
        },
        {
            "id": "cobblemonraiddens:gourgeist_terasteel",
            "required": false
        },
        {
            "id": "cobblemonraiddens:gourgeist_terawater",
            "required": false
        }
    ]
}