{
    "replace": false,
    "values": [
        {
            "id": "cobblemonraiddens:grafaiai_stellar",
            "required": false
        },
        {
            "id": "cobblemonraiddens:grafaiai_terabug",
            "required": false
        },
        {
            "id": "cobblemonraiddens:grafaiai_teradark",
            "required": false
        },
        {
            "id": "cobblemonraiddens:grafaiai_teradragon",
            "required": false
        },
        {
            "id": "cobblemonraiddens:grafaiai_teraelectric",
            "required": false
        },
        {
            "id": "cobblemonraiddens:grafaiai_terafairy",
            "required": false
        },
        {
            "id": "cobblemonraiddens:grafaiai_terafighting",
            "required": false
        },
        {
            "id": "cobblemonraiddens:grafaiai_terafire",
            "required": false
        },
        {
            "id": "cobblemonraiddens:grafaiai_teraflying",
            "required": false
        },
        {
            "id": "cobblemonraiddens:grafaiai_teraghost",
            "required": false
        },
        {
            "id": "cobblemonraiddens:grafaiai_teragrass",
            "required": false
        },
        {
            "id": "cobblemonraiddens:grafaiai_teraground",
            "required": false
        },
        {
            "id": "cobblemonraiddens:grafaiai_teraice",
            "required": false
        },
        {
            "id": "cobblemonraiddens:grafaiai_teranormal",
            "required": false
        },
        {
            "id": "cobblemonraiddens:grafaiai_terapoison",
            "required": false
        },
        {
            "id": "cobblemonraiddens:grafaiai_terapsychic",
            "required": false
        },
        {
            "id": "cobblemonraiddens:grafaiai_terarock",
            "required": false
        },
        {
            "id": "cobblemonraiddens:grafaiai_terasteel",
            "required": false
        },
        {
            "id": "cobblemonraiddens:grafaiai_terawater",
            "required": false
        }
    ]
}