{
    "replace": false,
    "values": [
        {
            "id": "cobblemonraiddens:granbull_stellar",
            "required": false
        },
        {
            "id": "cobblemonraiddens:granbull_terabug",
            "required": false
        },
        {
            "id": "cobblemonraiddens:granbull_teradark",
            "required": false
        },
        {
            "id": "cobblemonraiddens:granbull_teradragon",
            "required": false
        },
        {
            "id": "cobblemonraiddens:granbull_teraelectric",
            "required": false
        },
        {
            "id": "cobblemonraiddens:granbull_terafairy",
            "required": false
        },
        {
            "id": "cobblemonraiddens:granbull_terafighting",
            "required": false
        },
        {
            "id": "cobblemonraiddens:granbull_terafire",
            "required": false
        },
        {
            "id": "cobblemonraiddens:granbull_teraflying",
            "required": false
        },
        {
            "id": "cobblemonraiddens:granbull_teraghost",
            "required": false
        },
        {
            "id": "cobblemonraiddens:granbull_teragrass",
            "required": false
        },
        {
            "id": "cobblemonraiddens:granbull_teraground",
            "required": false
        },
        {
            "id": "cobblemonraiddens:granbull_teraice",
            "required": false
        },
        {
            "id": "cobblemonraiddens:granbull_teranormal",
            "required": false
        },
        {
            "id": "cobblemonraiddens:granbull_terapoison",
            "required": false
        },
        {
            "id": "cobblemonraiddens:granbull_terapsychic",
            "required": false
        },
        {
            "id": "cobblemonraiddens:granbull_terarock",
            "required": false
        },
        {
            "id": "cobblemonraiddens:granbull_terasteel",
            "required": false
        },
        {
            "id": "cobblemonraiddens:granbull_terawater",
            "required": false
        }
    ]
}