{
    "replace": false,
    "values": [
        {
            "id": "cobblemonraiddens:grapploct_stellar",
            "required": false
        },
        {
            "id": "cobblemonraiddens:grapploct_terabug",
            "required": false
        },
        {
            "id": "cobblemonraiddens:grapploct_teradark",
            "required": false
        },
        {
            "id": "cobblemonraiddens:grapploct_teradragon",
            "required": false
        },
        {
            "id": "cobblemonraiddens:grapploct_teraelectric",
            "required": false
        },
        {
            "id": "cobblemonraiddens:grapploct_terafairy",
            "required": false
        },
        {
            "id": "cobblemonraiddens:grapploct_terafighting",
            "required": false
        },
        {
            "id": "cobblemonraiddens:grapploct_terafire",
            "required": false
        },
        {
            "id": "cobblemonraiddens:grapploct_teraflying",
            "required": false
        },
        {
            "id": "cobblemonraiddens:grapploct_teraghost",
            "required": false
        },
        {
            "id": "cobblemonraiddens:grapploct_teragrass",
            "required": false
        },
        {
            "id": "cobblemonraiddens:grapploct_teraground",
            "required": false
        },
        {
            "id": "cobblemonraiddens:grapploct_teraice",
            "required": false
        },
        {
            "id": "cobblemonraiddens:grapploct_teranormal",
            "required": false
        },
        {
            "id": "cobblemonraiddens:grapploct_terapoison",
            "required": false
        },
        {
            "id": "cobblemonraiddens:grapploct_terapsychic",
            "required": false
        },
        {
            "id": "cobblemonraiddens:grapploct_terarock",
            "required": false
        },
        {
            "id": "cobblemonraiddens:grapploct_terasteel",
            "required": false
        },
        {
            "id": "cobblemonraiddens:grapploct_terawater",
            "required": false
        }
    ]
}