{
    "replace": false,
    "values": [
        {
            "id": "cobblemonraiddens:graveler_stellar",
            "required": false
        },
        {
            "id": "cobblemonraiddens:graveler_terabug",
            "required": false
        },
        {
            "id": "cobblemonraiddens:graveler_teradark",
            "required": false
        },
        {
            "id": "cobblemonraiddens:graveler_teradragon",
            "required": false
        },
        {
            "id": "cobblemonraiddens:graveler_teraelectric",
            "required": false
        },
        {
            "id": "cobblemonraiddens:graveler_terafairy",
            "required": false
        },
        {
            "id": "cobblemonraiddens:graveler_terafighting",
            "required": false
        },
        {
            "id": "cobblemonraiddens:graveler_terafire",
            "required": false
        },
        {
            "id": "cobblemonraiddens:graveler_teraflying",
            "required": false
        },
        {
            "id": "cobblemonraiddens:graveler_teraghost",
            "required": false
        },
        {
            "id": "cobblemonraiddens:graveler_teragrass",
            "required": false
        },
        {
            "id": "cobblemonraiddens:graveler_teraground",
            "required": false
        },
        {
            "id": "cobblemonraiddens:graveler_teraice",
            "required": false
        },
        {
            "id": "cobblemonraiddens:graveler_teranormal",
            "required": false
        },
        {
            "id": "cobblemonraiddens:graveler_terapoison",
            "required": false
        },
        {
            "id": "cobblemonraiddens:graveler_terapsychic",
            "required": false
        },
        {
            "id": "cobblemonraiddens:graveler_terarock",
            "required": false
        },
        {
            "id": "cobblemonraiddens:graveler_terasteel",
            "required": false
        },
        {
            "id": "cobblemonraiddens:graveler_terawater",
            "required": false
        }
    ]
}