{
    "replace": false,
    "values": [
        {
            "id": "cobblemonraiddens:graveler_alolan_stellar",
            "required": false
        },
        {
            "id": "cobblemonraiddens:graveler_alolan_terabug",
            "required": false
        },
        {
            "id": "cobblemonraiddens:graveler_alolan_teradark",
            "required": false
        },
        {
            "id": "cobblemonraiddens:graveler_alolan_teradragon",
            "required": false
        },
        {
            "id": "cobblemonraiddens:graveler_alolan_teraelectric",
            "required": false
        },
        {
            "id": "cobblemonraiddens:graveler_alolan_terafairy",
            "required": false
        },
        {
            "id": "cobblemonraiddens:graveler_alolan_terafighting",
            "required": false
        },
        {
            "id": "cobblemonraiddens:graveler_alolan_terafire",
            "required": false
        },
        {
            "id": "cobblemonraiddens:graveler_alolan_teraflying",
            "required": false
        },
        {
            "id": "cobblemonraiddens:graveler_alolan_teraghost",
            "required": false
        },
        {
            "id": "cobblemonraiddens:graveler_alolan_teragrass",
            "required": false
        },
        {
            "id": "cobblemonraiddens:graveler_alolan_teraground",
            "required": false
        },
        {
            "id": "cobblemonraiddens:graveler_alolan_teraice",
            "required": false
        },
        {
            "id": "cobblemonraiddens:graveler_alolan_teranormal",
            "required": false
        },
        {
            "id": "cobblemonraiddens:graveler_alolan_terapoison",
            "required": false
        },
        {
            "id": "cobblemonraiddens:graveler_alolan_terapsychic",
            "required": false
        },
        {
            "id": "cobblemonraiddens:graveler_alolan_terarock",
            "required": false
        },
        {
            "id": "cobblemonraiddens:graveler_alolan_terasteel",
            "required": false
        },
        {
            "id": "cobblemonraiddens:graveler_alolan_terawater",
            "required": false
        }
    ]
}