{
    "replace": false,
    "values": [
        {
            "id": "cobblemonraiddens:greattusk_stellar",
            "required": false
        },
        {
            "id": "cobblemonraiddens:greattusk_terabug",
            "required": false
        },
        {
            "id": "cobblemonraiddens:greattusk_teradark",
            "required": false
        },
        {
            "id": "cobblemonraiddens:greattusk_teradragon",
            "required": false
        },
        {
            "id": "cobblemonraiddens:greattusk_teraelectric",
            "required": false
        },
        {
            "id": "cobblemonraiddens:greattusk_terafairy",
            "required": false
        },
        {
            "id": "cobblemonraiddens:greattusk_terafighting",
            "required": false
        },
        {
            "id": "cobblemonraiddens:greattusk_terafire",
            "required": false
        },
        {
            "id": "cobblemonraiddens:greattusk_teraflying",
            "required": false
        },
        {
            "id": "cobblemonraiddens:greattusk_teraghost",
            "required": false
        },
        {
            "id": "cobblemonraiddens:greattusk_teragrass",
            "required": false
        },
        {
            "id": "cobblemonraiddens:greattusk_teraground",
            "required": false
        },
        {
            "id": "cobblemonraiddens:greattusk_teraice",
            "required": false
        },
        {
            "id": "cobblemonraiddens:greattusk_teranormal",
            "required": false
        },
        {
            "id": "cobblemonraiddens:greattusk_terapoison",
            "required": false
        },
        {
            "id": "cobblemonraiddens:greattusk_terapsychic",
            "required": false
        },
        {
            "id": "cobblemonraiddens:greattusk_terarock",
            "required": false
        },
        {
            "id": "cobblemonraiddens:greattusk_terasteel",
            "required": false
        },
        {
            "id": "cobblemonraiddens:greattusk_terawater",
            "required": false
        }
    ]
}