{
    "replace": false,
    "values": [
        {
            "id": "cobblemonraiddens:greavard_stellar",
            "required": false
        },
        {
            "id": "cobblemonraiddens:greavard_terabug",
            "required": false
        },
        {
            "id": "cobblemonraiddens:greavard_teradark",
            "required": false
        },
        {
            "id": "cobblemonraiddens:greavard_teradragon",
            "required": false
        },
        {
            "id": "cobblemonraiddens:greavard_teraelectric",
            "required": false
        },
        {
            "id": "cobblemonraiddens:greavard_terafairy",
            "required": false
        },
        {
            "id": "cobblemonraiddens:greavard_terafighting",
            "required": false
        },
        {
            "id": "cobblemonraiddens:greavard_terafire",
            "required": false
        },
        {
            "id": "cobblemonraiddens:greavard_teraflying",
            "required": false
        },
        {
            "id": "cobblemonraiddens:greavard_teraghost",
            "required": false
        },
        {
            "id": "cobblemonraiddens:greavard_teragrass",
            "required": false
        },
        {
            "id": "cobblemonraiddens:greavard_teraground",
            "required": false
        },
        {
            "id": "cobblemonraiddens:greavard_teraice",
            "required": false
        },
        {
            "id": "cobblemonraiddens:greavard_teranormal",
            "required": false
        },
        {
            "id": "cobblemonraiddens:greavard_terapoison",
            "required": false
        },
        {
            "id": "cobblemonraiddens:greavard_terapsychic",
            "required": false
        },
        {
            "id": "cobblemonraiddens:greavard_terarock",
            "required": false
        },
        {
            "id": "cobblemonraiddens:greavard_terasteel",
            "required": false
        },
        {
            "id": "cobblemonraiddens:greavard_terawater",
            "required": false
        }
    ]
}