{
    "replace": false,
    "values": [
        {
            "id": "cobblemonraiddens:greedent_stellar",
            "required": false
        },
        {
            "id": "cobblemonraiddens:greedent_terabug",
            "required": false
        },
        {
            "id": "cobblemonraiddens:greedent_teradark",
            "required": false
        },
        {
            "id": "cobblemonraiddens:greedent_teradragon",
            "required": false
        },
        {
            "id": "cobblemonraiddens:greedent_teraelectric",
            "required": false
        },
        {
            "id": "cobblemonraiddens:greedent_terafairy",
            "required": false
        },
        {
            "id": "cobblemonraiddens:greedent_terafighting",
            "required": false
        },
        {
            "id": "cobblemonraiddens:greedent_terafire",
            "required": false
        },
        {
            "id": "cobblemonraiddens:greedent_teraflying",
            "required": false
        },
        {
            "id": "cobblemonraiddens:greedent_teraghost",
            "required": false
        },
        {
            "id": "cobblemonraiddens:greedent_teragrass",
            "required": false
        },
        {
            "id": "cobblemonraiddens:greedent_teraground",
            "required": false
        },
        {
            "id": "cobblemonraiddens:greedent_teraice",
            "required": false
        },
        {
            "id": "cobblemonraiddens:greedent_teranormal",
            "required": false
        },
        {
            "id": "cobblemonraiddens:greedent_terapoison",
            "required": false
        },
        {
            "id": "cobblemonraiddens:greedent_terapsychic",
            "required": false
        },
        {
            "id": "cobblemonraiddens:greedent_terarock",
            "required": false
        },
        {
            "id": "cobblemonraiddens:greedent_terasteel",
            "required": false
        },
        {
            "id": "cobblemonraiddens:greedent_terawater",
            "required": false
        }
    ]
}