{
    "replace": false,
    "values": [
        {
            "id": "cobblemonraiddens:greninja_stellar",
            "required": false
        },
        {
            "id": "cobblemonraiddens:greninja_terabug",
            "required": false
        },
        {
            "id": "cobblemonraiddens:greninja_teradark",
            "required": false
        },
        {
            "id": "cobblemonraiddens:greninja_teradragon",
            "required": false
        },
        {
            "id": "cobblemonraiddens:greninja_teraelectric",
            "required": false
        },
        {
            "id": "cobblemonraiddens:greninja_terafairy",
            "required": false
        },
        {
            "id": "cobblemonraiddens:greninja_terafighting",
            "required": false
        },
        {
            "id": "cobblemonraiddens:greninja_terafire",
            "required": false
        },
        {
            "id": "cobblemonraiddens:greninja_teraflying",
            "required": false
        },
        {
            "id": "cobblemonraiddens:greninja_teraghost",
            "required": false
        },
        {
            "id": "cobblemonraiddens:greninja_teragrass",
            "required": false
        },
        {
            "id": "cobblemonraiddens:greninja_teraground",
            "required": false
        },
        {
            "id": "cobblemonraiddens:greninja_teraice",
            "required": false
        },
        {
            "id": "cobblemonraiddens:greninja_teranormal",
            "required": false
        },
        {
            "id": "cobblemonraiddens:greninja_terapoison",
            "required": false
        },
        {
            "id": "cobblemonraiddens:greninja_terapsychic",
            "required": false
        },
        {
            "id": "cobblemonraiddens:greninja_terarock",
            "required": false
        },
        {
            "id": "cobblemonraiddens:greninja_terasteel",
            "required": false
        },
        {
            "id": "cobblemonraiddens:greninja_terawater",
            "required": false
        }
    ]
}