{
    "replace": false,
    "values": [
        {
            "id": "cobblemonraiddens:grimmsnarl_stellar",
            "required": false
        },
        {
            "id": "cobblemonraiddens:grimmsnarl_terabug",
            "required": false
        },
        {
            "id": "cobblemonraiddens:grimmsnarl_teradark",
            "required": false
        },
        {
            "id": "cobblemonraiddens:grimmsnarl_teradragon",
            "required": false
        },
        {
            "id": "cobblemonraiddens:grimmsnarl_teraelectric",
            "required": false
        },
        {
            "id": "cobblemonraiddens:grimmsnarl_terafairy",
            "required": false
        },
        {
            "id": "cobblemonraiddens:grimmsnarl_terafighting",
            "required": false
        },
        {
            "id": "cobblemonraiddens:grimmsnarl_terafire",
            "required": false
        },
        {
            "id": "cobblemonraiddens:grimmsnarl_teraflying",
            "required": false
        },
        {
            "id": "cobblemonraiddens:grimmsnarl_teraghost",
            "required": false
        },
        {
            "id": "cobblemonraiddens:grimmsnarl_teragrass",
            "required": false
        },
        {
            "id": "cobblemonraiddens:grimmsnarl_teraground",
            "required": false
        },
        {
            "id": "cobblemonraiddens:grimmsnarl_teraice",
            "required": false
        },
        {
            "id": "cobblemonraiddens:grimmsnarl_teranormal",
            "required": false
        },
        {
            "id": "cobblemonraiddens:grimmsnarl_terapoison",
            "required": false
        },
        {
            "id": "cobblemonraiddens:grimmsnarl_terapsychic",
            "required": false
        },
        {
            "id": "cobblemonraiddens:grimmsnarl_terarock",
            "required": false
        },
        {
            "id": "cobblemonraiddens:grimmsnarl_terasteel",
            "required": false
        },
        {
            "id": "cobblemonraiddens:grimmsnarl_terawater",
            "required": false
        }
    ]
}