{
    "replace": false,
    "values": [
        {
            "id": "cobblemonraiddens:grimer_stellar",
            "required": false
        },
        {
            "id": "cobblemonraiddens:grimer_terabug",
            "required": false
        },
        {
            "id": "cobblemonraiddens:grimer_teradark",
            "required": false
        },
        {
            "id": "cobblemonraiddens:grimer_teradragon",
            "required": false
        },
        {
            "id": "cobblemonraiddens:grimer_teraelectric",
            "required": false
        },
        {
            "id": "cobblemonraiddens:grimer_terafairy",
            "required": false
        },
        {
            "id": "cobblemonraiddens:grimer_terafighting",
            "required": false
        },
        {
            "id": "cobblemonraiddens:grimer_terafire",
            "required": false
        },
        {
            "id": "cobblemonraiddens:grimer_teraflying",
            "required": false
        },
        {
            "id": "cobblemonraiddens:grimer_teraghost",
            "required": false
        },
        {
            "id": "cobblemonraiddens:grimer_teragrass",
            "required": false
        },
        {
            "id": "cobblemonraiddens:grimer_teraground",
            "required": false
        },
        {
            "id": "cobblemonraiddens:grimer_teraice",
            "required": false
        },
        {
            "id": "cobblemonraiddens:grimer_teranormal",
            "required": false
        },
        {
            "id": "cobblemonraiddens:grimer_terapoison",
            "required": false
        },
        {
            "id": "cobblemonraiddens:grimer_terapsychic",
            "required": false
        },
        {
            "id": "cobblemonraiddens:grimer_terarock",
            "required": false
        },
        {
            "id": "cobblemonraiddens:grimer_terasteel",
            "required": false
        },
        {
            "id": "cobblemonraiddens:grimer_terawater",
            "required": false
        }
    ]
}