{
    "replace": false,
    "values": [
        {
            "id": "cobblemonraiddens:grookey_stellar",
            "required": false
        },
        {
            "id": "cobblemonraiddens:grookey_terabug",
            "required": false
        },
        {
            "id": "cobblemonraiddens:grookey_teradark",
            "required": false
        },
        {
            "id": "cobblemonraiddens:grookey_teradragon",
            "required": false
        },
        {
            "id": "cobblemonraiddens:grookey_teraelectric",
            "required": false
        },
        {
            "id": "cobblemonraiddens:grookey_terafairy",
            "required": false
        },
        {
            "id": "cobblemonraiddens:grookey_terafighting",
            "required": false
        },
        {
            "id": "cobblemonraiddens:grookey_terafire",
            "required": false
        },
        {
            "id": "cobblemonraiddens:grookey_teraflying",
            "required": false
        },
        {
            "id": "cobblemonraiddens:grookey_teraghost",
            "required": false
        },
        {
            "id": "cobblemonraiddens:grookey_teragrass",
            "required": false
        },
        {
            "id": "cobblemonraiddens:grookey_teraground",
            "required": false
        },
        {
            "id": "cobblemonraiddens:grookey_teraice",
            "required": false
        },
        {
            "id": "cobblemonraiddens:grookey_teranormal",
            "required": false
        },
        {
            "id": "cobblemonraiddens:grookey_terapoison",
            "required": false
        },
        {
            "id": "cobblemonraiddens:grookey_terapsychic",
            "required": false
        },
        {
            "id": "cobblemonraiddens:grookey_terarock",
            "required": false
        },
        {
            "id": "cobblemonraiddens:grookey_terasteel",
            "required": false
        },
        {
            "id": "cobblemonraiddens:grookey_terawater",
            "required": false
        }
    ]
}