{
    "replace": false,
    "values": [
        {
            "id": "cobblemonraiddens:grotle_stellar",
            "required": false
        },
        {
            "id": "cobblemonraiddens:grotle_terabug",
            "required": false
        },
        {
            "id": "cobblemonraiddens:grotle_teradark",
            "required": false
        },
        {
            "id": "cobblemonraiddens:grotle_teradragon",
            "required": false
        },
        {
            "id": "cobblemonraiddens:grotle_teraelectric",
            "required": false
        },
        {
            "id": "cobblemonraiddens:grotle_terafairy",
            "required": false
        },
        {
            "id": "cobblemonraiddens:grotle_terafighting",
            "required": false
        },
        {
            "id": "cobblemonraiddens:grotle_terafire",
            "required": false
        },
        {
            "id": "cobblemonraiddens:grotle_teraflying",
            "required": false
        },
        {
            "id": "cobblemonraiddens:grotle_teraghost",
            "required": false
        },
        {
            "id": "cobblemonraiddens:grotle_teragrass",
            "required": false
        },
        {
            "id": "cobblemonraiddens:grotle_teraground",
            "required": false
        },
        {
            "id": "cobblemonraiddens:grotle_teraice",
            "required": false
        },
        {
            "id": "cobblemonraiddens:grotle_teranormal",
            "required": false
        },
        {
            "id": "cobblemonraiddens:grotle_terapoison",
            "required": false
        },
        {
            "id": "cobblemonraiddens:grotle_terapsychic",
            "required": false
        },
        {
            "id": "cobblemonraiddens:grotle_terarock",
            "required": false
        },
        {
            "id": "cobblemonraiddens:grotle_terasteel",
            "required": false
        },
        {
            "id": "cobblemonraiddens:grotle_terawater",
            "required": false
        }
    ]
}