{
    "replace": false,
    "values": [
        {
            "id": "cobblemonraiddens:groudon_stellar",
            "required": false
        },
        {
            "id": "cobblemonraiddens:groudon_terabug",
            "required": false
        },
        {
            "id": "cobblemonraiddens:groudon_teradark",
            "required": false
        },
        {
            "id": "cobblemonraiddens:groudon_teradragon",
            "required": false
        },
        {
            "id": "cobblemonraiddens:groudon_teraelectric",
            "required": false
        },
        {
            "id": "cobblemonraiddens:groudon_terafairy",
            "required": false
        },
        {
            "id": "cobblemonraiddens:groudon_terafighting",
            "required": false
        },
        {
            "id": "cobblemonraiddens:groudon_terafire",
            "required": false
        },
        {
            "id": "cobblemonraiddens:groudon_teraflying",
            "required": false
        },
        {
            "id": "cobblemonraiddens:groudon_teraghost",
            "required": false
        },
        {
            "id": "cobblemonraiddens:groudon_teragrass",
            "required": false
        },
        {
            "id": "cobblemonraiddens:groudon_teraground",
            "required": false
        },
        {
            "id": "cobblemonraiddens:groudon_teraice",
            "required": false
        },
        {
            "id": "cobblemonraiddens:groudon_teranormal",
            "required": false
        },
        {
            "id": "cobblemonraiddens:groudon_terapoison",
            "required": false
        },
        {
            "id": "cobblemonraiddens:groudon_terapsychic",
            "required": false
        },
        {
            "id": "cobblemonraiddens:groudon_terarock",
            "required": false
        },
        {
            "id": "cobblemonraiddens:groudon_terasteel",
            "required": false
        },
        {
            "id": "cobblemonraiddens:groudon_terawater",
            "required": false
        }
    ]
}