{
    "replace": false,
    "values": [
        {
            "id": "cobblemonraiddens:grovyle_stellar",
            "required": false
        },
        {
            "id": "cobblemonraiddens:grovyle_terabug",
            "required": false
        },
        {
            "id": "cobblemonraiddens:grovyle_teradark",
            "required": false
        },
        {
            "id": "cobblemonraiddens:grovyle_teradragon",
            "required": false
        },
        {
            "id": "cobblemonraiddens:grovyle_teraelectric",
            "required": false
        },
        {
            "id": "cobblemonraiddens:grovyle_terafairy",
            "required": false
        },
        {
            "id": "cobblemonraiddens:grovyle_terafighting",
            "required": false
        },
        {
            "id": "cobblemonraiddens:grovyle_terafire",
            "required": false
        },
        {
            "id": "cobblemonraiddens:grovyle_teraflying",
            "required": false
        },
        {
            "id": "cobblemonraiddens:grovyle_teraghost",
            "required": false
        },
        {
            "id": "cobblemonraiddens:grovyle_teragrass",
            "required": false
        },
        {
            "id": "cobblemonraiddens:grovyle_teraground",
            "required": false
        },
        {
            "id": "cobblemonraiddens:grovyle_teraice",
            "required": false
        },
        {
            "id": "cobblemonraiddens:grovyle_teranormal",
            "required": false
        },
        {
            "id": "cobblemonraiddens:grovyle_terapoison",
            "required": false
        },
        {
            "id": "cobblemonraiddens:grovyle_terapsychic",
            "required": false
        },
        {
            "id": "cobblemonraiddens:grovyle_terarock",
            "required": false
        },
        {
            "id": "cobblemonraiddens:grovyle_terasteel",
            "required": false
        },
        {
            "id": "cobblemonraiddens:grovyle_terawater",
            "required": false
        }
    ]
}