{
    "replace": false,
    "values": [
        {
            "id": "cobblemonraiddens:growlithe_stellar",
            "required": false
        },
        {
            "id": "cobblemonraiddens:growlithe_terabug",
            "required": false
        },
        {
            "id": "cobblemonraiddens:growlithe_teradark",
            "required": false
        },
        {
            "id": "cobblemonraiddens:growlithe_teradragon",
            "required": false
        },
        {
            "id": "cobblemonraiddens:growlithe_teraelectric",
            "required": false
        },
        {
            "id": "cobblemonraiddens:growlithe_terafairy",
            "required": false
        },
        {
            "id": "cobblemonraiddens:growlithe_terafighting",
            "required": false
        },
        {
            "id": "cobblemonraiddens:growlithe_terafire",
            "required": false
        },
        {
            "id": "cobblemonraiddens:growlithe_teraflying",
            "required": false
        },
        {
            "id": "cobblemonraiddens:growlithe_teraghost",
            "required": false
        },
        {
            "id": "cobblemonraiddens:growlithe_teragrass",
            "required": false
        },
        {
            "id": "cobblemonraiddens:growlithe_teraground",
            "required": false
        },
        {
            "id": "cobblemonraiddens:growlithe_teraice",
            "required": false
        },
        {
            "id": "cobblemonraiddens:growlithe_teranormal",
            "required": false
        },
        {
            "id": "cobblemonraiddens:growlithe_terapoison",
            "required": false
        },
        {
            "id": "cobblemonraiddens:growlithe_terapsychic",
            "required": false
        },
        {
            "id": "cobblemonraiddens:growlithe_terarock",
            "required": false
        },
        {
            "id": "cobblemonraiddens:growlithe_terasteel",
            "required": false
        },
        {
            "id": "cobblemonraiddens:growlithe_terawater",
            "required": false
        }
    ]
}