{
    "replace": false,
    "values": [
        {
            "id": "cobblemonraiddens:grubbin_stellar",
            "required": false
        },
        {
            "id": "cobblemonraiddens:grubbin_terabug",
            "required": false
        },
        {
            "id": "cobblemonraiddens:grubbin_teradark",
            "required": false
        },
        {
            "id": "cobblemonraiddens:grubbin_teradragon",
            "required": false
        },
        {
            "id": "cobblemonraiddens:grubbin_teraelectric",
            "required": false
        },
        {
            "id": "cobblemonraiddens:grubbin_terafairy",
            "required": false
        },
        {
            "id": "cobblemonraiddens:grubbin_terafighting",
            "required": false
        },
        {
            "id": "cobblemonraiddens:grubbin_terafire",
            "required": false
        },
        {
            "id": "cobblemonraiddens:grubbin_teraflying",
            "required": false
        },
        {
            "id": "cobblemonraiddens:grubbin_teraghost",
            "required": false
        },
        {
            "id": "cobblemonraiddens:grubbin_teragrass",
            "required": false
        },
        {
            "id": "cobblemonraiddens:grubbin_teraground",
            "required": false
        },
        {
            "id": "cobblemonraiddens:grubbin_teraice",
            "required": false
        },
        {
            "id": "cobblemonraiddens:grubbin_teranormal",
            "required": false
        },
        {
            "id": "cobblemonraiddens:grubbin_terapoison",
            "required": false
        },
        {
            "id": "cobblemonraiddens:grubbin_terapsychic",
            "required": false
        },
        {
            "id": "cobblemonraiddens:grubbin_terarock",
            "required": false
        },
        {
            "id": "cobblemonraiddens:grubbin_terasteel",
            "required": false
        },
        {
            "id": "cobblemonraiddens:grubbin_terawater",
            "required": false
        }
    ]
}