{
    "replace": false,
    "values": [
        {
            "id": "cobblemonraiddens:grumpig_stellar",
            "required": false
        },
        {
            "id": "cobblemonraiddens:grumpig_terabug",
            "required": false
        },
        {
            "id": "cobblemonraiddens:grumpig_teradark",
            "required": false
        },
        {
            "id": "cobblemonraiddens:grumpig_teradragon",
            "required": false
        },
        {
            "id": "cobblemonraiddens:grumpig_teraelectric",
            "required": false
        },
        {
            "id": "cobblemonraiddens:grumpig_terafairy",
            "required": false
        },
        {
            "id": "cobblemonraiddens:grumpig_terafighting",
            "required": false
        },
        {
            "id": "cobblemonraiddens:grumpig_terafire",
            "required": false
        },
        {
            "id": "cobblemonraiddens:grumpig_teraflying",
            "required": false
        },
        {
            "id": "cobblemonraiddens:grumpig_teraghost",
            "required": false
        },
        {
            "id": "cobblemonraiddens:grumpig_teragrass",
            "required": false
        },
        {
            "id": "cobblemonraiddens:grumpig_teraground",
            "required": false
        },
        {
            "id": "cobblemonraiddens:grumpig_teraice",
            "required": false
        },
        {
            "id": "cobblemonraiddens:grumpig_teranormal",
            "required": false
        },
        {
            "id": "cobblemonraiddens:grumpig_terapoison",
            "required": false
        },
        {
            "id": "cobblemonraiddens:grumpig_terapsychic",
            "required": false
        },
        {
            "id": "cobblemonraiddens:grumpig_terarock",
            "required": false
        },
        {
            "id": "cobblemonraiddens:grumpig_terasteel",
            "required": false
        },
        {
            "id": "cobblemonraiddens:grumpig_terawater",
            "required": false
        }
    ]
}