{
    "replace": false,
    "values": [
        {
            "id": "cobblemonraiddens:gulpin_stellar",
            "required": false
        },
        {
            "id": "cobblemonraiddens:gulpin_terabug",
            "required": false
        },
        {
            "id": "cobblemonraiddens:gulpin_teradark",
            "required": false
        },
        {
            "id": "cobblemonraiddens:gulpin_teradragon",
            "required": false
        },
        {
            "id": "cobblemonraiddens:gulpin_teraelectric",
            "required": false
        },
        {
            "id": "cobblemonraiddens:gulpin_terafairy",
            "required": false
        },
        {
            "id": "cobblemonraiddens:gulpin_terafighting",
            "required": false
        },
        {
            "id": "cobblemonraiddens:gulpin_terafire",
            "required": false
        },
        {
            "id": "cobblemonraiddens:gulpin_teraflying",
            "required": false
        },
        {
            "id": "cobblemonraiddens:gulpin_teraghost",
            "required": false
        },
        {
            "id": "cobblemonraiddens:gulpin_teragrass",
            "required": false
        },
        {
            "id": "cobblemonraiddens:gulpin_teraground",
            "required": false
        },
        {
            "id": "cobblemonraiddens:gulpin_teraice",
            "required": false
        },
        {
            "id": "cobblemonraiddens:gulpin_teranormal",
            "required": false
        },
        {
            "id": "cobblemonraiddens:gulpin_terapoison",
            "required": false
        },
        {
            "id": "cobblemonraiddens:gulpin_terapsychic",
            "required": false
        },
        {
            "id": "cobblemonraiddens:gulpin_terarock",
            "required": false
        },
        {
            "id": "cobblemonraiddens:gulpin_terasteel",
            "required": false
        },
        {
            "id": "cobblemonraiddens:gulpin_terawater",
            "required": false
        }
    ]
}