{
    "replace": false,
    "values": [
        {
            "id": "cobblemonraiddens:gumshoos_stellar",
            "required": false
        },
        {
            "id": "cobblemonraiddens:gumshoos_terabug",
            "required": false
        },
        {
            "id": "cobblemonraiddens:gumshoos_teradark",
            "required": false
        },
        {
            "id": "cobblemonraiddens:gumshoos_teradragon",
            "required": false
        },
        {
            "id": "cobblemonraiddens:gumshoos_teraelectric",
            "required": false
        },
        {
            "id": "cobblemonraiddens:gumshoos_terafairy",
            "required": false
        },
        {
            "id": "cobblemonraiddens:gumshoos_terafighting",
            "required": false
        },
        {
            "id": "cobblemonraiddens:gumshoos_terafire",
            "required": false
        },
        {
            "id": "cobblemonraiddens:gumshoos_teraflying",
            "required": false
        },
        {
            "id": "cobblemonraiddens:gumshoos_teraghost",
            "required": false
        },
        {
            "id": "cobblemonraiddens:gumshoos_teragrass",
            "required": false
        },
        {
            "id": "cobblemonraiddens:gumshoos_teraground",
            "required": false
        },
        {
            "id": "cobblemonraiddens:gumshoos_teraice",
            "required": false
        },
        {
            "id": "cobblemonraiddens:gumshoos_teranormal",
            "required": false
        },
        {
            "id": "cobblemonraiddens:gumshoos_terapoison",
            "required": false
        },
        {
            "id": "cobblemonraiddens:gumshoos_terapsychic",
            "required": false
        },
        {
            "id": "cobblemonraiddens:gumshoos_terarock",
            "required": false
        },
        {
            "id": "cobblemonraiddens:gumshoos_terasteel",
            "required": false
        },
        {
            "id": "cobblemonraiddens:gumshoos_terawater",
            "required": false
        }
    ]
}