{
    "replace": false,
    "values": [
        {
            "id": "cobblemonraiddens:gurdurr_stellar",
            "required": false
        },
        {
            "id": "cobblemonraiddens:gurdurr_terabug",
            "required": false
        },
        {
            "id": "cobblemonraiddens:gurdurr_teradark",
            "required": false
        },
        {
            "id": "cobblemonraiddens:gurdurr_teradragon",
            "required": false
        },
        {
            "id": "cobblemonraiddens:gurdurr_teraelectric",
            "required": false
        },
        {
            "id": "cobblemonraiddens:gurdurr_terafairy",
            "required": false
        },
        {
            "id": "cobblemonraiddens:gurdurr_terafighting",
            "required": false
        },
        {
            "id": "cobblemonraiddens:gurdurr_terafire",
            "required": false
        },
        {
            "id": "cobblemonraiddens:gurdurr_teraflying",
            "required": false
        },
        {
            "id": "cobblemonraiddens:gurdurr_teraghost",
            "required": false
        },
        {
            "id": "cobblemonraiddens:gurdurr_teragrass",
            "required": false
        },
        {
            "id": "cobblemonraiddens:gurdurr_teraground",
            "required": false
        },
        {
            "id": "cobblemonraiddens:gurdurr_teraice",
            "required": false
        },
        {
            "id": "cobblemonraiddens:gurdurr_teranormal",
            "required": false
        },
        {
            "id": "cobblemonraiddens:gurdurr_terapoison",
            "required": false
        },
        {
            "id": "cobblemonraiddens:gurdurr_terapsychic",
            "required": false
        },
        {
            "id": "cobblemonraiddens:gurdurr_terarock",
            "required": false
        },
        {
            "id": "cobblemonraiddens:gurdurr_terasteel",
            "required": false
        },
        {
            "id": "cobblemonraiddens:gurdurr_terawater",
            "required": false
        }
    ]
}