{
    "replace": false,
    "values": [
        {
            "id": "cobblemonraiddens:guzzlord_stellar",
            "required": false
        },
        {
            "id": "cobblemonraiddens:guzzlord_terabug",
            "required": false
        },
        {
            "id": "cobblemonraiddens:guzzlord_teradark",
            "required": false
        },
        {
            "id": "cobblemonraiddens:guzzlord_teradragon",
            "required": false
        },
        {
            "id": "cobblemonraiddens:guzzlord_teraelectric",
            "required": false
        },
        {
            "id": "cobblemonraiddens:guzzlord_terafairy",
            "required": false
        },
        {
            "id": "cobblemonraiddens:guzzlord_terafighting",
            "required": false
        },
        {
            "id": "cobblemonraiddens:guzzlord_terafire",
            "required": false
        },
        {
            "id": "cobblemonraiddens:guzzlord_teraflying",
            "required": false
        },
        {
            "id": "cobblemonraiddens:guzzlord_teraghost",
            "required": false
        },
        {
            "id": "cobblemonraiddens:guzzlord_teragrass",
            "required": false
        },
        {
            "id": "cobblemonraiddens:guzzlord_teraground",
            "required": false
        },
        {
            "id": "cobblemonraiddens:guzzlord_teraice",
            "required": false
        },
        {
            "id": "cobblemonraiddens:guzzlord_teranormal",
            "required": false
        },
        {
            "id": "cobblemonraiddens:guzzlord_terapoison",
            "required": false
        },
        {
            "id": "cobblemonraiddens:guzzlord_terapsychic",
            "required": false
        },
        {
            "id": "cobblemonraiddens:guzzlord_terarock",
            "required": false
        },
        {
            "id": "cobblemonraiddens:guzzlord_terasteel",
            "required": false
        },
        {
            "id": "cobblemonraiddens:guzzlord_terawater",
            "required": false
        }
    ]
}