{
    "replace": false,
    "values": [
        {
            "id": "cobblemonraiddens:gyarados_stellar",
            "required": false
        },
        {
            "id": "cobblemonraiddens:gyarados_terabug",
            "required": false
        },
        {
            "id": "cobblemonraiddens:gyarados_teradark",
            "required": false
        },
        {
            "id": "cobblemonraiddens:gyarados_teradragon",
            "required": false
        },
        {
            "id": "cobblemonraiddens:gyarados_teraelectric",
            "required": false
        },
        {
            "id": "cobblemonraiddens:gyarados_terafairy",
            "required": false
        },
        {
            "id": "cobblemonraiddens:gyarados_terafighting",
            "required": false
        },
        {
            "id": "cobblemonraiddens:gyarados_terafire",
            "required": false
        },
        {
            "id": "cobblemonraiddens:gyarados_teraflying",
            "required": false
        },
        {
            "id": "cobblemonraiddens:gyarados_teraghost",
            "required": false
        },
        {
            "id": "cobblemonraiddens:gyarados_teragrass",
            "required": false
        },
        {
            "id": "cobblemonraiddens:gyarados_teraground",
            "required": false
        },
        {
            "id": "cobblemonraiddens:gyarados_teraice",
            "required": false
        },
        {
            "id": "cobblemonraiddens:gyarados_teranormal",
            "required": false
        },
        {
            "id": "cobblemonraiddens:gyarados_terapoison",
            "required": false
        },
        {
            "id": "cobblemonraiddens:gyarados_terapsychic",
            "required": false
        },
        {
            "id": "cobblemonraiddens:gyarados_terarock",
            "required": false
        },
        {
            "id": "cobblemonraiddens:gyarados_terasteel",
            "required": false
        },
        {
            "id": "cobblemonraiddens:gyarados_terawater",
            "required": false
        }
    ]
}