{
    "replace": false,
    "values": [
        {
            "id": "cobblemonraiddens:hakamoo_stellar",
            "required": false
        },
        {
            "id": "cobblemonraiddens:hakamoo_terabug",
            "required": false
        },
        {
            "id": "cobblemonraiddens:hakamoo_teradark",
            "required": false
        },
        {
            "id": "cobblemonraiddens:hakamoo_teradragon",
            "required": false
        },
        {
            "id": "cobblemonraiddens:hakamoo_teraelectric",
            "required": false
        },
        {
            "id": "cobblemonraiddens:hakamoo_terafairy",
            "required": false
        },
        {
            "id": "cobblemonraiddens:hakamoo_terafighting",
            "required": false
        },
        {
            "id": "cobblemonraiddens:hakamoo_terafire",
            "required": false
        },
        {
            "id": "cobblemonraiddens:hakamoo_teraflying",
            "required": false
        },
        {
            "id": "cobblemonraiddens:hakamoo_teraghost",
            "required": false
        },
        {
            "id": "cobblemonraiddens:hakamoo_teragrass",
            "required": false
        },
        {
            "id": "cobblemonraiddens:hakamoo_teraground",
            "required": false
        },
        {
            "id": "cobblemonraiddens:hakamoo_teraice",
            "required": false
        },
        {
            "id": "cobblemonraiddens:hakamoo_teranormal",
            "required": false
        },
        {
            "id": "cobblemonraiddens:hakamoo_terapoison",
            "required": false
        },
        {
            "id": "cobblemonraiddens:hakamoo_terapsychic",
            "required": false
        },
        {
            "id": "cobblemonraiddens:hakamoo_terarock",
            "required": false
        },
        {
            "id": "cobblemonraiddens:hakamoo_terasteel",
            "required": false
        },
        {
            "id": "cobblemonraiddens:hakamoo_terawater",
            "required": false
        }
    ]
}