{
    "replace": false,
    "values": [
        {
            "id": "cobblemonraiddens:happiny_stellar",
            "required": false
        },
        {
            "id": "cobblemonraiddens:happiny_terabug",
            "required": false
        },
        {
            "id": "cobblemonraiddens:happiny_teradark",
            "required": false
        },
        {
            "id": "cobblemonraiddens:happiny_teradragon",
            "required": false
        },
        {
            "id": "cobblemonraiddens:happiny_teraelectric",
            "required": false
        },
        {
            "id": "cobblemonraiddens:happiny_terafairy",
            "required": false
        },
        {
            "id": "cobblemonraiddens:happiny_terafighting",
            "required": false
        },
        {
            "id": "cobblemonraiddens:happiny_terafire",
            "required": false
        },
        {
            "id": "cobblemonraiddens:happiny_teraflying",
            "required": false
        },
        {
            "id": "cobblemonraiddens:happiny_teraghost",
            "required": false
        },
        {
            "id": "cobblemonraiddens:happiny_teragrass",
            "required": false
        },
        {
            "id": "cobblemonraiddens:happiny_teraground",
            "required": false
        },
        {
            "id": "cobblemonraiddens:happiny_teraice",
            "required": false
        },
        {
            "id": "cobblemonraiddens:happiny_teranormal",
            "required": false
        },
        {
            "id": "cobblemonraiddens:happiny_terapoison",
            "required": false
        },
        {
            "id": "cobblemonraiddens:happiny_terapsychic",
            "required": false
        },
        {
            "id": "cobblemonraiddens:happiny_terarock",
            "required": false
        },
        {
            "id": "cobblemonraiddens:happiny_terasteel",
            "required": false
        },
        {
            "id": "cobblemonraiddens:happiny_terawater",
            "required": false
        }
    ]
}