{
    "replace": false,
    "values": [
        {
            "id": "cobblemonraiddens:hariyama_stellar",
            "required": false
        },
        {
            "id": "cobblemonraiddens:hariyama_terabug",
            "required": false
        },
        {
            "id": "cobblemonraiddens:hariyama_teradark",
            "required": false
        },
        {
            "id": "cobblemonraiddens:hariyama_teradragon",
            "required": false
        },
        {
            "id": "cobblemonraiddens:hariyama_teraelectric",
            "required": false
        },
        {
            "id": "cobblemonraiddens:hariyama_terafairy",
            "required": false
        },
        {
            "id": "cobblemonraiddens:hariyama_terafighting",
            "required": false
        },
        {
            "id": "cobblemonraiddens:hariyama_terafire",
            "required": false
        },
        {
            "id": "cobblemonraiddens:hariyama_teraflying",
            "required": false
        },
        {
            "id": "cobblemonraiddens:hariyama_teraghost",
            "required": false
        },
        {
            "id": "cobblemonraiddens:hariyama_teragrass",
            "required": false
        },
        {
            "id": "cobblemonraiddens:hariyama_teraground",
            "required": false
        },
        {
            "id": "cobblemonraiddens:hariyama_teraice",
            "required": false
        },
        {
            "id": "cobblemonraiddens:hariyama_teranormal",
            "required": false
        },
        {
            "id": "cobblemonraiddens:hariyama_terapoison",
            "required": false
        },
        {
            "id": "cobblemonraiddens:hariyama_terapsychic",
            "required": false
        },
        {
            "id": "cobblemonraiddens:hariyama_terarock",
            "required": false
        },
        {
            "id": "cobblemonraiddens:hariyama_terasteel",
            "required": false
        },
        {
            "id": "cobblemonraiddens:hariyama_terawater",
            "required": false
        }
    ]
}