{
    "replace": false,
    "values": [
        {
            "id": "cobblemonraiddens:hatenna_stellar",
            "required": false
        },
        {
            "id": "cobblemonraiddens:hatenna_terabug",
            "required": false
        },
        {
            "id": "cobblemonraiddens:hatenna_teradark",
            "required": false
        },
        {
            "id": "cobblemonraiddens:hatenna_teradragon",
            "required": false
        },
        {
            "id": "cobblemonraiddens:hatenna_teraelectric",
            "required": false
        },
        {
            "id": "cobblemonraiddens:hatenna_terafairy",
            "required": false
        },
        {
            "id": "cobblemonraiddens:hatenna_terafighting",
            "required": false
        },
        {
            "id": "cobblemonraiddens:hatenna_terafire",
            "required": false
        },
        {
            "id": "cobblemonraiddens:hatenna_teraflying",
            "required": false
        },
        {
            "id": "cobblemonraiddens:hatenna_teraghost",
            "required": false
        },
        {
            "id": "cobblemonraiddens:hatenna_teragrass",
            "required": false
        },
        {
            "id": "cobblemonraiddens:hatenna_teraground",
            "required": false
        },
        {
            "id": "cobblemonraiddens:hatenna_teraice",
            "required": false
        },
        {
            "id": "cobblemonraiddens:hatenna_teranormal",
            "required": false
        },
        {
            "id": "cobblemonraiddens:hatenna_terapoison",
            "required": false
        },
        {
            "id": "cobblemonraiddens:hatenna_terapsychic",
            "required": false
        },
        {
            "id": "cobblemonraiddens:hatenna_terarock",
            "required": false
        },
        {
            "id": "cobblemonraiddens:hatenna_terasteel",
            "required": false
        },
        {
            "id": "cobblemonraiddens:hatenna_terawater",
            "required": false
        }
    ]
}