{
    "replace": false,
    "values": [
        {
            "id": "cobblemonraiddens:hatterene_stellar",
            "required": false
        },
        {
            "id": "cobblemonraiddens:hatterene_terabug",
            "required": false
        },
        {
            "id": "cobblemonraiddens:hatterene_teradark",
            "required": false
        },
        {
            "id": "cobblemonraiddens:hatterene_teradragon",
            "required": false
        },
        {
            "id": "cobblemonraiddens:hatterene_teraelectric",
            "required": false
        },
        {
            "id": "cobblemonraiddens:hatterene_terafairy",
            "required": false
        },
        {
            "id": "cobblemonraiddens:hatterene_terafighting",
            "required": false
        },
        {
            "id": "cobblemonraiddens:hatterene_terafire",
            "required": false
        },
        {
            "id": "cobblemonraiddens:hatterene_teraflying",
            "required": false
        },
        {
            "id": "cobblemonraiddens:hatterene_teraghost",
            "required": false
        },
        {
            "id": "cobblemonraiddens:hatterene_teragrass",
            "required": false
        },
        {
            "id": "cobblemonraiddens:hatterene_teraground",
            "required": false
        },
        {
            "id": "cobblemonraiddens:hatterene_teraice",
            "required": false
        },
        {
            "id": "cobblemonraiddens:hatterene_teranormal",
            "required": false
        },
        {
            "id": "cobblemonraiddens:hatterene_terapoison",
            "required": false
        },
        {
            "id": "cobblemonraiddens:hatterene_terapsychic",
            "required": false
        },
        {
            "id": "cobblemonraiddens:hatterene_terarock",
            "required": false
        },
        {
            "id": "cobblemonraiddens:hatterene_terasteel",
            "required": false
        },
        {
            "id": "cobblemonraiddens:hatterene_terawater",
            "required": false
        }
    ]
}