{
    "replace": false,
    "values": [
        {
            "id": "cobblemonraiddens:hattrem_stellar",
            "required": false
        },
        {
            "id": "cobblemonraiddens:hattrem_terabug",
            "required": false
        },
        {
            "id": "cobblemonraiddens:hattrem_teradark",
            "required": false
        },
        {
            "id": "cobblemonraiddens:hattrem_teradragon",
            "required": false
        },
        {
            "id": "cobblemonraiddens:hattrem_teraelectric",
            "required": false
        },
        {
            "id": "cobblemonraiddens:hattrem_terafairy",
            "required": false
        },
        {
            "id": "cobblemonraiddens:hattrem_terafighting",
            "required": false
        },
        {
            "id": "cobblemonraiddens:hattrem_terafire",
            "required": false
        },
        {
            "id": "cobblemonraiddens:hattrem_teraflying",
            "required": false
        },
        {
            "id": "cobblemonraiddens:hattrem_teraghost",
            "required": false
        },
        {
            "id": "cobblemonraiddens:hattrem_teragrass",
            "required": false
        },
        {
            "id": "cobblemonraiddens:hattrem_teraground",
            "required": false
        },
        {
            "id": "cobblemonraiddens:hattrem_teraice",
            "required": false
        },
        {
            "id": "cobblemonraiddens:hattrem_teranormal",
            "required": false
        },
        {
            "id": "cobblemonraiddens:hattrem_terapoison",
            "required": false
        },
        {
            "id": "cobblemonraiddens:hattrem_terapsychic",
            "required": false
        },
        {
            "id": "cobblemonraiddens:hattrem_terarock",
            "required": false
        },
        {
            "id": "cobblemonraiddens:hattrem_terasteel",
            "required": false
        },
        {
            "id": "cobblemonraiddens:hattrem_terawater",
            "required": false
        }
    ]
}