{
    "replace": false,
    "values": [
        {
            "id": "cobblemonraiddens:haunter_stellar",
            "required": false
        },
        {
            "id": "cobblemonraiddens:haunter_terabug",
            "required": false
        },
        {
            "id": "cobblemonraiddens:haunter_teradark",
            "required": false
        },
        {
            "id": "cobblemonraiddens:haunter_teradragon",
            "required": false
        },
        {
            "id": "cobblemonraiddens:haunter_teraelectric",
            "required": false
        },
        {
            "id": "cobblemonraiddens:haunter_terafairy",
            "required": false
        },
        {
            "id": "cobblemonraiddens:haunter_terafighting",
            "required": false
        },
        {
            "id": "cobblemonraiddens:haunter_terafire",
            "required": false
        },
        {
            "id": "cobblemonraiddens:haunter_teraflying",
            "required": false
        },
        {
            "id": "cobblemonraiddens:haunter_teraghost",
            "required": false
        },
        {
            "id": "cobblemonraiddens:haunter_teragrass",
            "required": false
        },
        {
            "id": "cobblemonraiddens:haunter_teraground",
            "required": false
        },
        {
            "id": "cobblemonraiddens:haunter_teraice",
            "required": false
        },
        {
            "id": "cobblemonraiddens:haunter_teranormal",
            "required": false
        },
        {
            "id": "cobblemonraiddens:haunter_terapoison",
            "required": false
        },
        {
            "id": "cobblemonraiddens:haunter_terapsychic",
            "required": false
        },
        {
            "id": "cobblemonraiddens:haunter_terarock",
            "required": false
        },
        {
            "id": "cobblemonraiddens:haunter_terasteel",
            "required": false
        },
        {
            "id": "cobblemonraiddens:haunter_terawater",
            "required": false
        }
    ]
}