{
    "replace": false,
    "values": [
        {
            "id": "cobblemonraiddens:hawlucha_stellar",
            "required": false
        },
        {
            "id": "cobblemonraiddens:hawlucha_terabug",
            "required": false
        },
        {
            "id": "cobblemonraiddens:hawlucha_teradark",
            "required": false
        },
        {
            "id": "cobblemonraiddens:hawlucha_teradragon",
            "required": false
        },
        {
            "id": "cobblemonraiddens:hawlucha_teraelectric",
            "required": false
        },
        {
            "id": "cobblemonraiddens:hawlucha_terafairy",
            "required": false
        },
        {
            "id": "cobblemonraiddens:hawlucha_terafighting",
            "required": false
        },
        {
            "id": "cobblemonraiddens:hawlucha_terafire",
            "required": false
        },
        {
            "id": "cobblemonraiddens:hawlucha_teraflying",
            "required": false
        },
        {
            "id": "cobblemonraiddens:hawlucha_teraghost",
            "required": false
        },
        {
            "id": "cobblemonraiddens:hawlucha_teragrass",
            "required": false
        },
        {
            "id": "cobblemonraiddens:hawlucha_teraground",
            "required": false
        },
        {
            "id": "cobblemonraiddens:hawlucha_teraice",
            "required": false
        },
        {
            "id": "cobblemonraiddens:hawlucha_teranormal",
            "required": false
        },
        {
            "id": "cobblemonraiddens:hawlucha_terapoison",
            "required": false
        },
        {
            "id": "cobblemonraiddens:hawlucha_terapsychic",
            "required": false
        },
        {
            "id": "cobblemonraiddens:hawlucha_terarock",
            "required": false
        },
        {
            "id": "cobblemonraiddens:hawlucha_terasteel",
            "required": false
        },
        {
            "id": "cobblemonraiddens:hawlucha_terawater",
            "required": false
        }
    ]
}