{
    "replace": false,
    "values": [
        {
            "id": "cobblemonraiddens:haxorus_stellar",
            "required": false
        },
        {
            "id": "cobblemonraiddens:haxorus_terabug",
            "required": false
        },
        {
            "id": "cobblemonraiddens:haxorus_teradark",
            "required": false
        },
        {
            "id": "cobblemonraiddens:haxorus_teradragon",
            "required": false
        },
        {
            "id": "cobblemonraiddens:haxorus_teraelectric",
            "required": false
        },
        {
            "id": "cobblemonraiddens:haxorus_terafairy",
            "required": false
        },
        {
            "id": "cobblemonraiddens:haxorus_terafighting",
            "required": false
        },
        {
            "id": "cobblemonraiddens:haxorus_terafire",
            "required": false
        },
        {
            "id": "cobblemonraiddens:haxorus_teraflying",
            "required": false
        },
        {
            "id": "cobblemonraiddens:haxorus_teraghost",
            "required": false
        },
        {
            "id": "cobblemonraiddens:haxorus_teragrass",
            "required": false
        },
        {
            "id": "cobblemonraiddens:haxorus_teraground",
            "required": false
        },
        {
            "id": "cobblemonraiddens:haxorus_teraice",
            "required": false
        },
        {
            "id": "cobblemonraiddens:haxorus_teranormal",
            "required": false
        },
        {
            "id": "cobblemonraiddens:haxorus_terapoison",
            "required": false
        },
        {
            "id": "cobblemonraiddens:haxorus_terapsychic",
            "required": false
        },
        {
            "id": "cobblemonraiddens:haxorus_terarock",
            "required": false
        },
        {
            "id": "cobblemonraiddens:haxorus_terasteel",
            "required": false
        },
        {
            "id": "cobblemonraiddens:haxorus_terawater",
            "required": false
        }
    ]
}