{
    "replace": false,
    "values": [
        {
            "id": "cobblemonraiddens:heatmor_stellar",
            "required": false
        },
        {
            "id": "cobblemonraiddens:heatmor_terabug",
            "required": false
        },
        {
            "id": "cobblemonraiddens:heatmor_teradark",
            "required": false
        },
        {
            "id": "cobblemonraiddens:heatmor_teradragon",
            "required": false
        },
        {
            "id": "cobblemonraiddens:heatmor_teraelectric",
            "required": false
        },
        {
            "id": "cobblemonraiddens:heatmor_terafairy",
            "required": false
        },
        {
            "id": "cobblemonraiddens:heatmor_terafighting",
            "required": false
        },
        {
            "id": "cobblemonraiddens:heatmor_terafire",
            "required": false
        },
        {
            "id": "cobblemonraiddens:heatmor_teraflying",
            "required": false
        },
        {
            "id": "cobblemonraiddens:heatmor_teraghost",
            "required": false
        },
        {
            "id": "cobblemonraiddens:heatmor_teragrass",
            "required": false
        },
        {
            "id": "cobblemonraiddens:heatmor_teraground",
            "required": false
        },
        {
            "id": "cobblemonraiddens:heatmor_teraice",
            "required": false
        },
        {
            "id": "cobblemonraiddens:heatmor_teranormal",
            "required": false
        },
        {
            "id": "cobblemonraiddens:heatmor_terapoison",
            "required": false
        },
        {
            "id": "cobblemonraiddens:heatmor_terapsychic",
            "required": false
        },
        {
            "id": "cobblemonraiddens:heatmor_terarock",
            "required": false
        },
        {
            "id": "cobblemonraiddens:heatmor_terasteel",
            "required": false
        },
        {
            "id": "cobblemonraiddens:heatmor_terawater",
            "required": false
        }
    ]
}