{
    "replace": false,
    "values": [
        {
            "id": "cobblemonraiddens:heatran_stellar",
            "required": false
        },
        {
            "id": "cobblemonraiddens:heatran_terabug",
            "required": false
        },
        {
            "id": "cobblemonraiddens:heatran_teradark",
            "required": false
        },
        {
            "id": "cobblemonraiddens:heatran_teradragon",
            "required": false
        },
        {
            "id": "cobblemonraiddens:heatran_teraelectric",
            "required": false
        },
        {
            "id": "cobblemonraiddens:heatran_terafairy",
            "required": false
        },
        {
            "id": "cobblemonraiddens:heatran_terafighting",
            "required": false
        },
        {
            "id": "cobblemonraiddens:heatran_terafire",
            "required": false
        },
        {
            "id": "cobblemonraiddens:heatran_teraflying",
            "required": false
        },
        {
            "id": "cobblemonraiddens:heatran_teraghost",
            "required": false
        },
        {
            "id": "cobblemonraiddens:heatran_teragrass",
            "required": false
        },
        {
            "id": "cobblemonraiddens:heatran_teraground",
            "required": false
        },
        {
            "id": "cobblemonraiddens:heatran_teraice",
            "required": false
        },
        {
            "id": "cobblemonraiddens:heatran_teranormal",
            "required": false
        },
        {
            "id": "cobblemonraiddens:heatran_terapoison",
            "required": false
        },
        {
            "id": "cobblemonraiddens:heatran_terapsychic",
            "required": false
        },
        {
            "id": "cobblemonraiddens:heatran_terarock",
            "required": false
        },
        {
            "id": "cobblemonraiddens:heatran_terasteel",
            "required": false
        },
        {
            "id": "cobblemonraiddens:heatran_terawater",
            "required": false
        }
    ]
}