{
    "replace": false,
    "values": [
        {
            "id": "cobblemonraiddens:helioptile_stellar",
            "required": false
        },
        {
            "id": "cobblemonraiddens:helioptile_terabug",
            "required": false
        },
        {
            "id": "cobblemonraiddens:helioptile_teradark",
            "required": false
        },
        {
            "id": "cobblemonraiddens:helioptile_teradragon",
            "required": false
        },
        {
            "id": "cobblemonraiddens:helioptile_teraelectric",
            "required": false
        },
        {
            "id": "cobblemonraiddens:helioptile_terafairy",
            "required": false
        },
        {
            "id": "cobblemonraiddens:helioptile_terafighting",
            "required": false
        },
        {
            "id": "cobblemonraiddens:helioptile_terafire",
            "required": false
        },
        {
            "id": "cobblemonraiddens:helioptile_teraflying",
            "required": false
        },
        {
            "id": "cobblemonraiddens:helioptile_teraghost",
            "required": false
        },
        {
            "id": "cobblemonraiddens:helioptile_teragrass",
            "required": false
        },
        {
            "id": "cobblemonraiddens:helioptile_teraground",
            "required": false
        },
        {
            "id": "cobblemonraiddens:helioptile_teraice",
            "required": false
        },
        {
            "id": "cobblemonraiddens:helioptile_teranormal",
            "required": false
        },
        {
            "id": "cobblemonraiddens:helioptile_terapoison",
            "required": false
        },
        {
            "id": "cobblemonraiddens:helioptile_terapsychic",
            "required": false
        },
        {
            "id": "cobblemonraiddens:helioptile_terarock",
            "required": false
        },
        {
            "id": "cobblemonraiddens:helioptile_terasteel",
            "required": false
        },
        {
            "id": "cobblemonraiddens:helioptile_terawater",
            "required": false
        }
    ]
}