{
    "replace": false,
    "values": [
        {
            "id": "cobblemonraiddens:heliolisk_stellar",
            "required": false
        },
        {
            "id": "cobblemonraiddens:heliolisk_terabug",
            "required": false
        },
        {
            "id": "cobblemonraiddens:heliolisk_teradark",
            "required": false
        },
        {
            "id": "cobblemonraiddens:heliolisk_teradragon",
            "required": false
        },
        {
            "id": "cobblemonraiddens:heliolisk_teraelectric",
            "required": false
        },
        {
            "id": "cobblemonraiddens:heliolisk_terafairy",
            "required": false
        },
        {
            "id": "cobblemonraiddens:heliolisk_terafighting",
            "required": false
        },
        {
            "id": "cobblemonraiddens:heliolisk_terafire",
            "required": false
        },
        {
            "id": "cobblemonraiddens:heliolisk_teraflying",
            "required": false
        },
        {
            "id": "cobblemonraiddens:heliolisk_teraghost",
            "required": false
        },
        {
            "id": "cobblemonraiddens:heliolisk_teragrass",
            "required": false
        },
        {
            "id": "cobblemonraiddens:heliolisk_teraground",
            "required": false
        },
        {
            "id": "cobblemonraiddens:heliolisk_teraice",
            "required": false
        },
        {
            "id": "cobblemonraiddens:heliolisk_teranormal",
            "required": false
        },
        {
            "id": "cobblemonraiddens:heliolisk_terapoison",
            "required": false
        },
        {
            "id": "cobblemonraiddens:heliolisk_terapsychic",
            "required": false
        },
        {
            "id": "cobblemonraiddens:heliolisk_terarock",
            "required": false
        },
        {
            "id": "cobblemonraiddens:heliolisk_terasteel",
            "required": false
        },
        {
            "id": "cobblemonraiddens:heliolisk_terawater",
            "required": false
        }
    ]
}