{
    "replace": false,
    "values": [
        {
            "id": "cobblemonraiddens:heracross_stellar",
            "required": false
        },
        {
            "id": "cobblemonraiddens:heracross_terabug",
            "required": false
        },
        {
            "id": "cobblemonraiddens:heracross_teradark",
            "required": false
        },
        {
            "id": "cobblemonraiddens:heracross_teradragon",
            "required": false
        },
        {
            "id": "cobblemonraiddens:heracross_teraelectric",
            "required": false
        },
        {
            "id": "cobblemonraiddens:heracross_terafairy",
            "required": false
        },
        {
            "id": "cobblemonraiddens:heracross_terafighting",
            "required": false
        },
        {
            "id": "cobblemonraiddens:heracross_terafire",
            "required": false
        },
        {
            "id": "cobblemonraiddens:heracross_teraflying",
            "required": false
        },
        {
            "id": "cobblemonraiddens:heracross_teraghost",
            "required": false
        },
        {
            "id": "cobblemonraiddens:heracross_teragrass",
            "required": false
        },
        {
            "id": "cobblemonraiddens:heracross_teraground",
            "required": false
        },
        {
            "id": "cobblemonraiddens:heracross_teraice",
            "required": false
        },
        {
            "id": "cobblemonraiddens:heracross_teranormal",
            "required": false
        },
        {
            "id": "cobblemonraiddens:heracross_terapoison",
            "required": false
        },
        {
            "id": "cobblemonraiddens:heracross_terapsychic",
            "required": false
        },
        {
            "id": "cobblemonraiddens:heracross_terarock",
            "required": false
        },
        {
            "id": "cobblemonraiddens:heracross_terasteel",
            "required": false
        },
        {
            "id": "cobblemonraiddens:heracross_terawater",
            "required": false
        }
    ]
}