{
    "replace": false,
    "values": [
        {
            "id": "cobblemonraiddens:herdier_stellar",
            "required": false
        },
        {
            "id": "cobblemonraiddens:herdier_terabug",
            "required": false
        },
        {
            "id": "cobblemonraiddens:herdier_teradark",
            "required": false
        },
        {
            "id": "cobblemonraiddens:herdier_teradragon",
            "required": false
        },
        {
            "id": "cobblemonraiddens:herdier_teraelectric",
            "required": false
        },
        {
            "id": "cobblemonraiddens:herdier_terafairy",
            "required": false
        },
        {
            "id": "cobblemonraiddens:herdier_terafighting",
            "required": false
        },
        {
            "id": "cobblemonraiddens:herdier_terafire",
            "required": false
        },
        {
            "id": "cobblemonraiddens:herdier_teraflying",
            "required": false
        },
        {
            "id": "cobblemonraiddens:herdier_teraghost",
            "required": false
        },
        {
            "id": "cobblemonraiddens:herdier_teragrass",
            "required": false
        },
        {
            "id": "cobblemonraiddens:herdier_teraground",
            "required": false
        },
        {
            "id": "cobblemonraiddens:herdier_teraice",
            "required": false
        },
        {
            "id": "cobblemonraiddens:herdier_teranormal",
            "required": false
        },
        {
            "id": "cobblemonraiddens:herdier_terapoison",
            "required": false
        },
        {
            "id": "cobblemonraiddens:herdier_terapsychic",
            "required": false
        },
        {
            "id": "cobblemonraiddens:herdier_terarock",
            "required": false
        },
        {
            "id": "cobblemonraiddens:herdier_terasteel",
            "required": false
        },
        {
            "id": "cobblemonraiddens:herdier_terawater",
            "required": false
        }
    ]
}