{
    "replace": false,
    "values": [
        {
            "id": "cobblemonraiddens:hippowdon_stellar",
            "required": false
        },
        {
            "id": "cobblemonraiddens:hippowdon_terabug",
            "required": false
        },
        {
            "id": "cobblemonraiddens:hippowdon_teradark",
            "required": false
        },
        {
            "id": "cobblemonraiddens:hippowdon_teradragon",
            "required": false
        },
        {
            "id": "cobblemonraiddens:hippowdon_teraelectric",
            "required": false
        },
        {
            "id": "cobblemonraiddens:hippowdon_terafairy",
            "required": false
        },
        {
            "id": "cobblemonraiddens:hippowdon_terafighting",
            "required": false
        },
        {
            "id": "cobblemonraiddens:hippowdon_terafire",
            "required": false
        },
        {
            "id": "cobblemonraiddens:hippowdon_teraflying",
            "required": false
        },
        {
            "id": "cobblemonraiddens:hippowdon_teraghost",
            "required": false
        },
        {
            "id": "cobblemonraiddens:hippowdon_teragrass",
            "required": false
        },
        {
            "id": "cobblemonraiddens:hippowdon_teraground",
            "required": false
        },
        {
            "id": "cobblemonraiddens:hippowdon_teraice",
            "required": false
        },
        {
            "id": "cobblemonraiddens:hippowdon_teranormal",
            "required": false
        },
        {
            "id": "cobblemonraiddens:hippowdon_terapoison",
            "required": false
        },
        {
            "id": "cobblemonraiddens:hippowdon_terapsychic",
            "required": false
        },
        {
            "id": "cobblemonraiddens:hippowdon_terarock",
            "required": false
        },
        {
            "id": "cobblemonraiddens:hippowdon_terasteel",
            "required": false
        },
        {
            "id": "cobblemonraiddens:hippowdon_terawater",
            "required": false
        }
    ]
}