{
    "replace": false,
    "values": [
        {
            "id": "cobblemonraiddens:hippopotas_stellar",
            "required": false
        },
        {
            "id": "cobblemonraiddens:hippopotas_terabug",
            "required": false
        },
        {
            "id": "cobblemonraiddens:hippopotas_teradark",
            "required": false
        },
        {
            "id": "cobblemonraiddens:hippopotas_teradragon",
            "required": false
        },
        {
            "id": "cobblemonraiddens:hippopotas_teraelectric",
            "required": false
        },
        {
            "id": "cobblemonraiddens:hippopotas_terafairy",
            "required": false
        },
        {
            "id": "cobblemonraiddens:hippopotas_terafighting",
            "required": false
        },
        {
            "id": "cobblemonraiddens:hippopotas_terafire",
            "required": false
        },
        {
            "id": "cobblemonraiddens:hippopotas_teraflying",
            "required": false
        },
        {
            "id": "cobblemonraiddens:hippopotas_teraghost",
            "required": false
        },
        {
            "id": "cobblemonraiddens:hippopotas_teragrass",
            "required": false
        },
        {
            "id": "cobblemonraiddens:hippopotas_teraground",
            "required": false
        },
        {
            "id": "cobblemonraiddens:hippopotas_teraice",
            "required": false
        },
        {
            "id": "cobblemonraiddens:hippopotas_teranormal",
            "required": false
        },
        {
            "id": "cobblemonraiddens:hippopotas_terapoison",
            "required": false
        },
        {
            "id": "cobblemonraiddens:hippopotas_terapsychic",
            "required": false
        },
        {
            "id": "cobblemonraiddens:hippopotas_terarock",
            "required": false
        },
        {
            "id": "cobblemonraiddens:hippopotas_terasteel",
            "required": false
        },
        {
            "id": "cobblemonraiddens:hippopotas_terawater",
            "required": false
        }
    ]
}