{
    "replace": false,
    "values": [
        {
            "id": "cobblemonraiddens:hitmonlee_stellar",
            "required": false
        },
        {
            "id": "cobblemonraiddens:hitmonlee_terabug",
            "required": false
        },
        {
            "id": "cobblemonraiddens:hitmonlee_teradark",
            "required": false
        },
        {
            "id": "cobblemonraiddens:hitmonlee_teradragon",
            "required": false
        },
        {
            "id": "cobblemonraiddens:hitmonlee_teraelectric",
            "required": false
        },
        {
            "id": "cobblemonraiddens:hitmonlee_terafairy",
            "required": false
        },
        {
            "id": "cobblemonraiddens:hitmonlee_terafighting",
            "required": false
        },
        {
            "id": "cobblemonraiddens:hitmonlee_terafire",
            "required": false
        },
        {
            "id": "cobblemonraiddens:hitmonlee_teraflying",
            "required": false
        },
        {
            "id": "cobblemonraiddens:hitmonlee_teraghost",
            "required": false
        },
        {
            "id": "cobblemonraiddens:hitmonlee_teragrass",
            "required": false
        },
        {
            "id": "cobblemonraiddens:hitmonlee_teraground",
            "required": false
        },
        {
            "id": "cobblemonraiddens:hitmonlee_teraice",
            "required": false
        },
        {
            "id": "cobblemonraiddens:hitmonlee_teranormal",
            "required": false
        },
        {
            "id": "cobblemonraiddens:hitmonlee_terapoison",
            "required": false
        },
        {
            "id": "cobblemonraiddens:hitmonlee_terapsychic",
            "required": false
        },
        {
            "id": "cobblemonraiddens:hitmonlee_terarock",
            "required": false
        },
        {
            "id": "cobblemonraiddens:hitmonlee_terasteel",
            "required": false
        },
        {
            "id": "cobblemonraiddens:hitmonlee_terawater",
            "required": false
        }
    ]
}