{
    "replace": false,
    "values": [
        {
            "id": "cobblemonraiddens:hitmontop_stellar",
            "required": false
        },
        {
            "id": "cobblemonraiddens:hitmontop_terabug",
            "required": false
        },
        {
            "id": "cobblemonraiddens:hitmontop_teradark",
            "required": false
        },
        {
            "id": "cobblemonraiddens:hitmontop_teradragon",
            "required": false
        },
        {
            "id": "cobblemonraiddens:hitmontop_teraelectric",
            "required": false
        },
        {
            "id": "cobblemonraiddens:hitmontop_terafairy",
            "required": false
        },
        {
            "id": "cobblemonraiddens:hitmontop_terafighting",
            "required": false
        },
        {
            "id": "cobblemonraiddens:hitmontop_terafire",
            "required": false
        },
        {
            "id": "cobblemonraiddens:hitmontop_teraflying",
            "required": false
        },
        {
            "id": "cobblemonraiddens:hitmontop_teraghost",
            "required": false
        },
        {
            "id": "cobblemonraiddens:hitmontop_teragrass",
            "required": false
        },
        {
            "id": "cobblemonraiddens:hitmontop_teraground",
            "required": false
        },
        {
            "id": "cobblemonraiddens:hitmontop_teraice",
            "required": false
        },
        {
            "id": "cobblemonraiddens:hitmontop_teranormal",
            "required": false
        },
        {
            "id": "cobblemonraiddens:hitmontop_terapoison",
            "required": false
        },
        {
            "id": "cobblemonraiddens:hitmontop_terapsychic",
            "required": false
        },
        {
            "id": "cobblemonraiddens:hitmontop_terarock",
            "required": false
        },
        {
            "id": "cobblemonraiddens:hitmontop_terasteel",
            "required": false
        },
        {
            "id": "cobblemonraiddens:hitmontop_terawater",
            "required": false
        }
    ]
}