{
    "replace": false,
    "values": [
        {
            "id": "cobblemonraiddens:hitmonchan_stellar",
            "required": false
        },
        {
            "id": "cobblemonraiddens:hitmonchan_terabug",
            "required": false
        },
        {
            "id": "cobblemonraiddens:hitmonchan_teradark",
            "required": false
        },
        {
            "id": "cobblemonraiddens:hitmonchan_teradragon",
            "required": false
        },
        {
            "id": "cobblemonraiddens:hitmonchan_teraelectric",
            "required": false
        },
        {
            "id": "cobblemonraiddens:hitmonchan_terafairy",
            "required": false
        },
        {
            "id": "cobblemonraiddens:hitmonchan_terafighting",
            "required": false
        },
        {
            "id": "cobblemonraiddens:hitmonchan_terafire",
            "required": false
        },
        {
            "id": "cobblemonraiddens:hitmonchan_teraflying",
            "required": false
        },
        {
            "id": "cobblemonraiddens:hitmonchan_teraghost",
            "required": false
        },
        {
            "id": "cobblemonraiddens:hitmonchan_teragrass",
            "required": false
        },
        {
            "id": "cobblemonraiddens:hitmonchan_teraground",
            "required": false
        },
        {
            "id": "cobblemonraiddens:hitmonchan_teraice",
            "required": false
        },
        {
            "id": "cobblemonraiddens:hitmonchan_teranormal",
            "required": false
        },
        {
            "id": "cobblemonraiddens:hitmonchan_terapoison",
            "required": false
        },
        {
            "id": "cobblemonraiddens:hitmonchan_terapsychic",
            "required": false
        },
        {
            "id": "cobblemonraiddens:hitmonchan_terarock",
            "required": false
        },
        {
            "id": "cobblemonraiddens:hitmonchan_terasteel",
            "required": false
        },
        {
            "id": "cobblemonraiddens:hitmonchan_terawater",
            "required": false
        }
    ]
}