{
    "replace": false,
    "values": [
        {
            "id": "cobblemonraiddens:honchkrow_stellar",
            "required": false
        },
        {
            "id": "cobblemonraiddens:honchkrow_terabug",
            "required": false
        },
        {
            "id": "cobblemonraiddens:honchkrow_teradark",
            "required": false
        },
        {
            "id": "cobblemonraiddens:honchkrow_teradragon",
            "required": false
        },
        {
            "id": "cobblemonraiddens:honchkrow_teraelectric",
            "required": false
        },
        {
            "id": "cobblemonraiddens:honchkrow_terafairy",
            "required": false
        },
        {
            "id": "cobblemonraiddens:honchkrow_terafighting",
            "required": false
        },
        {
            "id": "cobblemonraiddens:honchkrow_terafire",
            "required": false
        },
        {
            "id": "cobblemonraiddens:honchkrow_teraflying",
            "required": false
        },
        {
            "id": "cobblemonraiddens:honchkrow_teraghost",
            "required": false
        },
        {
            "id": "cobblemonraiddens:honchkrow_teragrass",
            "required": false
        },
        {
            "id": "cobblemonraiddens:honchkrow_teraground",
            "required": false
        },
        {
            "id": "cobblemonraiddens:honchkrow_teraice",
            "required": false
        },
        {
            "id": "cobblemonraiddens:honchkrow_teranormal",
            "required": false
        },
        {
            "id": "cobblemonraiddens:honchkrow_terapoison",
            "required": false
        },
        {
            "id": "cobblemonraiddens:honchkrow_terapsychic",
            "required": false
        },
        {
            "id": "cobblemonraiddens:honchkrow_terarock",
            "required": false
        },
        {
            "id": "cobblemonraiddens:honchkrow_terasteel",
            "required": false
        },
        {
            "id": "cobblemonraiddens:honchkrow_terawater",
            "required": false
        }
    ]
}