{
    "replace": false,
    "values": [
        {
            "id": "cobblemonraiddens:honedge_stellar",
            "required": false
        },
        {
            "id": "cobblemonraiddens:honedge_terabug",
            "required": false
        },
        {
            "id": "cobblemonraiddens:honedge_teradark",
            "required": false
        },
        {
            "id": "cobblemonraiddens:honedge_teradragon",
            "required": false
        },
        {
            "id": "cobblemonraiddens:honedge_teraelectric",
            "required": false
        },
        {
            "id": "cobblemonraiddens:honedge_terafairy",
            "required": false
        },
        {
            "id": "cobblemonraiddens:honedge_terafighting",
            "required": false
        },
        {
            "id": "cobblemonraiddens:honedge_terafire",
            "required": false
        },
        {
            "id": "cobblemonraiddens:honedge_teraflying",
            "required": false
        },
        {
            "id": "cobblemonraiddens:honedge_teraghost",
            "required": false
        },
        {
            "id": "cobblemonraiddens:honedge_teragrass",
            "required": false
        },
        {
            "id": "cobblemonraiddens:honedge_teraground",
            "required": false
        },
        {
            "id": "cobblemonraiddens:honedge_teraice",
            "required": false
        },
        {
            "id": "cobblemonraiddens:honedge_teranormal",
            "required": false
        },
        {
            "id": "cobblemonraiddens:honedge_terapoison",
            "required": false
        },
        {
            "id": "cobblemonraiddens:honedge_terapsychic",
            "required": false
        },
        {
            "id": "cobblemonraiddens:honedge_terarock",
            "required": false
        },
        {
            "id": "cobblemonraiddens:honedge_terasteel",
            "required": false
        },
        {
            "id": "cobblemonraiddens:honedge_terawater",
            "required": false
        }
    ]
}