{
    "replace": false,
    "values": [
        {
            "id": "cobblemonraiddens:hooh_stellar",
            "required": false
        },
        {
            "id": "cobblemonraiddens:hooh_terabug",
            "required": false
        },
        {
            "id": "cobblemonraiddens:hooh_teradark",
            "required": false
        },
        {
            "id": "cobblemonraiddens:hooh_teradragon",
            "required": false
        },
        {
            "id": "cobblemonraiddens:hooh_teraelectric",
            "required": false
        },
        {
            "id": "cobblemonraiddens:hooh_terafairy",
            "required": false
        },
        {
            "id": "cobblemonraiddens:hooh_terafighting",
            "required": false
        },
        {
            "id": "cobblemonraiddens:hooh_terafire",
            "required": false
        },
        {
            "id": "cobblemonraiddens:hooh_teraflying",
            "required": false
        },
        {
            "id": "cobblemonraiddens:hooh_teraghost",
            "required": false
        },
        {
            "id": "cobblemonraiddens:hooh_teragrass",
            "required": false
        },
        {
            "id": "cobblemonraiddens:hooh_teraground",
            "required": false
        },
        {
            "id": "cobblemonraiddens:hooh_teraice",
            "required": false
        },
        {
            "id": "cobblemonraiddens:hooh_teranormal",
            "required": false
        },
        {
            "id": "cobblemonraiddens:hooh_terapoison",
            "required": false
        },
        {
            "id": "cobblemonraiddens:hooh_terapsychic",
            "required": false
        },
        {
            "id": "cobblemonraiddens:hooh_terarock",
            "required": false
        },
        {
            "id": "cobblemonraiddens:hooh_terasteel",
            "required": false
        },
        {
            "id": "cobblemonraiddens:hooh_terawater",
            "required": false
        }
    ]
}