{
    "replace": false,
    "values": [
        {
            "id": "cobblemonraiddens:hoopa_stellar",
            "required": false
        },
        {
            "id": "cobblemonraiddens:hoopa_terabug",
            "required": false
        },
        {
            "id": "cobblemonraiddens:hoopa_teradark",
            "required": false
        },
        {
            "id": "cobblemonraiddens:hoopa_teradragon",
            "required": false
        },
        {
            "id": "cobblemonraiddens:hoopa_teraelectric",
            "required": false
        },
        {
            "id": "cobblemonraiddens:hoopa_terafairy",
            "required": false
        },
        {
            "id": "cobblemonraiddens:hoopa_terafighting",
            "required": false
        },
        {
            "id": "cobblemonraiddens:hoopa_terafire",
            "required": false
        },
        {
            "id": "cobblemonraiddens:hoopa_teraflying",
            "required": false
        },
        {
            "id": "cobblemonraiddens:hoopa_teraghost",
            "required": false
        },
        {
            "id": "cobblemonraiddens:hoopa_teragrass",
            "required": false
        },
        {
            "id": "cobblemonraiddens:hoopa_teraground",
            "required": false
        },
        {
            "id": "cobblemonraiddens:hoopa_teraice",
            "required": false
        },
        {
            "id": "cobblemonraiddens:hoopa_teranormal",
            "required": false
        },
        {
            "id": "cobblemonraiddens:hoopa_terapoison",
            "required": false
        },
        {
            "id": "cobblemonraiddens:hoopa_terapsychic",
            "required": false
        },
        {
            "id": "cobblemonraiddens:hoopa_terarock",
            "required": false
        },
        {
            "id": "cobblemonraiddens:hoopa_terasteel",
            "required": false
        },
        {
            "id": "cobblemonraiddens:hoopa_terawater",
            "required": false
        }
    ]
}