{
    "replace": false,
    "values": [
        {
            "id": "cobblemonraiddens:hoothoot_stellar",
            "required": false
        },
        {
            "id": "cobblemonraiddens:hoothoot_terabug",
            "required": false
        },
        {
            "id": "cobblemonraiddens:hoothoot_teradark",
            "required": false
        },
        {
            "id": "cobblemonraiddens:hoothoot_teradragon",
            "required": false
        },
        {
            "id": "cobblemonraiddens:hoothoot_teraelectric",
            "required": false
        },
        {
            "id": "cobblemonraiddens:hoothoot_terafairy",
            "required": false
        },
        {
            "id": "cobblemonraiddens:hoothoot_terafighting",
            "required": false
        },
        {
            "id": "cobblemonraiddens:hoothoot_terafire",
            "required": false
        },
        {
            "id": "cobblemonraiddens:hoothoot_teraflying",
            "required": false
        },
        {
            "id": "cobblemonraiddens:hoothoot_teraghost",
            "required": false
        },
        {
            "id": "cobblemonraiddens:hoothoot_teragrass",
            "required": false
        },
        {
            "id": "cobblemonraiddens:hoothoot_teraground",
            "required": false
        },
        {
            "id": "cobblemonraiddens:hoothoot_teraice",
            "required": false
        },
        {
            "id": "cobblemonraiddens:hoothoot_teranormal",
            "required": false
        },
        {
            "id": "cobblemonraiddens:hoothoot_terapoison",
            "required": false
        },
        {
            "id": "cobblemonraiddens:hoothoot_terapsychic",
            "required": false
        },
        {
            "id": "cobblemonraiddens:hoothoot_terarock",
            "required": false
        },
        {
            "id": "cobblemonraiddens:hoothoot_terasteel",
            "required": false
        },
        {
            "id": "cobblemonraiddens:hoothoot_terawater",
            "required": false
        }
    ]
}