{
    "replace": false,
    "values": [
        {
            "id": "cobblemonraiddens:hoppip_stellar",
            "required": false
        },
        {
            "id": "cobblemonraiddens:hoppip_terabug",
            "required": false
        },
        {
            "id": "cobblemonraiddens:hoppip_teradark",
            "required": false
        },
        {
            "id": "cobblemonraiddens:hoppip_teradragon",
            "required": false
        },
        {
            "id": "cobblemonraiddens:hoppip_teraelectric",
            "required": false
        },
        {
            "id": "cobblemonraiddens:hoppip_terafairy",
            "required": false
        },
        {
            "id": "cobblemonraiddens:hoppip_terafighting",
            "required": false
        },
        {
            "id": "cobblemonraiddens:hoppip_terafire",
            "required": false
        },
        {
            "id": "cobblemonraiddens:hoppip_teraflying",
            "required": false
        },
        {
            "id": "cobblemonraiddens:hoppip_teraghost",
            "required": false
        },
        {
            "id": "cobblemonraiddens:hoppip_teragrass",
            "required": false
        },
        {
            "id": "cobblemonraiddens:hoppip_teraground",
            "required": false
        },
        {
            "id": "cobblemonraiddens:hoppip_teraice",
            "required": false
        },
        {
            "id": "cobblemonraiddens:hoppip_teranormal",
            "required": false
        },
        {
            "id": "cobblemonraiddens:hoppip_terapoison",
            "required": false
        },
        {
            "id": "cobblemonraiddens:hoppip_terapsychic",
            "required": false
        },
        {
            "id": "cobblemonraiddens:hoppip_terarock",
            "required": false
        },
        {
            "id": "cobblemonraiddens:hoppip_terasteel",
            "required": false
        },
        {
            "id": "cobblemonraiddens:hoppip_terawater",
            "required": false
        }
    ]
}