{
    "replace": false,
    "values": [
        {
            "id": "cobblemonraiddens:horsea_stellar",
            "required": false
        },
        {
            "id": "cobblemonraiddens:horsea_terabug",
            "required": false
        },
        {
            "id": "cobblemonraiddens:horsea_teradark",
            "required": false
        },
        {
            "id": "cobblemonraiddens:horsea_teradragon",
            "required": false
        },
        {
            "id": "cobblemonraiddens:horsea_teraelectric",
            "required": false
        },
        {
            "id": "cobblemonraiddens:horsea_terafairy",
            "required": false
        },
        {
            "id": "cobblemonraiddens:horsea_terafighting",
            "required": false
        },
        {
            "id": "cobblemonraiddens:horsea_terafire",
            "required": false
        },
        {
            "id": "cobblemonraiddens:horsea_teraflying",
            "required": false
        },
        {
            "id": "cobblemonraiddens:horsea_teraghost",
            "required": false
        },
        {
            "id": "cobblemonraiddens:horsea_teragrass",
            "required": false
        },
        {
            "id": "cobblemonraiddens:horsea_teraground",
            "required": false
        },
        {
            "id": "cobblemonraiddens:horsea_teraice",
            "required": false
        },
        {
            "id": "cobblemonraiddens:horsea_teranormal",
            "required": false
        },
        {
            "id": "cobblemonraiddens:horsea_terapoison",
            "required": false
        },
        {
            "id": "cobblemonraiddens:horsea_terapsychic",
            "required": false
        },
        {
            "id": "cobblemonraiddens:horsea_terarock",
            "required": false
        },
        {
            "id": "cobblemonraiddens:horsea_terasteel",
            "required": false
        },
        {
            "id": "cobblemonraiddens:horsea_terawater",
            "required": false
        }
    ]
}