{
    "replace": false,
    "values": [
        {
            "id": "cobblemonraiddens:houndstone_stellar",
            "required": false
        },
        {
            "id": "cobblemonraiddens:houndstone_terabug",
            "required": false
        },
        {
            "id": "cobblemonraiddens:houndstone_teradark",
            "required": false
        },
        {
            "id": "cobblemonraiddens:houndstone_teradragon",
            "required": false
        },
        {
            "id": "cobblemonraiddens:houndstone_teraelectric",
            "required": false
        },
        {
            "id": "cobblemonraiddens:houndstone_terafairy",
            "required": false
        },
        {
            "id": "cobblemonraiddens:houndstone_terafighting",
            "required": false
        },
        {
            "id": "cobblemonraiddens:houndstone_terafire",
            "required": false
        },
        {
            "id": "cobblemonraiddens:houndstone_teraflying",
            "required": false
        },
        {
            "id": "cobblemonraiddens:houndstone_teraghost",
            "required": false
        },
        {
            "id": "cobblemonraiddens:houndstone_teragrass",
            "required": false
        },
        {
            "id": "cobblemonraiddens:houndstone_teraground",
            "required": false
        },
        {
            "id": "cobblemonraiddens:houndstone_teraice",
            "required": false
        },
        {
            "id": "cobblemonraiddens:houndstone_teranormal",
            "required": false
        },
        {
            "id": "cobblemonraiddens:houndstone_terapoison",
            "required": false
        },
        {
            "id": "cobblemonraiddens:houndstone_terapsychic",
            "required": false
        },
        {
            "id": "cobblemonraiddens:houndstone_terarock",
            "required": false
        },
        {
            "id": "cobblemonraiddens:houndstone_terasteel",
            "required": false
        },
        {
            "id": "cobblemonraiddens:houndstone_terawater",
            "required": false
        }
    ]
}