{
    "replace": false,
    "values": [
        {
            "id": "cobblemonraiddens:houndour_stellar",
            "required": false
        },
        {
            "id": "cobblemonraiddens:houndour_terabug",
            "required": false
        },
        {
            "id": "cobblemonraiddens:houndour_teradark",
            "required": false
        },
        {
            "id": "cobblemonraiddens:houndour_teradragon",
            "required": false
        },
        {
            "id": "cobblemonraiddens:houndour_teraelectric",
            "required": false
        },
        {
            "id": "cobblemonraiddens:houndour_terafairy",
            "required": false
        },
        {
            "id": "cobblemonraiddens:houndour_terafighting",
            "required": false
        },
        {
            "id": "cobblemonraiddens:houndour_terafire",
            "required": false
        },
        {
            "id": "cobblemonraiddens:houndour_teraflying",
            "required": false
        },
        {
            "id": "cobblemonraiddens:houndour_teraghost",
            "required": false
        },
        {
            "id": "cobblemonraiddens:houndour_teragrass",
            "required": false
        },
        {
            "id": "cobblemonraiddens:houndour_teraground",
            "required": false
        },
        {
            "id": "cobblemonraiddens:houndour_teraice",
            "required": false
        },
        {
            "id": "cobblemonraiddens:houndour_teranormal",
            "required": false
        },
        {
            "id": "cobblemonraiddens:houndour_terapoison",
            "required": false
        },
        {
            "id": "cobblemonraiddens:houndour_terapsychic",
            "required": false
        },
        {
            "id": "cobblemonraiddens:houndour_terarock",
            "required": false
        },
        {
            "id": "cobblemonraiddens:houndour_terasteel",
            "required": false
        },
        {
            "id": "cobblemonraiddens:houndour_terawater",
            "required": false
        }
    ]
}