{
    "replace": false,
    "values": [
        {
            "id": "cobblemonraiddens:houndoom_stellar",
            "required": false
        },
        {
            "id": "cobblemonraiddens:houndoom_terabug",
            "required": false
        },
        {
            "id": "cobblemonraiddens:houndoom_teradark",
            "required": false
        },
        {
            "id": "cobblemonraiddens:houndoom_teradragon",
            "required": false
        },
        {
            "id": "cobblemonraiddens:houndoom_teraelectric",
            "required": false
        },
        {
            "id": "cobblemonraiddens:houndoom_terafairy",
            "required": false
        },
        {
            "id": "cobblemonraiddens:houndoom_terafighting",
            "required": false
        },
        {
            "id": "cobblemonraiddens:houndoom_terafire",
            "required": false
        },
        {
            "id": "cobblemonraiddens:houndoom_teraflying",
            "required": false
        },
        {
            "id": "cobblemonraiddens:houndoom_teraghost",
            "required": false
        },
        {
            "id": "cobblemonraiddens:houndoom_teragrass",
            "required": false
        },
        {
            "id": "cobblemonraiddens:houndoom_teraground",
            "required": false
        },
        {
            "id": "cobblemonraiddens:houndoom_teraice",
            "required": false
        },
        {
            "id": "cobblemonraiddens:houndoom_teranormal",
            "required": false
        },
        {
            "id": "cobblemonraiddens:houndoom_terapoison",
            "required": false
        },
        {
            "id": "cobblemonraiddens:houndoom_terapsychic",
            "required": false
        },
        {
            "id": "cobblemonraiddens:houndoom_terarock",
            "required": false
        },
        {
            "id": "cobblemonraiddens:houndoom_terasteel",
            "required": false
        },
        {
            "id": "cobblemonraiddens:houndoom_terawater",
            "required": false
        }
    ]
}