{
    "replace": false,
    "values": [
        {
            "id": "cobblemonraiddens:huntail_stellar",
            "required": false
        },
        {
            "id": "cobblemonraiddens:huntail_terabug",
            "required": false
        },
        {
            "id": "cobblemonraiddens:huntail_teradark",
            "required": false
        },
        {
            "id": "cobblemonraiddens:huntail_teradragon",
            "required": false
        },
        {
            "id": "cobblemonraiddens:huntail_teraelectric",
            "required": false
        },
        {
            "id": "cobblemonraiddens:huntail_terafairy",
            "required": false
        },
        {
            "id": "cobblemonraiddens:huntail_terafighting",
            "required": false
        },
        {
            "id": "cobblemonraiddens:huntail_terafire",
            "required": false
        },
        {
            "id": "cobblemonraiddens:huntail_teraflying",
            "required": false
        },
        {
            "id": "cobblemonraiddens:huntail_teraghost",
            "required": false
        },
        {
            "id": "cobblemonraiddens:huntail_teragrass",
            "required": false
        },
        {
            "id": "cobblemonraiddens:huntail_teraground",
            "required": false
        },
        {
            "id": "cobblemonraiddens:huntail_teraice",
            "required": false
        },
        {
            "id": "cobblemonraiddens:huntail_teranormal",
            "required": false
        },
        {
            "id": "cobblemonraiddens:huntail_terapoison",
            "required": false
        },
        {
            "id": "cobblemonraiddens:huntail_terapsychic",
            "required": false
        },
        {
            "id": "cobblemonraiddens:huntail_terarock",
            "required": false
        },
        {
            "id": "cobblemonraiddens:huntail_terasteel",
            "required": false
        },
        {
            "id": "cobblemonraiddens:huntail_terawater",
            "required": false
        }
    ]
}