{
    "replace": false,
    "values": [
        {
            "id": "cobblemonraiddens:hydreigon_stellar",
            "required": false
        },
        {
            "id": "cobblemonraiddens:hydreigon_terabug",
            "required": false
        },
        {
            "id": "cobblemonraiddens:hydreigon_teradark",
            "required": false
        },
        {
            "id": "cobblemonraiddens:hydreigon_teradragon",
            "required": false
        },
        {
            "id": "cobblemonraiddens:hydreigon_teraelectric",
            "required": false
        },
        {
            "id": "cobblemonraiddens:hydreigon_terafairy",
            "required": false
        },
        {
            "id": "cobblemonraiddens:hydreigon_terafighting",
            "required": false
        },
        {
            "id": "cobblemonraiddens:hydreigon_terafire",
            "required": false
        },
        {
            "id": "cobblemonraiddens:hydreigon_teraflying",
            "required": false
        },
        {
            "id": "cobblemonraiddens:hydreigon_teraghost",
            "required": false
        },
        {
            "id": "cobblemonraiddens:hydreigon_teragrass",
            "required": false
        },
        {
            "id": "cobblemonraiddens:hydreigon_teraground",
            "required": false
        },
        {
            "id": "cobblemonraiddens:hydreigon_teraice",
            "required": false
        },
        {
            "id": "cobblemonraiddens:hydreigon_teranormal",
            "required": false
        },
        {
            "id": "cobblemonraiddens:hydreigon_terapoison",
            "required": false
        },
        {
            "id": "cobblemonraiddens:hydreigon_terapsychic",
            "required": false
        },
        {
            "id": "cobblemonraiddens:hydreigon_terarock",
            "required": false
        },
        {
            "id": "cobblemonraiddens:hydreigon_terasteel",
            "required": false
        },
        {
            "id": "cobblemonraiddens:hydreigon_terawater",
            "required": false
        }
    ]
}