{
    "replace": false,
    "values": [
        {
            "id": "cobblemonraiddens:hydrapple_stellar",
            "required": false
        },
        {
            "id": "cobblemonraiddens:hydrapple_terabug",
            "required": false
        },
        {
            "id": "cobblemonraiddens:hydrapple_teradark",
            "required": false
        },
        {
            "id": "cobblemonraiddens:hydrapple_teradragon",
            "required": false
        },
        {
            "id": "cobblemonraiddens:hydrapple_teraelectric",
            "required": false
        },
        {
            "id": "cobblemonraiddens:hydrapple_terafairy",
            "required": false
        },
        {
            "id": "cobblemonraiddens:hydrapple_terafighting",
            "required": false
        },
        {
            "id": "cobblemonraiddens:hydrapple_terafire",
            "required": false
        },
        {
            "id": "cobblemonraiddens:hydrapple_teraflying",
            "required": false
        },
        {
            "id": "cobblemonraiddens:hydrapple_teraghost",
            "required": false
        },
        {
            "id": "cobblemonraiddens:hydrapple_teragrass",
            "required": false
        },
        {
            "id": "cobblemonraiddens:hydrapple_teraground",
            "required": false
        },
        {
            "id": "cobblemonraiddens:hydrapple_teraice",
            "required": false
        },
        {
            "id": "cobblemonraiddens:hydrapple_teranormal",
            "required": false
        },
        {
            "id": "cobblemonraiddens:hydrapple_terapoison",
            "required": false
        },
        {
            "id": "cobblemonraiddens:hydrapple_terapsychic",
            "required": false
        },
        {
            "id": "cobblemonraiddens:hydrapple_terarock",
            "required": false
        },
        {
            "id": "cobblemonraiddens:hydrapple_terasteel",
            "required": false
        },
        {
            "id": "cobblemonraiddens:hydrapple_terawater",
            "required": false
        }
    ]
}