{
    "replace": false,
    "values": [
        {
            "id": "cobblemonraiddens:hypno_stellar",
            "required": false
        },
        {
            "id": "cobblemonraiddens:hypno_terabug",
            "required": false
        },
        {
            "id": "cobblemonraiddens:hypno_teradark",
            "required": false
        },
        {
            "id": "cobblemonraiddens:hypno_teradragon",
            "required": false
        },
        {
            "id": "cobblemonraiddens:hypno_teraelectric",
            "required": false
        },
        {
            "id": "cobblemonraiddens:hypno_terafairy",
            "required": false
        },
        {
            "id": "cobblemonraiddens:hypno_terafighting",
            "required": false
        },
        {
            "id": "cobblemonraiddens:hypno_terafire",
            "required": false
        },
        {
            "id": "cobblemonraiddens:hypno_teraflying",
            "required": false
        },
        {
            "id": "cobblemonraiddens:hypno_teraghost",
            "required": false
        },
        {
            "id": "cobblemonraiddens:hypno_teragrass",
            "required": false
        },
        {
            "id": "cobblemonraiddens:hypno_teraground",
            "required": false
        },
        {
            "id": "cobblemonraiddens:hypno_teraice",
            "required": false
        },
        {
            "id": "cobblemonraiddens:hypno_teranormal",
            "required": false
        },
        {
            "id": "cobblemonraiddens:hypno_terapoison",
            "required": false
        },
        {
            "id": "cobblemonraiddens:hypno_terapsychic",
            "required": false
        },
        {
            "id": "cobblemonraiddens:hypno_terarock",
            "required": false
        },
        {
            "id": "cobblemonraiddens:hypno_terasteel",
            "required": false
        },
        {
            "id": "cobblemonraiddens:hypno_terawater",
            "required": false
        }
    ]
}