{
    "replace": false,
    "values": [
        {
            "id": "cobblemonraiddens:igglybuff_stellar",
            "required": false
        },
        {
            "id": "cobblemonraiddens:igglybuff_terabug",
            "required": false
        },
        {
            "id": "cobblemonraiddens:igglybuff_teradark",
            "required": false
        },
        {
            "id": "cobblemonraiddens:igglybuff_teradragon",
            "required": false
        },
        {
            "id": "cobblemonraiddens:igglybuff_teraelectric",
            "required": false
        },
        {
            "id": "cobblemonraiddens:igglybuff_terafairy",
            "required": false
        },
        {
            "id": "cobblemonraiddens:igglybuff_terafighting",
            "required": false
        },
        {
            "id": "cobblemonraiddens:igglybuff_terafire",
            "required": false
        },
        {
            "id": "cobblemonraiddens:igglybuff_teraflying",
            "required": false
        },
        {
            "id": "cobblemonraiddens:igglybuff_teraghost",
            "required": false
        },
        {
            "id": "cobblemonraiddens:igglybuff_teragrass",
            "required": false
        },
        {
            "id": "cobblemonraiddens:igglybuff_teraground",
            "required": false
        },
        {
            "id": "cobblemonraiddens:igglybuff_teraice",
            "required": false
        },
        {
            "id": "cobblemonraiddens:igglybuff_teranormal",
            "required": false
        },
        {
            "id": "cobblemonraiddens:igglybuff_terapoison",
            "required": false
        },
        {
            "id": "cobblemonraiddens:igglybuff_terapsychic",
            "required": false
        },
        {
            "id": "cobblemonraiddens:igglybuff_terarock",
            "required": false
        },
        {
            "id": "cobblemonraiddens:igglybuff_terasteel",
            "required": false
        },
        {
            "id": "cobblemonraiddens:igglybuff_terawater",
            "required": false
        }
    ]
}