{
    "replace": false,
    "values": [
        {
            "id": "cobblemonraiddens:illumise_stellar",
            "required": false
        },
        {
            "id": "cobblemonraiddens:illumise_terabug",
            "required": false
        },
        {
            "id": "cobblemonraiddens:illumise_teradark",
            "required": false
        },
        {
            "id": "cobblemonraiddens:illumise_teradragon",
            "required": false
        },
        {
            "id": "cobblemonraiddens:illumise_teraelectric",
            "required": false
        },
        {
            "id": "cobblemonraiddens:illumise_terafairy",
            "required": false
        },
        {
            "id": "cobblemonraiddens:illumise_terafighting",
            "required": false
        },
        {
            "id": "cobblemonraiddens:illumise_terafire",
            "required": false
        },
        {
            "id": "cobblemonraiddens:illumise_teraflying",
            "required": false
        },
        {
            "id": "cobblemonraiddens:illumise_teraghost",
            "required": false
        },
        {
            "id": "cobblemonraiddens:illumise_teragrass",
            "required": false
        },
        {
            "id": "cobblemonraiddens:illumise_teraground",
            "required": false
        },
        {
            "id": "cobblemonraiddens:illumise_teraice",
            "required": false
        },
        {
            "id": "cobblemonraiddens:illumise_teranormal",
            "required": false
        },
        {
            "id": "cobblemonraiddens:illumise_terapoison",
            "required": false
        },
        {
            "id": "cobblemonraiddens:illumise_terapsychic",
            "required": false
        },
        {
            "id": "cobblemonraiddens:illumise_terarock",
            "required": false
        },
        {
            "id": "cobblemonraiddens:illumise_terasteel",
            "required": false
        },
        {
            "id": "cobblemonraiddens:illumise_terawater",
            "required": false
        }
    ]
}