{
    "replace": false,
    "values": [
        {
            "id": "cobblemonraiddens:impidimp_stellar",
            "required": false
        },
        {
            "id": "cobblemonraiddens:impidimp_terabug",
            "required": false
        },
        {
            "id": "cobblemonraiddens:impidimp_teradark",
            "required": false
        },
        {
            "id": "cobblemonraiddens:impidimp_teradragon",
            "required": false
        },
        {
            "id": "cobblemonraiddens:impidimp_teraelectric",
            "required": false
        },
        {
            "id": "cobblemonraiddens:impidimp_terafairy",
            "required": false
        },
        {
            "id": "cobblemonraiddens:impidimp_terafighting",
            "required": false
        },
        {
            "id": "cobblemonraiddens:impidimp_terafire",
            "required": false
        },
        {
            "id": "cobblemonraiddens:impidimp_teraflying",
            "required": false
        },
        {
            "id": "cobblemonraiddens:impidimp_teraghost",
            "required": false
        },
        {
            "id": "cobblemonraiddens:impidimp_teragrass",
            "required": false
        },
        {
            "id": "cobblemonraiddens:impidimp_teraground",
            "required": false
        },
        {
            "id": "cobblemonraiddens:impidimp_teraice",
            "required": false
        },
        {
            "id": "cobblemonraiddens:impidimp_teranormal",
            "required": false
        },
        {
            "id": "cobblemonraiddens:impidimp_terapoison",
            "required": false
        },
        {
            "id": "cobblemonraiddens:impidimp_terapsychic",
            "required": false
        },
        {
            "id": "cobblemonraiddens:impidimp_terarock",
            "required": false
        },
        {
            "id": "cobblemonraiddens:impidimp_terasteel",
            "required": false
        },
        {
            "id": "cobblemonraiddens:impidimp_terawater",
            "required": false
        }
    ]
}