{
    "replace": false,
    "values": [
        {
            "id": "cobblemonraiddens:incineroar_stellar",
            "required": false
        },
        {
            "id": "cobblemonraiddens:incineroar_terabug",
            "required": false
        },
        {
            "id": "cobblemonraiddens:incineroar_teradark",
            "required": false
        },
        {
            "id": "cobblemonraiddens:incineroar_teradragon",
            "required": false
        },
        {
            "id": "cobblemonraiddens:incineroar_teraelectric",
            "required": false
        },
        {
            "id": "cobblemonraiddens:incineroar_terafairy",
            "required": false
        },
        {
            "id": "cobblemonraiddens:incineroar_terafighting",
            "required": false
        },
        {
            "id": "cobblemonraiddens:incineroar_terafire",
            "required": false
        },
        {
            "id": "cobblemonraiddens:incineroar_teraflying",
            "required": false
        },
        {
            "id": "cobblemonraiddens:incineroar_teraghost",
            "required": false
        },
        {
            "id": "cobblemonraiddens:incineroar_teragrass",
            "required": false
        },
        {
            "id": "cobblemonraiddens:incineroar_teraground",
            "required": false
        },
        {
            "id": "cobblemonraiddens:incineroar_teraice",
            "required": false
        },
        {
            "id": "cobblemonraiddens:incineroar_teranormal",
            "required": false
        },
        {
            "id": "cobblemonraiddens:incineroar_terapoison",
            "required": false
        },
        {
            "id": "cobblemonraiddens:incineroar_terapsychic",
            "required": false
        },
        {
            "id": "cobblemonraiddens:incineroar_terarock",
            "required": false
        },
        {
            "id": "cobblemonraiddens:incineroar_terasteel",
            "required": false
        },
        {
            "id": "cobblemonraiddens:incineroar_terawater",
            "required": false
        }
    ]
}