{
    "replace": false,
    "values": [
        {
            "id": "cobblemonraiddens:infernape_stellar",
            "required": false
        },
        {
            "id": "cobblemonraiddens:infernape_terabug",
            "required": false
        },
        {
            "id": "cobblemonraiddens:infernape_teradark",
            "required": false
        },
        {
            "id": "cobblemonraiddens:infernape_teradragon",
            "required": false
        },
        {
            "id": "cobblemonraiddens:infernape_teraelectric",
            "required": false
        },
        {
            "id": "cobblemonraiddens:infernape_terafairy",
            "required": false
        },
        {
            "id": "cobblemonraiddens:infernape_terafighting",
            "required": false
        },
        {
            "id": "cobblemonraiddens:infernape_terafire",
            "required": false
        },
        {
            "id": "cobblemonraiddens:infernape_teraflying",
            "required": false
        },
        {
            "id": "cobblemonraiddens:infernape_teraghost",
            "required": false
        },
        {
            "id": "cobblemonraiddens:infernape_teragrass",
            "required": false
        },
        {
            "id": "cobblemonraiddens:infernape_teraground",
            "required": false
        },
        {
            "id": "cobblemonraiddens:infernape_teraice",
            "required": false
        },
        {
            "id": "cobblemonraiddens:infernape_teranormal",
            "required": false
        },
        {
            "id": "cobblemonraiddens:infernape_terapoison",
            "required": false
        },
        {
            "id": "cobblemonraiddens:infernape_terapsychic",
            "required": false
        },
        {
            "id": "cobblemonraiddens:infernape_terarock",
            "required": false
        },
        {
            "id": "cobblemonraiddens:infernape_terasteel",
            "required": false
        },
        {
            "id": "cobblemonraiddens:infernape_terawater",
            "required": false
        }
    ]
}