{
    "replace": false,
    "values": [
        {
            "id": "cobblemonraiddens:inkay_stellar",
            "required": false
        },
        {
            "id": "cobblemonraiddens:inkay_terabug",
            "required": false
        },
        {
            "id": "cobblemonraiddens:inkay_teradark",
            "required": false
        },
        {
            "id": "cobblemonraiddens:inkay_teradragon",
            "required": false
        },
        {
            "id": "cobblemonraiddens:inkay_teraelectric",
            "required": false
        },
        {
            "id": "cobblemonraiddens:inkay_terafairy",
            "required": false
        },
        {
            "id": "cobblemonraiddens:inkay_terafighting",
            "required": false
        },
        {
            "id": "cobblemonraiddens:inkay_terafire",
            "required": false
        },
        {
            "id": "cobblemonraiddens:inkay_teraflying",
            "required": false
        },
        {
            "id": "cobblemonraiddens:inkay_teraghost",
            "required": false
        },
        {
            "id": "cobblemonraiddens:inkay_teragrass",
            "required": false
        },
        {
            "id": "cobblemonraiddens:inkay_teraground",
            "required": false
        },
        {
            "id": "cobblemonraiddens:inkay_teraice",
            "required": false
        },
        {
            "id": "cobblemonraiddens:inkay_teranormal",
            "required": false
        },
        {
            "id": "cobblemonraiddens:inkay_terapoison",
            "required": false
        },
        {
            "id": "cobblemonraiddens:inkay_terapsychic",
            "required": false
        },
        {
            "id": "cobblemonraiddens:inkay_terarock",
            "required": false
        },
        {
            "id": "cobblemonraiddens:inkay_terasteel",
            "required": false
        },
        {
            "id": "cobblemonraiddens:inkay_terawater",
            "required": false
        }
    ]
}