{
    "replace": false,
    "values": [
        {
            "id": "cobblemonraiddens:inteleon_stellar",
            "required": false
        },
        {
            "id": "cobblemonraiddens:inteleon_terabug",
            "required": false
        },
        {
            "id": "cobblemonraiddens:inteleon_teradark",
            "required": false
        },
        {
            "id": "cobblemonraiddens:inteleon_teradragon",
            "required": false
        },
        {
            "id": "cobblemonraiddens:inteleon_teraelectric",
            "required": false
        },
        {
            "id": "cobblemonraiddens:inteleon_terafairy",
            "required": false
        },
        {
            "id": "cobblemonraiddens:inteleon_terafighting",
            "required": false
        },
        {
            "id": "cobblemonraiddens:inteleon_terafire",
            "required": false
        },
        {
            "id": "cobblemonraiddens:inteleon_teraflying",
            "required": false
        },
        {
            "id": "cobblemonraiddens:inteleon_teraghost",
            "required": false
        },
        {
            "id": "cobblemonraiddens:inteleon_teragrass",
            "required": false
        },
        {
            "id": "cobblemonraiddens:inteleon_teraground",
            "required": false
        },
        {
            "id": "cobblemonraiddens:inteleon_teraice",
            "required": false
        },
        {
            "id": "cobblemonraiddens:inteleon_teranormal",
            "required": false
        },
        {
            "id": "cobblemonraiddens:inteleon_terapoison",
            "required": false
        },
        {
            "id": "cobblemonraiddens:inteleon_terapsychic",
            "required": false
        },
        {
            "id": "cobblemonraiddens:inteleon_terarock",
            "required": false
        },
        {
            "id": "cobblemonraiddens:inteleon_terasteel",
            "required": false
        },
        {
            "id": "cobblemonraiddens:inteleon_terawater",
            "required": false
        }
    ]
}