{
    "replace": false,
    "values": [
        {
            "id": "cobblemonraiddens:ironhands_stellar",
            "required": false
        },
        {
            "id": "cobblemonraiddens:ironhands_terabug",
            "required": false
        },
        {
            "id": "cobblemonraiddens:ironhands_teradark",
            "required": false
        },
        {
            "id": "cobblemonraiddens:ironhands_teradragon",
            "required": false
        },
        {
            "id": "cobblemonraiddens:ironhands_teraelectric",
            "required": false
        },
        {
            "id": "cobblemonraiddens:ironhands_terafairy",
            "required": false
        },
        {
            "id": "cobblemonraiddens:ironhands_terafighting",
            "required": false
        },
        {
            "id": "cobblemonraiddens:ironhands_terafire",
            "required": false
        },
        {
            "id": "cobblemonraiddens:ironhands_teraflying",
            "required": false
        },
        {
            "id": "cobblemonraiddens:ironhands_teraghost",
            "required": false
        },
        {
            "id": "cobblemonraiddens:ironhands_teragrass",
            "required": false
        },
        {
            "id": "cobblemonraiddens:ironhands_teraground",
            "required": false
        },
        {
            "id": "cobblemonraiddens:ironhands_teraice",
            "required": false
        },
        {
            "id": "cobblemonraiddens:ironhands_teranormal",
            "required": false
        },
        {
            "id": "cobblemonraiddens:ironhands_terapoison",
            "required": false
        },
        {
            "id": "cobblemonraiddens:ironhands_terapsychic",
            "required": false
        },
        {
            "id": "cobblemonraiddens:ironhands_terarock",
            "required": false
        },
        {
            "id": "cobblemonraiddens:ironhands_terasteel",
            "required": false
        },
        {
            "id": "cobblemonraiddens:ironhands_terawater",
            "required": false
        }
    ]
}