{
    "replace": false,
    "values": [
        {
            "id": "cobblemonraiddens:ironjugulis_stellar",
            "required": false
        },
        {
            "id": "cobblemonraiddens:ironjugulis_terabug",
            "required": false
        },
        {
            "id": "cobblemonraiddens:ironjugulis_teradark",
            "required": false
        },
        {
            "id": "cobblemonraiddens:ironjugulis_teradragon",
            "required": false
        },
        {
            "id": "cobblemonraiddens:ironjugulis_teraelectric",
            "required": false
        },
        {
            "id": "cobblemonraiddens:ironjugulis_terafairy",
            "required": false
        },
        {
            "id": "cobblemonraiddens:ironjugulis_terafighting",
            "required": false
        },
        {
            "id": "cobblemonraiddens:ironjugulis_terafire",
            "required": false
        },
        {
            "id": "cobblemonraiddens:ironjugulis_teraflying",
            "required": false
        },
        {
            "id": "cobblemonraiddens:ironjugulis_teraghost",
            "required": false
        },
        {
            "id": "cobblemonraiddens:ironjugulis_teragrass",
            "required": false
        },
        {
            "id": "cobblemonraiddens:ironjugulis_teraground",
            "required": false
        },
        {
            "id": "cobblemonraiddens:ironjugulis_teraice",
            "required": false
        },
        {
            "id": "cobblemonraiddens:ironjugulis_teranormal",
            "required": false
        },
        {
            "id": "cobblemonraiddens:ironjugulis_terapoison",
            "required": false
        },
        {
            "id": "cobblemonraiddens:ironjugulis_terapsychic",
            "required": false
        },
        {
            "id": "cobblemonraiddens:ironjugulis_terarock",
            "required": false
        },
        {
            "id": "cobblemonraiddens:ironjugulis_terasteel",
            "required": false
        },
        {
            "id": "cobblemonraiddens:ironjugulis_terawater",
            "required": false
        }
    ]
}