{
    "replace": false,
    "values": [
        {
            "id": "cobblemonraiddens:ironleaves_stellar",
            "required": false
        },
        {
            "id": "cobblemonraiddens:ironleaves_terabug",
            "required": false
        },
        {
            "id": "cobblemonraiddens:ironleaves_teradark",
            "required": false
        },
        {
            "id": "cobblemonraiddens:ironleaves_teradragon",
            "required": false
        },
        {
            "id": "cobblemonraiddens:ironleaves_teraelectric",
            "required": false
        },
        {
            "id": "cobblemonraiddens:ironleaves_terafairy",
            "required": false
        },
        {
            "id": "cobblemonraiddens:ironleaves_terafighting",
            "required": false
        },
        {
            "id": "cobblemonraiddens:ironleaves_terafire",
            "required": false
        },
        {
            "id": "cobblemonraiddens:ironleaves_teraflying",
            "required": false
        },
        {
            "id": "cobblemonraiddens:ironleaves_teraghost",
            "required": false
        },
        {
            "id": "cobblemonraiddens:ironleaves_teragrass",
            "required": false
        },
        {
            "id": "cobblemonraiddens:ironleaves_teraground",
            "required": false
        },
        {
            "id": "cobblemonraiddens:ironleaves_teraice",
            "required": false
        },
        {
            "id": "cobblemonraiddens:ironleaves_teranormal",
            "required": false
        },
        {
            "id": "cobblemonraiddens:ironleaves_terapoison",
            "required": false
        },
        {
            "id": "cobblemonraiddens:ironleaves_terapsychic",
            "required": false
        },
        {
            "id": "cobblemonraiddens:ironleaves_terarock",
            "required": false
        },
        {
            "id": "cobblemonraiddens:ironleaves_terasteel",
            "required": false
        },
        {
            "id": "cobblemonraiddens:ironleaves_terawater",
            "required": false
        }
    ]
}