{
    "replace": false,
    "values": [
        {
            "id": "cobblemonraiddens:ironcrown_stellar",
            "required": false
        },
        {
            "id": "cobblemonraiddens:ironcrown_terabug",
            "required": false
        },
        {
            "id": "cobblemonraiddens:ironcrown_teradark",
            "required": false
        },
        {
            "id": "cobblemonraiddens:ironcrown_teradragon",
            "required": false
        },
        {
            "id": "cobblemonraiddens:ironcrown_teraelectric",
            "required": false
        },
        {
            "id": "cobblemonraiddens:ironcrown_terafairy",
            "required": false
        },
        {
            "id": "cobblemonraiddens:ironcrown_terafighting",
            "required": false
        },
        {
            "id": "cobblemonraiddens:ironcrown_terafire",
            "required": false
        },
        {
            "id": "cobblemonraiddens:ironcrown_teraflying",
            "required": false
        },
        {
            "id": "cobblemonraiddens:ironcrown_teraghost",
            "required": false
        },
        {
            "id": "cobblemonraiddens:ironcrown_teragrass",
            "required": false
        },
        {
            "id": "cobblemonraiddens:ironcrown_teraground",
            "required": false
        },
        {
            "id": "cobblemonraiddens:ironcrown_teraice",
            "required": false
        },
        {
            "id": "cobblemonraiddens:ironcrown_teranormal",
            "required": false
        },
        {
            "id": "cobblemonraiddens:ironcrown_terapoison",
            "required": false
        },
        {
            "id": "cobblemonraiddens:ironcrown_terapsychic",
            "required": false
        },
        {
            "id": "cobblemonraiddens:ironcrown_terarock",
            "required": false
        },
        {
            "id": "cobblemonraiddens:ironcrown_terasteel",
            "required": false
        },
        {
            "id": "cobblemonraiddens:ironcrown_terawater",
            "required": false
        }
    ]
}