{
    "replace": false,
    "values": [
        {
            "id": "cobblemonraiddens:irontreads_stellar",
            "required": false
        },
        {
            "id": "cobblemonraiddens:irontreads_terabug",
            "required": false
        },
        {
            "id": "cobblemonraiddens:irontreads_teradark",
            "required": false
        },
        {
            "id": "cobblemonraiddens:irontreads_teradragon",
            "required": false
        },
        {
            "id": "cobblemonraiddens:irontreads_teraelectric",
            "required": false
        },
        {
            "id": "cobblemonraiddens:irontreads_terafairy",
            "required": false
        },
        {
            "id": "cobblemonraiddens:irontreads_terafighting",
            "required": false
        },
        {
            "id": "cobblemonraiddens:irontreads_terafire",
            "required": false
        },
        {
            "id": "cobblemonraiddens:irontreads_teraflying",
            "required": false
        },
        {
            "id": "cobblemonraiddens:irontreads_teraghost",
            "required": false
        },
        {
            "id": "cobblemonraiddens:irontreads_teragrass",
            "required": false
        },
        {
            "id": "cobblemonraiddens:irontreads_teraground",
            "required": false
        },
        {
            "id": "cobblemonraiddens:irontreads_teraice",
            "required": false
        },
        {
            "id": "cobblemonraiddens:irontreads_teranormal",
            "required": false
        },
        {
            "id": "cobblemonraiddens:irontreads_terapoison",
            "required": false
        },
        {
            "id": "cobblemonraiddens:irontreads_terapsychic",
            "required": false
        },
        {
            "id": "cobblemonraiddens:irontreads_terarock",
            "required": false
        },
        {
            "id": "cobblemonraiddens:irontreads_terasteel",
            "required": false
        },
        {
            "id": "cobblemonraiddens:irontreads_terawater",
            "required": false
        }
    ]
}