{
    "replace": false,
    "values": [
        {
            "id": "cobblemonraiddens:ironthorns_stellar",
            "required": false
        },
        {
            "id": "cobblemonraiddens:ironthorns_terabug",
            "required": false
        },
        {
            "id": "cobblemonraiddens:ironthorns_teradark",
            "required": false
        },
        {
            "id": "cobblemonraiddens:ironthorns_teradragon",
            "required": false
        },
        {
            "id": "cobblemonraiddens:ironthorns_teraelectric",
            "required": false
        },
        {
            "id": "cobblemonraiddens:ironthorns_terafairy",
            "required": false
        },
        {
            "id": "cobblemonraiddens:ironthorns_terafighting",
            "required": false
        },
        {
            "id": "cobblemonraiddens:ironthorns_terafire",
            "required": false
        },
        {
            "id": "cobblemonraiddens:ironthorns_teraflying",
            "required": false
        },
        {
            "id": "cobblemonraiddens:ironthorns_teraghost",
            "required": false
        },
        {
            "id": "cobblemonraiddens:ironthorns_teragrass",
            "required": false
        },
        {
            "id": "cobblemonraiddens:ironthorns_teraground",
            "required": false
        },
        {
            "id": "cobblemonraiddens:ironthorns_teraice",
            "required": false
        },
        {
            "id": "cobblemonraiddens:ironthorns_teranormal",
            "required": false
        },
        {
            "id": "cobblemonraiddens:ironthorns_terapoison",
            "required": false
        },
        {
            "id": "cobblemonraiddens:ironthorns_terapsychic",
            "required": false
        },
        {
            "id": "cobblemonraiddens:ironthorns_terarock",
            "required": false
        },
        {
            "id": "cobblemonraiddens:ironthorns_terasteel",
            "required": false
        },
        {
            "id": "cobblemonraiddens:ironthorns_terawater",
            "required": false
        }
    ]
}