{
    "replace": false,
    "values": [
        {
            "id": "cobblemonraiddens:ironmoth_stellar",
            "required": false
        },
        {
            "id": "cobblemonraiddens:ironmoth_terabug",
            "required": false
        },
        {
            "id": "cobblemonraiddens:ironmoth_teradark",
            "required": false
        },
        {
            "id": "cobblemonraiddens:ironmoth_teradragon",
            "required": false
        },
        {
            "id": "cobblemonraiddens:ironmoth_teraelectric",
            "required": false
        },
        {
            "id": "cobblemonraiddens:ironmoth_terafairy",
            "required": false
        },
        {
            "id": "cobblemonraiddens:ironmoth_terafighting",
            "required": false
        },
        {
            "id": "cobblemonraiddens:ironmoth_terafire",
            "required": false
        },
        {
            "id": "cobblemonraiddens:ironmoth_teraflying",
            "required": false
        },
        {
            "id": "cobblemonraiddens:ironmoth_teraghost",
            "required": false
        },
        {
            "id": "cobblemonraiddens:ironmoth_teragrass",
            "required": false
        },
        {
            "id": "cobblemonraiddens:ironmoth_teraground",
            "required": false
        },
        {
            "id": "cobblemonraiddens:ironmoth_teraice",
            "required": false
        },
        {
            "id": "cobblemonraiddens:ironmoth_teranormal",
            "required": false
        },
        {
            "id": "cobblemonraiddens:ironmoth_terapoison",
            "required": false
        },
        {
            "id": "cobblemonraiddens:ironmoth_terapsychic",
            "required": false
        },
        {
            "id": "cobblemonraiddens:ironmoth_terarock",
            "required": false
        },
        {
            "id": "cobblemonraiddens:ironmoth_terasteel",
            "required": false
        },
        {
            "id": "cobblemonraiddens:ironmoth_terawater",
            "required": false
        }
    ]
}