{
    "replace": false,
    "values": [
        {
            "id": "cobblemonraiddens:ironbundle_stellar",
            "required": false
        },
        {
            "id": "cobblemonraiddens:ironbundle_terabug",
            "required": false
        },
        {
            "id": "cobblemonraiddens:ironbundle_teradark",
            "required": false
        },
        {
            "id": "cobblemonraiddens:ironbundle_teradragon",
            "required": false
        },
        {
            "id": "cobblemonraiddens:ironbundle_teraelectric",
            "required": false
        },
        {
            "id": "cobblemonraiddens:ironbundle_terafairy",
            "required": false
        },
        {
            "id": "cobblemonraiddens:ironbundle_terafighting",
            "required": false
        },
        {
            "id": "cobblemonraiddens:ironbundle_terafire",
            "required": false
        },
        {
            "id": "cobblemonraiddens:ironbundle_teraflying",
            "required": false
        },
        {
            "id": "cobblemonraiddens:ironbundle_teraghost",
            "required": false
        },
        {
            "id": "cobblemonraiddens:ironbundle_teragrass",
            "required": false
        },
        {
            "id": "cobblemonraiddens:ironbundle_teraground",
            "required": false
        },
        {
            "id": "cobblemonraiddens:ironbundle_teraice",
            "required": false
        },
        {
            "id": "cobblemonraiddens:ironbundle_teranormal",
            "required": false
        },
        {
            "id": "cobblemonraiddens:ironbundle_terapoison",
            "required": false
        },
        {
            "id": "cobblemonraiddens:ironbundle_terapsychic",
            "required": false
        },
        {
            "id": "cobblemonraiddens:ironbundle_terarock",
            "required": false
        },
        {
            "id": "cobblemonraiddens:ironbundle_terasteel",
            "required": false
        },
        {
            "id": "cobblemonraiddens:ironbundle_terawater",
            "required": false
        }
    ]
}