{
    "replace": false,
    "values": [
        {
            "id": "cobblemonraiddens:ironboulder_stellar",
            "required": false
        },
        {
            "id": "cobblemonraiddens:ironboulder_terabug",
            "required": false
        },
        {
            "id": "cobblemonraiddens:ironboulder_teradark",
            "required": false
        },
        {
            "id": "cobblemonraiddens:ironboulder_teradragon",
            "required": false
        },
        {
            "id": "cobblemonraiddens:ironboulder_teraelectric",
            "required": false
        },
        {
            "id": "cobblemonraiddens:ironboulder_terafairy",
            "required": false
        },
        {
            "id": "cobblemonraiddens:ironboulder_terafighting",
            "required": false
        },
        {
            "id": "cobblemonraiddens:ironboulder_terafire",
            "required": false
        },
        {
            "id": "cobblemonraiddens:ironboulder_teraflying",
            "required": false
        },
        {
            "id": "cobblemonraiddens:ironboulder_teraghost",
            "required": false
        },
        {
            "id": "cobblemonraiddens:ironboulder_teragrass",
            "required": false
        },
        {
            "id": "cobblemonraiddens:ironboulder_teraground",
            "required": false
        },
        {
            "id": "cobblemonraiddens:ironboulder_teraice",
            "required": false
        },
        {
            "id": "cobblemonraiddens:ironboulder_teranormal",
            "required": false
        },
        {
            "id": "cobblemonraiddens:ironboulder_terapoison",
            "required": false
        },
        {
            "id": "cobblemonraiddens:ironboulder_terapsychic",
            "required": false
        },
        {
            "id": "cobblemonraiddens:ironboulder_terarock",
            "required": false
        },
        {
            "id": "cobblemonraiddens:ironboulder_terasteel",
            "required": false
        },
        {
            "id": "cobblemonraiddens:ironboulder_terawater",
            "required": false
        }
    ]
}