{
    "replace": false,
    "values": [
        {
            "id": "cobblemonraiddens:ironvaliant_stellar",
            "required": false
        },
        {
            "id": "cobblemonraiddens:ironvaliant_terabug",
            "required": false
        },
        {
            "id": "cobblemonraiddens:ironvaliant_teradark",
            "required": false
        },
        {
            "id": "cobblemonraiddens:ironvaliant_teradragon",
            "required": false
        },
        {
            "id": "cobblemonraiddens:ironvaliant_teraelectric",
            "required": false
        },
        {
            "id": "cobblemonraiddens:ironvaliant_terafairy",
            "required": false
        },
        {
            "id": "cobblemonraiddens:ironvaliant_terafighting",
            "required": false
        },
        {
            "id": "cobblemonraiddens:ironvaliant_terafire",
            "required": false
        },
        {
            "id": "cobblemonraiddens:ironvaliant_teraflying",
            "required": false
        },
        {
            "id": "cobblemonraiddens:ironvaliant_teraghost",
            "required": false
        },
        {
            "id": "cobblemonraiddens:ironvaliant_teragrass",
            "required": false
        },
        {
            "id": "cobblemonraiddens:ironvaliant_teraground",
            "required": false
        },
        {
            "id": "cobblemonraiddens:ironvaliant_teraice",
            "required": false
        },
        {
            "id": "cobblemonraiddens:ironvaliant_teranormal",
            "required": false
        },
        {
            "id": "cobblemonraiddens:ironvaliant_terapoison",
            "required": false
        },
        {
            "id": "cobblemonraiddens:ironvaliant_terapsychic",
            "required": false
        },
        {
            "id": "cobblemonraiddens:ironvaliant_terarock",
            "required": false
        },
        {
            "id": "cobblemonraiddens:ironvaliant_terasteel",
            "required": false
        },
        {
            "id": "cobblemonraiddens:ironvaliant_terawater",
            "required": false
        }
    ]
}