{
    "replace": false,
    "values": [
        {
            "id": "cobblemonraiddens:ivysaur_stellar",
            "required": false
        },
        {
            "id": "cobblemonraiddens:ivysaur_terabug",
            "required": false
        },
        {
            "id": "cobblemonraiddens:ivysaur_teradark",
            "required": false
        },
        {
            "id": "cobblemonraiddens:ivysaur_teradragon",
            "required": false
        },
        {
            "id": "cobblemonraiddens:ivysaur_teraelectric",
            "required": false
        },
        {
            "id": "cobblemonraiddens:ivysaur_terafairy",
            "required": false
        },
        {
            "id": "cobblemonraiddens:ivysaur_terafighting",
            "required": false
        },
        {
            "id": "cobblemonraiddens:ivysaur_terafire",
            "required": false
        },
        {
            "id": "cobblemonraiddens:ivysaur_teraflying",
            "required": false
        },
        {
            "id": "cobblemonraiddens:ivysaur_teraghost",
            "required": false
        },
        {
            "id": "cobblemonraiddens:ivysaur_teragrass",
            "required": false
        },
        {
            "id": "cobblemonraiddens:ivysaur_teraground",
            "required": false
        },
        {
            "id": "cobblemonraiddens:ivysaur_teraice",
            "required": false
        },
        {
            "id": "cobblemonraiddens:ivysaur_teranormal",
            "required": false
        },
        {
            "id": "cobblemonraiddens:ivysaur_terapoison",
            "required": false
        },
        {
            "id": "cobblemonraiddens:ivysaur_terapsychic",
            "required": false
        },
        {
            "id": "cobblemonraiddens:ivysaur_terarock",
            "required": false
        },
        {
            "id": "cobblemonraiddens:ivysaur_terasteel",
            "required": false
        },
        {
            "id": "cobblemonraiddens:ivysaur_terawater",
            "required": false
        }
    ]
}