{
    "replace": false,
    "values": [
        {
            "id": "cobblemonraiddens:jangmoo_stellar",
            "required": false
        },
        {
            "id": "cobblemonraiddens:jangmoo_terabug",
            "required": false
        },
        {
            "id": "cobblemonraiddens:jangmoo_teradark",
            "required": false
        },
        {
            "id": "cobblemonraiddens:jangmoo_teradragon",
            "required": false
        },
        {
            "id": "cobblemonraiddens:jangmoo_teraelectric",
            "required": false
        },
        {
            "id": "cobblemonraiddens:jangmoo_terafairy",
            "required": false
        },
        {
            "id": "cobblemonraiddens:jangmoo_terafighting",
            "required": false
        },
        {
            "id": "cobblemonraiddens:jangmoo_terafire",
            "required": false
        },
        {
            "id": "cobblemonraiddens:jangmoo_teraflying",
            "required": false
        },
        {
            "id": "cobblemonraiddens:jangmoo_teraghost",
            "required": false
        },
        {
            "id": "cobblemonraiddens:jangmoo_teragrass",
            "required": false
        },
        {
            "id": "cobblemonraiddens:jangmoo_teraground",
            "required": false
        },
        {
            "id": "cobblemonraiddens:jangmoo_teraice",
            "required": false
        },
        {
            "id": "cobblemonraiddens:jangmoo_teranormal",
            "required": false
        },
        {
            "id": "cobblemonraiddens:jangmoo_terapoison",
            "required": false
        },
        {
            "id": "cobblemonraiddens:jangmoo_terapsychic",
            "required": false
        },
        {
            "id": "cobblemonraiddens:jangmoo_terarock",
            "required": false
        },
        {
            "id": "cobblemonraiddens:jangmoo_terasteel",
            "required": false
        },
        {
            "id": "cobblemonraiddens:jangmoo_terawater",
            "required": false
        }
    ]
}