{
    "replace": false,
    "values": [
        {
            "id": "cobblemonraiddens:jellicent_stellar",
            "required": false
        },
        {
            "id": "cobblemonraiddens:jellicent_terabug",
            "required": false
        },
        {
            "id": "cobblemonraiddens:jellicent_teradark",
            "required": false
        },
        {
            "id": "cobblemonraiddens:jellicent_teradragon",
            "required": false
        },
        {
            "id": "cobblemonraiddens:jellicent_teraelectric",
            "required": false
        },
        {
            "id": "cobblemonraiddens:jellicent_terafairy",
            "required": false
        },
        {
            "id": "cobblemonraiddens:jellicent_terafighting",
            "required": false
        },
        {
            "id": "cobblemonraiddens:jellicent_terafire",
            "required": false
        },
        {
            "id": "cobblemonraiddens:jellicent_teraflying",
            "required": false
        },
        {
            "id": "cobblemonraiddens:jellicent_teraghost",
            "required": false
        },
        {
            "id": "cobblemonraiddens:jellicent_teragrass",
            "required": false
        },
        {
            "id": "cobblemonraiddens:jellicent_teraground",
            "required": false
        },
        {
            "id": "cobblemonraiddens:jellicent_teraice",
            "required": false
        },
        {
            "id": "cobblemonraiddens:jellicent_teranormal",
            "required": false
        },
        {
            "id": "cobblemonraiddens:jellicent_terapoison",
            "required": false
        },
        {
            "id": "cobblemonraiddens:jellicent_terapsychic",
            "required": false
        },
        {
            "id": "cobblemonraiddens:jellicent_terarock",
            "required": false
        },
        {
            "id": "cobblemonraiddens:jellicent_terasteel",
            "required": false
        },
        {
            "id": "cobblemonraiddens:jellicent_terawater",
            "required": false
        }
    ]
}