{
    "replace": false,
    "values": [
        {
            "id": "cobblemonraiddens:jigglypuff_stellar",
            "required": false
        },
        {
            "id": "cobblemonraiddens:jigglypuff_terabug",
            "required": false
        },
        {
            "id": "cobblemonraiddens:jigglypuff_teradark",
            "required": false
        },
        {
            "id": "cobblemonraiddens:jigglypuff_teradragon",
            "required": false
        },
        {
            "id": "cobblemonraiddens:jigglypuff_teraelectric",
            "required": false
        },
        {
            "id": "cobblemonraiddens:jigglypuff_terafairy",
            "required": false
        },
        {
            "id": "cobblemonraiddens:jigglypuff_terafighting",
            "required": false
        },
        {
            "id": "cobblemonraiddens:jigglypuff_terafire",
            "required": false
        },
        {
            "id": "cobblemonraiddens:jigglypuff_teraflying",
            "required": false
        },
        {
            "id": "cobblemonraiddens:jigglypuff_teraghost",
            "required": false
        },
        {
            "id": "cobblemonraiddens:jigglypuff_teragrass",
            "required": false
        },
        {
            "id": "cobblemonraiddens:jigglypuff_teraground",
            "required": false
        },
        {
            "id": "cobblemonraiddens:jigglypuff_teraice",
            "required": false
        },
        {
            "id": "cobblemonraiddens:jigglypuff_teranormal",
            "required": false
        },
        {
            "id": "cobblemonraiddens:jigglypuff_terapoison",
            "required": false
        },
        {
            "id": "cobblemonraiddens:jigglypuff_terapsychic",
            "required": false
        },
        {
            "id": "cobblemonraiddens:jigglypuff_terarock",
            "required": false
        },
        {
            "id": "cobblemonraiddens:jigglypuff_terasteel",
            "required": false
        },
        {
            "id": "cobblemonraiddens:jigglypuff_terawater",
            "required": false
        }
    ]
}