{
    "replace": false,
    "values": [
        {
            "id": "cobblemonraiddens:jirachi_stellar",
            "required": false
        },
        {
            "id": "cobblemonraiddens:jirachi_terabug",
            "required": false
        },
        {
            "id": "cobblemonraiddens:jirachi_teradark",
            "required": false
        },
        {
            "id": "cobblemonraiddens:jirachi_teradragon",
            "required": false
        },
        {
            "id": "cobblemonraiddens:jirachi_teraelectric",
            "required": false
        },
        {
            "id": "cobblemonraiddens:jirachi_terafairy",
            "required": false
        },
        {
            "id": "cobblemonraiddens:jirachi_terafighting",
            "required": false
        },
        {
            "id": "cobblemonraiddens:jirachi_terafire",
            "required": false
        },
        {
            "id": "cobblemonraiddens:jirachi_teraflying",
            "required": false
        },
        {
            "id": "cobblemonraiddens:jirachi_teraghost",
            "required": false
        },
        {
            "id": "cobblemonraiddens:jirachi_teragrass",
            "required": false
        },
        {
            "id": "cobblemonraiddens:jirachi_teraground",
            "required": false
        },
        {
            "id": "cobblemonraiddens:jirachi_teraice",
            "required": false
        },
        {
            "id": "cobblemonraiddens:jirachi_teranormal",
            "required": false
        },
        {
            "id": "cobblemonraiddens:jirachi_terapoison",
            "required": false
        },
        {
            "id": "cobblemonraiddens:jirachi_terapsychic",
            "required": false
        },
        {
            "id": "cobblemonraiddens:jirachi_terarock",
            "required": false
        },
        {
            "id": "cobblemonraiddens:jirachi_terasteel",
            "required": false
        },
        {
            "id": "cobblemonraiddens:jirachi_terawater",
            "required": false
        }
    ]
}