{
    "replace": false,
    "values": [
        {
            "id": "cobblemonraiddens:jolteon_stellar",
            "required": false
        },
        {
            "id": "cobblemonraiddens:jolteon_terabug",
            "required": false
        },
        {
            "id": "cobblemonraiddens:jolteon_teradark",
            "required": false
        },
        {
            "id": "cobblemonraiddens:jolteon_teradragon",
            "required": false
        },
        {
            "id": "cobblemonraiddens:jolteon_teraelectric",
            "required": false
        },
        {
            "id": "cobblemonraiddens:jolteon_terafairy",
            "required": false
        },
        {
            "id": "cobblemonraiddens:jolteon_terafighting",
            "required": false
        },
        {
            "id": "cobblemonraiddens:jolteon_terafire",
            "required": false
        },
        {
            "id": "cobblemonraiddens:jolteon_teraflying",
            "required": false
        },
        {
            "id": "cobblemonraiddens:jolteon_teraghost",
            "required": false
        },
        {
            "id": "cobblemonraiddens:jolteon_teragrass",
            "required": false
        },
        {
            "id": "cobblemonraiddens:jolteon_teraground",
            "required": false
        },
        {
            "id": "cobblemonraiddens:jolteon_teraice",
            "required": false
        },
        {
            "id": "cobblemonraiddens:jolteon_teranormal",
            "required": false
        },
        {
            "id": "cobblemonraiddens:jolteon_terapoison",
            "required": false
        },
        {
            "id": "cobblemonraiddens:jolteon_terapsychic",
            "required": false
        },
        {
            "id": "cobblemonraiddens:jolteon_terarock",
            "required": false
        },
        {
            "id": "cobblemonraiddens:jolteon_terasteel",
            "required": false
        },
        {
            "id": "cobblemonraiddens:jolteon_terawater",
            "required": false
        }
    ]
}