{
    "type": "minecraft:chest",
    "pools": [
        {
            "rolls": 1,
            "entries": [
                {
                    "type": "minecraft:item",
                    "name": "mega_showdown:n_lunarizer",
                    "weight": 1
                },
                {
                    "type": "minecraft:item",
                    "name": "mega_showdown:n_solarizer",
                    "weight": 1
                },
                {
                    "type": "minecraft:item",
                    "name": "minecraft:air",
                    "weight": 8
                }
            ]
        }
    ]
}