{
  "species": "cobblemon:charizard",
  "order": 5,
  "variations": [
    {
      "aspects": [
        "gmax", "shiny", "radiant-radiant"
      ],
      "texture": "cobblemon:textures/pokemon/0006_charizard/charizard_gigantamax_radiant.png",
      "layers": [
        {
          "name": "emissive",
          "emissive": true,
          "texture": "cobblemon:textures/pokemon/0006_charizard/charizard_gigantamax_emissive_radiant.png",
          "translucent": false
        },
        {
          "name": "flame",
          "texture": {
            "frames": [
              "cobblemon:textures/pokemon/0006_charizard/gmaxflames/flames_1_radiant.png",
              "cobblemon:textures/pokemon/0006_charizard/gmaxflames/flames_2_radiant.png",
              "cobblemon:textures/pokemon/0006_charizard/gmaxflames/flames_3_radiant.png",
              "cobblemon:textures/pokemon/0006_charizard/gmaxflames/flames_4_radiant.png"
            ],
            "fps": 10,
            "loop": true
          },
          "emissive": true,
          "translucent": true
        }
      ]
    }
    ]
    }