{"flint":{"daycareplus:item/info":2,"daycareplus:item/left_arrow":3,"daycareplus:item/right_arrow":4,"daycareplus:item/take_all":5},"glowstone_dust":{"moresparkles:item/shiny_charm":2},"iron_nugget":{"daycareplus:item/pokemon_egg":2,"daycareplus:item/pokemon_egg_shiny":3,"daycareplus:item/fertility_candy":4,"daycareplus:item/daycare_spark":5,"daycareplus:item/daycare_booster":6,"daycareplus:item/shiny_booster":7,"daycareplus:item/copper_incubator_full":8,"daycareplus:item/copper_incubator":9,"daycareplus:item/iron_incubator_full":10,"daycareplus:item/iron_incubator":11,"daycareplus:item/gold_incubator_full":12,"daycareplus:item/gold_incubator":13,"daycareplus:item/diamond_incubator_full":14,"daycareplus:item/diamond_incubator":15,"daycareplus:item/netherite_incubator_full":16,"daycareplus:item/netherite_incubator":17}}