{
  "species": "cobblemon:slowbro",
  "order": 4,
  "variations": [
    {
      "aspects": ["mega", "radiant-radiant"],
      "texture": "cobblemon:textures/pokemon/0080_slowbro/slowbro_mega_radiant.png"
    },
    {
      "aspects": ["mega", "galarian", "radiant-radiant"],
      "texture": "cobblemon:textures/pokemon/0080_slowbro/mega_galar_slowbro_radiant.png"
    },
    {
      "aspects": ["mega_y", "galarian", "radiant-radiant"],
      "texture": "cobblemon:textures/pokemon/0080_slowbro/slowbro_galarian_mega_radiant.png"
    }
  ]
}
