{
  "species": "cobblemon:armarouge",
  "order": 2,
  "variations": [
    {
      "aspects": ["shiny", "radiant-radiant"],
        "texture": {
          "frames": [
            "cobblemon:textures/pokemon/0936_armarouge/armarouge_1_radiant.png",
            "cobblemon:textures/pokemon/0936_armarouge/armarouge_2_radiant.png",
            "cobblemon:textures/pokemon/0936_armarouge/armarouge_3_radiant.png",
            "cobblemon:textures/pokemon/0936_armarouge/armarouge_4_radiant.png"
          ],
          "fps": 8,
          "loop": true
        },
      "layers": [
        {
          "name": "flame",
          "texture": {
            "frames": [
              "cobblemon:textures/pokemon/0936_armarouge/armarouge_emissive_1_radiant.png",
              "cobblemon:textures/pokemon/0936_armarouge/armarouge_emissive_2_radiant.png",
              "cobblemon:textures/pokemon/0936_armarouge/armarouge_emissive_3_radiant.png",
              "cobblemon:textures/pokemon/0936_armarouge/armarouge_emissive_4_radiant.png"
            ],
            "fps": 8,
            "loop": true
          },
          "emissive": true,
          "translucent": true
        }
      ]
    }
  ]
}
