{
	"format_version": "1.10.0",
	"particle_effect": {
		"description": {
			"identifier": "cobblemon:radiantsparkle",
			"basic_render_parameters": {
				"material": "particles_alpha",
				"texture": "textures/pink_sparkle"
			}
		},
		"components": {
			"minecraft:emitter_local_space": {
				"position": true,
				"rotation": true,
				"velocity": true
			},
			"minecraft:emitter_rate_steady": {
				"spawn_rate": 10,
				"max_particles": 10
			},
			"minecraft:emitter_lifetime_once": {
				"active_time": 1
			},
			"minecraft:emitter_shape_sphere": {
				"offset": [0, 1, 0],
				"radius": 1.5,
				"surface_only": true,
				"direction": "outwards"
			},
			"minecraft:particle_lifetime_expression": {
				"max_lifetime": 0.45
			},
			"minecraft:particle_expire_if_not_in_blocks": ["minecraft:air"],
			"minecraft:particle_initial_speed": 0.1,
			"minecraft:particle_appearance_billboard": {
				"size": [0.2, 0.2],
				"facing_camera_mode": "rotate_xyz",
				"uv": {
					"texture_width": 8,
					"texture_height": 32,
					"flipbook": {
						"base_UV": [0, 0],
						"size_UV": [8, 8],
						"step_UV": [0, 8],
						"frames_per_second": 10,
						"max_frame": 4
					}
				}
			}
		}
	}
}