{
	"format_version": "1.10.0",
	"particle_effect": {
		"description": {
			"identifier": "cobblemon:radiantsparklesplash",
			"basic_render_parameters": {
				"material": "particles_alpha",
				"texture": "textures/pink_sparkle"
			}
		},
		"components": {
			"minecraft:emitter_local_space": {
				"position": true,
				"rotation": true,
				"velocity": true
			},
			"minecraft:emitter_rate_instant": {
				"num_particles": 50
			},
			"minecraft:emitter_lifetime_once": {
				"active_time": 2
			},
			"minecraft:emitter_shape_sphere": {
				"offset": [0, 1, 0],
				"radius": 0.35,
				"surface_only": true,
				"direction": "outwards"
			},
			"minecraft:particle_lifetime_expression": {
				"max_lifetime": 0.6
			},
			"minecraft:particle_expire_if_not_in_blocks": ["minecraft:air"],
			"minecraft:particle_initial_spin": {
				"rotation": 20
			},
			"minecraft:particle_initial_speed": 5,
			"minecraft:particle_motion_dynamic": {
				"linear_acceleration": [0, 5, 0],
				"linear_drag_coefficient": 0.2
			},
			"minecraft:particle_appearance_billboard": {
				"size": [0.2, 0.2],
				"facing_camera_mode": "rotate_xyz",
				"uv": {
					"texture_width": 8,
					"texture_height": 32,
					"flipbook": {
						"base_UV": [0, 0],
						"size_UV": [8, 8],
						"step_UV": [0, 8],
						"frames_per_second": 10,
						"max_frame": 4,
						"stretch_to_lifetime": true
					}
				}
			},
			"minecraft:particle_motion_collision": {
				"expire_on_contact": true
			}
		}
	}
}