{
    "pokemon": {
        "species": "charizard",
        "moves": [
            "flareblitz",
            "slash",
            "dragonclaw",
            "airslash"
        ]
    },
    "raid_tier": "TIER_SEVEN",
    "raid_type": "FIRE",
    "weight": 10.0,
    "raid_feature": "MEGA",
    "loot_table": "cobblemonraiddens:raid/boss/charizard_mega_x",
    "boss": {
        "custom_properties": [
            {
                "name": "mega_evolution",
                "value": "mega_x"
            }
        ]
    }
}