{
    "pokemon": {
        "species": "kyogre",
        "moves": [
            "originpulse",
            "hydropump",
            "icebeam",
            "ancientpower"
        ]
    },
    "raid_tier": "TIER_SEVEN",
    "raid_type": "WATER",
    "weight": 20.0,
    "loot_table": "cobblemonraiddens:raid/boss/kyogre_primal",
    "raid_feature": "MEGA",
    "boss": {
        "custom_properties": [
            {
                "name": "reversion_state",
                "value": "primal"
            }
        ]
    }
}