{
    "pokemon": {
        "species": "mewtwo",
        "moves": [
            "futuresight",
            "swift",
            "ancientpower",
            "aurasphere"
        ]
    },
    "raid_tier": "TIER_SEVEN",
    "raid_type": "PSYCHIC",
    "weight": 10.0,
    "raid_feature": "MEGA",
    "loot_table": "cobblemonraiddens:raid/boss/mewtwo_mega_x",
    "boss": {
        "custom_properties": [
            {
                "name": "mega_evolution",
                "value": "mega_x"
            }
        ]
    }
}