{"species":"cobblemon:unown",
"order":2,
"variations":
[{"aspects":["shiny", "radiant-radiant"],"texture":"cobblemon:textures/pokemon/0201_unown/unown_a_radiant.png"},
{"aspects":["character-b","shiny", "radiant-radiant"],"texture":"cobblemon:textures/pokemon/0201_unown/unown_b_radiant.png"},
{"aspects":["character-c","shiny", "radiant-radiant"],"texture":"cobblemon:textures/pokemon/0201_unown/unown_c_radiant.png"},
{"aspects":["character-d","shiny", "radiant-radiant"],"texture":"cobblemon:textures/pokemon/0201_unown/unown_d_radiant.png"},
{"aspects":["character-e","shiny", "radiant-radiant"],"texture":"cobblemon:textures/pokemon/0201_unown/unown_e_radiant.png"},
{"aspects":["character-f","shiny", "radiant-radiant"],"texture":"cobblemon:textures/pokemon/0201_unown/unown_f_radiant.png"},
{"aspects":["character-g","shiny", "radiant-radiant"],"texture":"cobblemon:textures/pokemon/0201_unown/unown_g_radiant.png"},
{"aspects":["character-h","shiny", "radiant-radiant"],"texture":"cobblemon:textures/pokemon/0201_unown/unown_h_radiant.png"},
{"aspects":["character-i","shiny", "radiant-radiant"],"texture":"cobblemon:textures/pokemon/0201_unown/unown_i_radiant.png"},
{"aspects":["character-j","shiny", "radiant-radiant"],"texture":"cobblemon:textures/pokemon/0201_unown/unown_j_radiant.png"},
{"aspects":["character-k","shiny", "radiant-radiant"],"texture":"cobblemon:textures/pokemon/0201_unown/unown_k_radiant.png"},
{"aspects":["character-l","shiny", "radiant-radiant"],"texture":"cobblemon:textures/pokemon/0201_unown/unown_l_radiant.png"},
{"aspects":["character-m","shiny", "radiant-radiant"],"texture":"cobblemon:textures/pokemon/0201_unown/unown_m_radiant.png"},
{"aspects":["character-n","shiny", "radiant-radiant"],"texture":"cobblemon:textures/pokemon/0201_unown/unown_n_radiant.png"},
{"aspects":["character-o","shiny", "radiant-radiant"],"texture":"cobblemon:textures/pokemon/0201_unown/unown_o_radiant.png"},
{"aspects":["character-p","shiny", "radiant-radiant"],"texture":"cobblemon:textures/pokemon/0201_unown/unown_p_radiant.png"},
{"aspects":["character-q","shiny", "radiant-radiant"],"texture":"cobblemon:textures/pokemon/0201_unown/unown_q_radiant.png"},
{"aspects":["character-r","shiny", "radiant-radiant"],"texture":"cobblemon:textures/pokemon/0201_unown/unown_r_radiant.png"},
{"aspects":["character-s","shiny", "radiant-radiant"],"texture":"cobblemon:textures/pokemon/0201_unown/unown_s_radiant.png"},
{"aspects":["character-t","shiny", "radiant-radiant"],"texture":"cobblemon:textures/pokemon/0201_unown/unown_t_radiant.png"},
{"aspects":["character-u","shiny", "radiant-radiant"],"texture":"cobblemon:textures/pokemon/0201_unown/unown_u_radiant.png"},
{"aspects":["character-v","shiny", "radiant-radiant"],"texture":"cobblemon:textures/pokemon/0201_unown/unown_v_radiant.png"},
{"aspects":["character-w","shiny", "radiant-radiant"],"texture":"cobblemon:textures/pokemon/0201_unown/unown_w_radiant.png"},
{"aspects":["character-x","shiny", "radiant-radiant"],"texture":"cobblemon:textures/pokemon/0201_unown/unown_x_radiant.png"},
{"aspects":["character-y","shiny", "radiant-radiant"],"texture":"cobblemon:textures/pokemon/0201_unown/unown_y_radiant.png"},
{"aspects":["character-z","shiny", "radiant-radiant"],"texture":"cobblemon:textures/pokemon/0201_unown/unown_z_radiant.png"},
{"aspects":["character-?","shiny", "radiant-radiant"],"texture":"cobblemon:textures/pokemon/0201_unown/unown_question_radiant.png"},
{"aspects":["character-!","shiny", "radiant-radiant"],"texture":"cobblemon:textures/pokemon/0201_unown/unown_exclamation_radiant.png"}]}