{"parent":"minecraft:item/generated","textures":{"layer0":"minecraft:item/iron_nugget"},"overrides":[{"model":"daycareplus:item/pokemon_egg","predicate":{"custom_model_data":2}},{"model":"daycareplus:item/pokemon_egg_shiny","predicate":{"custom_model_data":3}},{"model":"daycareplus:item/fertility_candy","predicate":{"custom_model_data":4}},{"model":"daycareplus:item/daycare_spark","predicate":{"custom_model_data":5}},{"model":"daycareplus:item/daycare_booster","predicate":{"custom_model_data":6}},{"model":"daycareplus:item/shiny_booster","predicate":{"custom_model_data":7}},{"model":"daycareplus:item/copper_incubator_full","predicate":{"custom_model_data":8}},{"model":"daycareplus:item/copper_incubator","predicate":{"custom_model_data":9}},{"model":"daycareplus:item/iron_incubator_full","predicate":{"custom_model_data":10}},{"model":"daycareplus:item/iron_incubator","predicate":{"custom_model_data":11}},{"model":"daycareplus:item/gold_incubator_full","predicate":{"custom_model_data":12}},{"model":"daycareplus:item/gold_incubator","predicate":{"custom_model_data":13}},{"model":"daycareplus:item/diamond_incubator_full","predicate":{"custom_model_data":14}},{"model":"daycareplus:item/diamond_incubator","predicate":{"custom_model_data":15}},{"model":"daycareplus:item/netherite_incubator_full","predicate":{"custom_model_data":16}},{"model":"daycareplus:item/netherite_incubator","predicate":{"custom_model_data":17}}]}