{
  "species": "cobblemon:darmanitan",
  "order": 2,
  "variations": [
    {
      "aspects": ["shiny", "radiant-radiant"],
      "texture": "cobblemon:textures/pokemon/0555_darmanitan/darmanitan_radiant.png",
      "layers": [
        {
          "name": "emissive",
          "texture": "cobblemon:textures/pokemon/0555_darmanitan/darmanitan_emissive_radiant.png",
          "emissive": true
        }
      ]
    },
    {
      "aspects": ["shiny", "radiant-radiant", "zen-mode"],
      "texture": "cobblemon:textures/pokemon/0555_darmanitan/darmanitan_zen_radiant.png",
       "layers": [
        {
          "name": "emissive",
          "texture": "cobblemon:textures/pokemon/0555_darmanitan/darmanitan_zen_emissive_radiant.png",
          "emissive": true  
    }
  ]
}
  ]
}