{
    "pokemon": {
        "species": "arceus",
        "moves": [
            "judgment",
            "earthpower",
            "futuresight",
            "extremespeed"
        ]
    },
    "raid_tier": "TIER_SEVEN",
    "raid_type": "DARK",
    "weight": 1.0,
    "loot_table": "cobblemonraiddens:raid/boss/arceus_dark",
    "boss": {
        "custom_properties": [
            {
                "name": "multitype",
                "value": "dark"
            }
        ]
    }
}