{
    "pokemon": {
        "species": "calyrex",
        "moves": [
            "confusion",
            "energyball",
            "nastyplot",
            "psychic"
        ]
    },
    "raid_tier": "TIER_SEVEN",
    "raid_type": "GHOST",
    "weight": 10.0,
    "loot_table": "cobblemonraiddens:raid/boss/calyrex_shadowrider",
    "boss": {
        "moves": [
            "astralbarrage",
            "energyball",
            "nastyplot",
            "psychic"
        ],
        "custom_properties": [
            {
                "name": "king_steed",
                "value": "shadow"
            }
        ]
    }
}