{
    "pokemon": {
        "species": "hoopa",
        "moves": [
            "hyperspacehole",
            "psychic",
            "shadowball",
            "darkpulse"
        ]
    },
    "raid_tier": "TIER_SEVEN",
    "raid_type": "PSYCHIC",
    "weight": 20.0,
    "loot_table": "cobblemonraiddens:raid/boss/hoopa",
    "boss": {
        "custom_properties": [
            {
                "name": "djinn_state",
                "value": "unbound"
            }
        ]
    }
}