{
    "pokemon": {
        "species": "kyurem",
        "moves": [
            "glaciate",
            "dragonpulse",
            "icebeam",
            "hypervoice"
        ]
    },
    "raid_tier": "TIER_SEVEN",
    "raid_type": "DRAGON",
    "weight": 10.0,
    "loot_table": "cobblemonraiddens:raid/boss/kyurem_white",
    "boss": {
        "moves": [
            "fusionflare",
            "dragonpulse",
            "icebeam",
            "hypervoice"
        ],
        "custom_properties": [
            {
                "name": "absofusion",
                "value": "white"
            }
        ]
    }
}