{
    "pokemon": {
        "species": "ogerpon",
        "moves": [
            "woodhammer",
            "superpower",
            "ivycudgel",
            "throatchop"
        ]
    },
    "raid_tier": "TIER_SEVEN",
    "raid_type": "GRASS",
    "weight": 20.0,
    "loot_table": "cobblemonraiddens:raid/boss/ogerpon",
    "boss": {
        "custom_properties": [
            {
                "name": "ogre_mask",
                "value": "teal"
            }
        ]
    }
}