{
    "pokemon": {
        "species": "shaymin",
        "moves": [
            "seedflare",
            "energyball",
            "playrough",
            "airslash"
        ]
    },
    "raid_tier": "TIER_SEVEN",
    "raid_type": "GRASS",
    "weight": 10.0,
    "loot_table": "cobblemonraiddens:raid/boss/shaymin_sky",
    "boss": {
        "custom_properties": [
            {
                "name": "gracidea_forme",
                "value": "sky"
            }
        ]
    }
}