{
    "pokemon": {
        "species": "silvally",
        "moves": [
            "multiattack",
            "xscissor",
            "crushclaw",
            "crunch"
        ]
    },
    "raid_tier": "TIER_SEVEN",
    "raid_type": "FIRE",
    "weight": 1.0,
    "loot_table": "cobblemonraiddens:raid/boss/silvally_fire",
    "boss": {
        "custom_properties": [
            {
                "name": "rks_memory",
                "value": "fire"
            }
        ]
    }
}