{
    "pokemon": {
        "species": "terapagos",
        "moves": [
            "doubleedge",
            "terastarstorm",
            "earthpower",
            "triattack"
        ]
    },
    "raid_tier": "TIER_SEVEN",
    "raid_type": "NORMAL",
    "weight": 20.0,
    "loot_table": "cobblemonraiddens:raid/boss/terapagos",
    "boss": {
        "custom_properties": [
            {
                "name": "terastal_form",
                "value": "terastal"
            }
        ]
    }
}