{
    "pokemon": {
        "species": "urshifu",
        "moves": [
            "surgingstrikes",
            "closecombat",
            "ironhead",
            "aerialace"
        ],
        "custom_properties": [
            {
                "value": "wushu_style",
                "name": "rapid_strike"
            }
        ]
    },
    "raid_tier": "TIER_SEVEN",
    "raid_type": "FIGHTING",
    "weight": 20.0,
    "loot_table": "cobblemonraiddens:raid/boss/urshifu_rapid"
}