{
    "pokemon": {
        "species": "zygarde",
        "moves": [
            "thousandarrows",
            "crunch",
            "earthquake",
            "coreenforcer"
        ]
    },
    "raid_tier": "TIER_SEVEN",
    "raid_type": "DRAGON",
    "weight": 20.0,
    "loot_table": "cobblemonraiddens:raid/boss/zygarde",
    "boss": {
        "custom_properties": [
            {
                "name": "power-construct",
                "value": true
            },
            {
                "name": "power_construct",
                "value": true
            },
            {
                "name": "percent_cells",
                "value": "complete"
            }
        ]
    }
}