{
  "exclude": [
    "cobblemonraiddens:arceus_bug",
    "cobblemonraiddens:arceus_dark",
    "cobblemonraiddens:arceus_dragon",
    "cobblemonraiddens:arceus_electric",
    "cobblemonraiddens:arceus_fairy",
    "cobblemonraiddens:arceus_fighting",
    "cobblemonraiddens:arceus_fire",
    "cobblemonraiddens:arceus_flying",
    "cobblemonraiddens:arceus_ghost",
    "cobblemonraiddens:arceus_grass",
    "cobblemonraiddens:arceus_ground",
    "cobblemonraiddens:arceus_ice",
    "cobblemonraiddens:arceus_normal",
    "cobblemonraiddens:arceus_poison",
    "cobblemonraiddens:arceus_psychic",
    "cobblemonraiddens:arceus_rock",
    "cobblemonraiddens:arceus_steel",
    "cobblemonraiddens:arceus_water",
    "cobblemonraiddens:ogerpon",
    "cobblemonraiddens:silvally_bug",
    "cobblemonraiddens:silvally_dark",
    "cobblemonraiddens:silvally_dragon",
    "cobblemonraiddens:silvally_electric",
    "cobblemonraiddens:silvally_fairy",
    "cobblemonraiddens:silvally_fighting",
    "cobblemonraiddens:silvally_fire",
    "cobblemonraiddens:silvally_flying",
    "cobblemonraiddens:silvally_ghost",
    "cobblemonraiddens:silvally_grass",
    "cobblemonraiddens:silvally_ground",
    "cobblemonraiddens:silvally_ice",
    "cobblemonraiddens:silvally_normal",
    "cobblemonraiddens:silvally_poison",
    "cobblemonraiddens:silvally_psychic",
    "cobblemonraiddens:silvally_rock",
    "cobblemonraiddens:silvally_steel",
    "cobblemonraiddens:silvally_water",
    "cobblemonraiddens:terapagos"
  ],
  "additions": {
    "raid_feature": "TERA",
    "raid_type": "STELLAR",
    "weight": 0.05
  },
  "replace": false,
  "suffix": "stellar"
}